{"instance_info": {"installation_ordering": "Random", "number_of_installations": 0, "weather_scenario": 0, "fleet_size": 2, "order_composition": {"1": {"order": "MD_VFB", "size": 15.0, "installation": 18, "node": 1}, "2": {"order": "OD_VFB", "size": 11.25, "installation": 18, "node": 2}, "3": {"order": "MD_VMO", "size": 18.75, "installation": 16, "node": 3}, "4": {"order": "OP_VMO", "size": 11.25, "installation": 16, "node": 4}, "5": {"order": "MD_TRO", "size": 11.25, "installation": 1, "node": 5}, "6": {"order": "OD_TRO", "size": 11.25, "installation": 1, "node": 6}, "7": {"order": "MD_HUL", "size": 15.0, "installation": 20, "node": 7}, "8": {"order": "OP_HUL", "size": 10.0, "installation": 20, "node": 8}, "9": {"order": "MD_SOD", "size": 22.5, "installation": 27, "node": 9}, "10": {"order": "OD_SOD", "size": 18.75, "installation": 27, "node": 10}}}, "voyages": {"0": {"0": [1, [63, 88, 94], 10.0, [82.5, 0], [669.3383333333335, 0.0]], "1": [2, [94, 94, 99], 0, [67.49999999999997, 0], [58.650000000000006, 0.0]], "2": [7, [99, 101, 107], 11.0, [56.2499999999999, 0], [134.15708333333333, 0.0]], "3": [4, [121, 121, 122], 0, [22.499999999999904, 9.999999999999998], [11.73, 0.0]], "4": [5, [122, 140, 145], 10.0, [22.499999999999904, 21.249999999999982], [489.9000000000002, 0.0]], "5": [6, [145, 145, 150], 0, [11.25, 21.249999999992937], [58.650000000000006, 0.0]], "6": [11, [150, 167, 167], 10.0, [0, 21.249999999992937], [407.2916666666668, 0.0]], "7": [8, [107, 107, 108], 0, [41.2499999999999, 0], [11.73, 0.0]], "8": [3, [108, 113, 121], 10.0, [41.2499999999999, 10.0], [213.63166666666672, 0.0]]}, "1": {"0": [9, [63, 78, 87], 10.0, [41.25, 0], [464.9450000000001, 0.0]], "9": [10, [87, 87, 95], 0, [18.75, 0], [93.84, 0.0]], "10": [11, [95, 110, 110], 10.0, [0, 0], [359.3750000000001, 0.0]]}, "2": {"0": [11, [63, 63, 63], 0, [0, 0], [0, 0]]}}, "order_fulfillment": {"postponed_orders": [], "serviced_orders": [1, 2, 3, 4, 5, 6, 7, 8, 9, 10]}, "vessels": {"fleet_vessels": 2, "chartered_vessels": 0}, "objective": {"objective_bound": 2973.2387, "fuel_costs": 2973.2388, "charter_costs": 0.0, "penalty_costs": 0.0, "optimality_gap": 0.0}, "variables": {"number_of_variables": 83721, "number_of_bin_variables": 83649, "number_of_arcs": 83613, "number_of_cont_variables": 72}, "runtime": {"preprocess_runtime": 7.5339, "model_runtime": 61.6833}}