{"instance_info": {"installation_ordering": "Random", "number_of_installations": 5, "weather_scenario": 2, "fleet_size": 2, "order_composition": {"1": {"order": "MD_WEL", "size": 15.0, "installation": 17, "node": 1}, "2": {"order": "OD_WEL", "size": 15.0, "installation": 17, "node": 2}, "3": {"order": "MD_SEQ", "size": 20.0, "installation": 7, "node": 3}, "4": {"order": "OP_SEQ", "size": 25.0, "installation": 7, "node": 4}, "5": {"order": "MD_OSB", "size": 7.5, "installation": 9, "node": 5}, "6": {"order": "OD_OSB", "size": 11.25, "installation": 9, "node": 6}, "7": {"order": "MD_STB", "size": 13.125, "installation": 22, "node": 7}, "8": {"order": "OP_STB", "size": 26.25, "installation": 22, "node": 8}, "9": {"order": "MD_TRO", "size": 22.5, "installation": 1, "node": 9}, "10": {"order": "OD_TRO", "size": 18.75, "installation": 1, "node": 10}}}, "voyages": {"0": {"0": [1, [63, 95, 101], 10.0, [43.125, 0], [999.4109500000002, 0.0]], "1": [2, [101, 101, 107], 0, [28.125, 0], [118.94220000000003, 0.0]], "2": [7, [107, 114, 120], 10.0, [13.125, 0], [328.57761666666676, 0.0]], "7": [8, [120, 120, 121], 0, [0, 0], [19.823700000000002, 0.0]], "8": [11, [121, 160, 160], 10.0, [0, 26.25], [1202.194940476191, 0.0]]}, "1": {"0": [3, [63, 79, 87], 10.0, [80.0, 0], [559.8916833333335, 0.0]], "3": [4, [87, 87, 88], 0, [60.0, 0], [19.823700000000002, 0.0]], "4": [5, [88, 102, 105], 10.0, [60.0, 25.0], [478.7419333333335, 0.0]], "5": [6, [105, 105, 110], 0, [52.50000000000178, 24.99999999999946], [99.11850000000003, 0.0]], "6": [9, [110, 121, 132], 10.0, [41.25, 24.99999999999946], [529.3683833333334, 0.0]], "9": [10, [132, 132, 140], 0, [18.75, 24.999999999999048], [158.58960000000002, 0.0]], "10": [11, [140, 157, 157], 10.0, [0, 24.999999999999034], [530.5059523809525, 0.0]]}, "2": {"0": [11, [63, 63, 63], 0, [0, 0], [0, 0]]}}, "order_fulfillment": {"postponed_orders": [], "serviced_orders": [1, 2, 3, 4, 5, 6, 7, 8, 9, 10]}, "vessels": {"fleet_vessels": 2, "chartered_vessels": 0}, "objective": {"objective_bound": 5044.9892, "fuel_costs": 5044.9892, "charter_costs": 0.0, "penalty_costs": 0.0, "optimality_gap": 0.0}, "variables": {"number_of_variables": 15990, "number_of_bin_variables": 15918, "number_of_arcs": 15882, "number_of_cont_variables": 72}, "runtime": {"preprocess_runtime": 2.5044, "model_runtime": 3.3236}}