{"instance_info": {"installation_ordering": "Random", "number_of_installations": 5, "weather_scenario": 2, "fleet_size": 2, "order_composition": {"1": {"order": "MD_VFB", "size": 7.5, "installation": 18, "node": 1}, "2": {"order": "OD_VFB", "size": 15.0, "installation": 18, "node": 2}, "3": {"order": "MD_VMO", "size": 18.75, "installation": 16, "node": 3}, "4": {"order": "OP_VMO", "size": 7.5, "installation": 16, "node": 4}, "5": {"order": "MD_TRO", "size": 18.75, "installation": 1, "node": 5}, "6": {"order": "OD_TRO", "size": 22.5, "installation": 1, "node": 6}, "7": {"order": "MD_HUL", "size": 10.0, "installation": 20, "node": 7}, "8": {"order": "OP_HUL", "size": 10.0, "installation": 20, "node": 8}, "9": {"order": "MD_SOD", "size": 22.5, "installation": 27, "node": 9}, "10": {"order": "OD_SOD", "size": 15.0, "installation": 27, "node": 10}}}, "voyages": {"0": {"0": [9, [63, 78, 87], 10.0, [37.5, 0], [549.7674666666668, 0.0]], "9": [10, [87, 87, 93], 0, [15.0, 0], [118.94220000000003, 0.0]], "10": [11, [93, 108, 108], 10.0, [0, 0], [449.2187500000001, 0.0]]}, "1": {"0": [3, [63, 95, 103], 10.0, [92.5, 0], [1039.0583500000002, 0.0]], "1": [2, [119, 119, 125], 0, [56.24999999999865, 17.499999999999986], [118.94220000000003, 0.0]], "2": [5, [125, 133, 141], 12.0, [41.249999999999076, 17.499999999999986], [556.0296000000001, 0.0]], "3": [4, [103, 103, 104], 0, [73.7499999999994, 0], [19.823700000000002, 0.0]], "4": [7, [104, 109, 113], 10.0, [73.74999999999861, 7.5], [229.03438333333338, 0.0]], "5": [6, [141, 141, 150], 0, [22.5, 17.499999999999986], [178.41330000000002, 0.0]], "6": [11, [150, 167, 167], 10.0, [0, 17.499999999999986], [573.2886904761906, 0.0]], "7": [8, [113, 113, 114], 0, [63.74999999999861, 7.5], [19.823700000000002, 0.0]], "8": [1, [114, 116, 119], 11.0, [63.74999999999861, 17.5], [137.42086851851855, 0.0]]}, "2": {"0": [11, [63, 63, 63], 0, [0, 0], [0, 0]]}}, "order_fulfillment": {"postponed_orders": [], "serviced_orders": [1, 2, 3, 4, 5, 6, 7, 8, 9, 10]}, "vessels": {"fleet_vessels": 2, "chartered_vessels": 0}, "objective": {"objective_bound": 3989.7632, "fuel_costs": 3989.7632, "charter_costs": 0.0, "penalty_costs": 0.0, "optimality_gap": 0.0}, "variables": {"number_of_variables": 15990, "number_of_bin_variables": 15918, "number_of_arcs": 15882, "number_of_cont_variables": 72}, "runtime": {"preprocess_runtime": 2.4449, "model_runtime": 4.7496}}