{"instance_info": {"installation_ordering": "Random", "number_of_installations": 5, "weather_scenario": 1, "fleet_size": 2, "order_composition": {"1": {"order": "MD_STC", "size": 17.5, "installation": 23, "node": 1}, "2": {"order": "OD_STC", "size": 13.125, "installation": 23, "node": 2}, "3": {"order": "MD_TRB", "size": 15.0, "installation": 2, "node": 3}, "4": {"order": "OP_TRB", "size": 20.0, "installation": 2, "node": 4}, "5": {"order": "MD_SSC", "size": 11.25, "installation": 12, "node": 5}, "6": {"order": "OD_SSC", "size": 3.75, "installation": 12, "node": 6}, "7": {"order": "MD_GFC", "size": 17.5, "installation": 26, "node": 7}, "8": {"order": "OP_GFC", "size": 13.125, "installation": 26, "node": 8}, "9": {"order": "MD_SDO", "size": 30.0, "installation": 6, "node": 9}, "10": {"order": "OD_SDO", "size": 25.0, "installation": 6, "node": 10}}}, "voyages": {"0": {"0": [9, [63, 80, 92], 10.0, [55.0, 0], [609.9860666666668, 0.0]], "9": [10, [92, 92, 102], 0, [25.0, 0], [168.91199999999998, 0.0]], "10": [11, [102, 119, 119], 10.0, [0, 0], [407.2916666666668, 0.0]]}, "1": {"0": [1, [63, 101, 108], 10.0, [78.125, 0], [1028.655066666667, 0.0]], "1": [2, [108, 108, 114], 0, [60.625, 0], [101.34719999999999, 0.0]], "2": [7, [114, 118, 125], 10.0, [47.5, 0], [214.07173333333336, 0.0]], "3": [4, [159, 159, 160], 0, [0, 13.125], [19.823700000000002, 0.0]], "4": [11, [160, 178, 178], 10.0, [0, 33.125], [539.0625000000002, 0.0]], "5": [6, [145, 145, 147], 0, [18.75, 13.125], [39.647400000000005, 0.0]], "6": [3, [147, 153, 159], 10.0, [15.0, 13.125], [298.62970000000007, 0.0]], "7": [8, [125, 125, 126], 0, [30.0, 0], [16.8912, 0.0]], "8": [5, [126, 140, 145], 10.0, [30.0, 13.125], [506.41016666666684, 0.0]]}, "2": {"0": [11, [63, 63, 63], 0, [0, 0], [0, 0]]}}, "order_fulfillment": {"postponed_orders": [], "serviced_orders": [1, 2, 3, 4, 5, 6, 7, 8, 9, 10]}, "vessels": {"fleet_vessels": 2, "chartered_vessels": 0}, "objective": {"objective_bound": 3950.7284, "fuel_costs": 3950.7284, "charter_costs": 0.0, "penalty_costs": 0.0, "optimality_gap": 0.0}, "variables": {"number_of_variables": 66141, "number_of_bin_variables": 66069, "number_of_arcs": 66033, "number_of_cont_variables": 72}, "runtime": {"preprocess_runtime": 6.0403, "model_runtime": 40.4501}}