{"instance_info": {"installation_ordering": "Random", "number_of_installations": 5, "weather_scenario": 1, "fleet_size": 2, "order_composition": {"1": {"order": "MD_VFB", "size": 15.0, "installation": 18, "node": 1}, "2": {"order": "OD_VFB", "size": 11.25, "installation": 18, "node": 2}, "3": {"order": "MD_VMO", "size": 18.75, "installation": 16, "node": 3}, "4": {"order": "OP_VMO", "size": 11.25, "installation": 16, "node": 4}, "5": {"order": "MD_TRO", "size": 11.25, "installation": 1, "node": 5}, "6": {"order": "OD_TRO", "size": 11.25, "installation": 1, "node": 6}, "7": {"order": "MD_HUL", "size": 15.0, "installation": 20, "node": 7}, "8": {"order": "OP_HUL", "size": 10.0, "installation": 20, "node": 8}, "9": {"order": "MD_SOD", "size": 22.5, "installation": 27, "node": 9}, "10": {"order": "OD_SOD", "size": 18.75, "installation": 27, "node": 10}}}, "voyages": {"0": {"0": [1, [63, 88, 94], 10.0, [82.5, 0], [700.3055333333334, 0.0]], "1": [2, [94, 94, 99], 0, [67.50000000000124, 0], [84.45599999999999, 0.0]], "2": [7, [99, 101, 107], 11.0, [56.25000000000182, 0], [165.12428333333332, 0.0]], "3": [4, [121, 121, 122], 0, [22.4999999999998, 9.999999999999858], [16.8912, 0.0]], "4": [5, [122, 140, 145], 10.0, [22.499999999999844, 21.249999999999673], [602.2435000000002, 0.0]], "5": [6, [145, 145, 150], 0, [11.25, 21.24999999999936], [99.11850000000003, 0.0]], "6": [11, [150, 167, 167], 10.0, [0, 21.24999999999919], [509.1145833333335, 0.0]], "7": [8, [107, 107, 108], 0, [41.24999999999981, 0], [16.8912, 0.0]], "8": [3, [108, 113, 121], 10.0, [41.2499999999998, 10.0], [254.92126666666672, 0.0]]}, "1": {"0": [9, [63, 78, 87], 10.0, [41.25, 0], [511.3958000000001, 0.0]], "9": [10, [87, 87, 95], 0, [18.75, 0], [135.1296, 0.0]], "10": [11, [95, 110, 110], 10.0, [0, 0], [359.3750000000001, 0.0]]}, "2": {"0": [11, [63, 63, 63], 0, [0, 0], [0, 0]]}}, "order_fulfillment": {"postponed_orders": [], "serviced_orders": [1, 2, 3, 4, 5, 6, 7, 8, 9, 10]}, "vessels": {"fleet_vessels": 2, "chartered_vessels": 0}, "objective": {"objective_bound": 3454.9665, "fuel_costs": 3454.9665, "charter_costs": 0.0, "penalty_costs": 0.0, "optimality_gap": 0.0}, "variables": {"number_of_variables": 67509, "number_of_bin_variables": 67437, "number_of_arcs": 67401, "number_of_cont_variables": 72}, "runtime": {"preprocess_runtime": 5.9152, "model_runtime": 54.7728}}