{"instance_info": {"installation_ordering": "Random", "number_of_installations": 5, "weather_scenario": 2, "fleet_size": 2, "order_composition": {"1": {"order": "MD_STB", "size": 21.875, "installation": 22, "node": 1}, "2": {"order": "OD_STB", "size": 21.875, "installation": 22, "node": 2}, "3": {"order": "MD_GFC", "size": 26.25, "installation": 26, "node": 3}, "4": {"order": "OP_GFC", "size": 21.875, "installation": 26, "node": 4}, "5": {"order": "MD_SSC", "size": 3.75, "installation": 12, "node": 5}, "6": {"order": "OD_SSC", "size": 9.375, "installation": 12, "node": 6}, "7": {"order": "MD_OSC", "size": 15.0, "installation": 10, "node": 7}, "8": {"order": "OP_OSC", "size": 15.0, "installation": 10, "node": 8}, "9": {"order": "MD_STC", "size": 17.5, "installation": 23, "node": 9}, "10": {"order": "OD_STC", "size": 13.125, "installation": 23, "node": 10}}}, "voyages": {"0": {"0": [5, [63, 88, 90], 10.0, [28.125, 0], [710.4807333333335, 0.0]], "5": [6, [90, 90, 94], 0, [24.375, 0], [79.29480000000001, 0.0]], "6": [7, [94, 96, 102], 11.0, [15.0, 0], [196.89196851851855, 0.0]], "7": [8, [102, 102, 103], 0, [0, 0], [19.823700000000002, 0.0]], "8": [11, [103, 131, 131], 10.0, [0, 15.0], [838.541666666667, 0.0]]}, "1": {"0": [1, [63, 102, 111], 10.0, [100.625, 0], [1268.517466666667, 0.0]], "1": [2, [111, 111, 120], 0, [78.75, 0], [178.41330000000002, 0.0]], "2": [9, [120, 121, 128], 12.0, [56.875, 0], [188.44590000000002, 0.0]], "3": [4, [149, 149, 150], 0, [0, 0], [19.823700000000002, 0.0]], "4": [11, [150, 184, 184], 10.0, [0, 21.875], [1155.133928571429, 0.0]], "9": [10, [128, 128, 134], 0, [39.375, 0], [118.94220000000003, 0.0]], "10": [3, [134, 138, 149], 10.0, [26.25, 0], [337.85236666666674, 0.0]]}, "2": {"0": [11, [63, 63, 63], 0, [0, 0], [0, 0]]}}, "order_fulfillment": {"postponed_orders": [], "serviced_orders": [1, 2, 3, 4, 5, 6, 7, 8, 9, 10]}, "vessels": {"fleet_vessels": 2, "chartered_vessels": 0}, "objective": {"objective_bound": 5112.1617, "fuel_costs": 5112.1617, "charter_costs": 0.0, "penalty_costs": 0.0, "optimality_gap": 0.0}, "variables": {"number_of_variables": 17841, "number_of_bin_variables": 17769, "number_of_arcs": 17733, "number_of_cont_variables": 72}, "runtime": {"preprocess_runtime": 2.2629, "model_runtime": 4.2001}}