{"instance_info": {"installation_ordering": "Random", "number_of_installations": 5, "weather_scenario": 2, "fleet_size": 2, "order_composition": {"1": {"order": "MD_STC", "size": 8.75, "installation": 23, "node": 1}, "2": {"order": "OD_STC", "size": 8.75, "installation": 23, "node": 2}, "3": {"order": "MD_TRB", "size": 20.0, "installation": 2, "node": 3}, "4": {"order": "OP_TRB", "size": 15.0, "installation": 2, "node": 4}, "5": {"order": "MD_SSC", "size": 11.25, "installation": 12, "node": 5}, "6": {"order": "OD_SSC", "size": 11.25, "installation": 12, "node": 6}, "7": {"order": "MD_GFC", "size": 13.125, "installation": 26, "node": 7}, "8": {"order": "OP_GFC", "size": 13.125, "installation": 26, "node": 8}, "9": {"order": "MD_SDO", "size": 20.0, "installation": 6, "node": 9}, "10": {"order": "OD_SDO", "size": 25.0, "installation": 6, "node": 10}}}, "voyages": {"0": {"0": [9, [63, 80, 88], 10.0, [87.5, 0], [589.8396000000001, 0.0]], "3": [4, [131, 131, 132], 0, [0, 0], [19.823700000000002, 0.0]], "4": [11, [132, 150, 150], 10.0, [0, 15.0], [539.0625000000002, 0.0]], "5": [6, [111, 111, 116], 0, [31.25, 0], [99.11850000000003, 0.0]], "6": [3, [116, 122, 131], 10.0, [20.0, 0], [349.0411000000001, 0.0]], "9": [10, [88, 88, 98], 0, [67.50000000000003, 0], [198.23700000000005, 0.0]], "10": [5, [98, 106, 111], 10.0, [42.49999999999999, 0], [338.7018333333334, 0.0]]}, "1": {"0": [1, [63, 101, 105], 10.0, [30.625, 0], [1139.4510500000001, 0.0]], "1": [2, [105, 105, 109], 0, [21.875, 0], [79.29480000000001, 0.0]], "2": [7, [109, 113, 119], 10.0, [13.125, 0], [238.73386666666673, 0.0]], "7": [8, [119, 119, 120], 0, [0, 0], [19.823700000000002, 0.0]], "8": [11, [120, 154, 154], 10.0, [0, 13.125], [1026.7857142857147, 0.0]]}, "2": {"0": [11, [63, 63, 63], 0, [0, 0], [0, 0]]}}, "order_fulfillment": {"postponed_orders": [], "serviced_orders": [1, 2, 3, 4, 5, 6, 7, 8, 9, 10]}, "vessels": {"fleet_vessels": 2, "chartered_vessels": 0}, "objective": {"objective_bound": 4637.9134, "fuel_costs": 4637.9134, "charter_costs": 0.0, "penalty_costs": 0.0, "optimality_gap": 0.0}, "variables": {"number_of_variables": 15003, "number_of_bin_variables": 14931, "number_of_arcs": 14895, "number_of_cont_variables": 72}, "runtime": {"preprocess_runtime": 2.4795, "model_runtime": 3.6878}}