{"instance_info": {"installation_ordering": "Random", "number_of_installations": 5, "weather_scenario": 1, "fleet_size": 2, "order_composition": {"1": {"order": "MD_STB", "size": 13.125, "installation": 22, "node": 1}, "2": {"order": "OD_STB", "size": 21.875, "installation": 22, "node": 2}, "3": {"order": "MD_GFC", "size": 13.125, "installation": 26, "node": 3}, "4": {"order": "OP_GFC", "size": 17.5, "installation": 26, "node": 4}, "5": {"order": "MD_SSC", "size": 11.25, "installation": 12, "node": 5}, "6": {"order": "OD_SSC", "size": 5.625, "installation": 12, "node": 6}, "7": {"order": "MD_OSC", "size": 15.0, "installation": 10, "node": 7}, "8": {"order": "OP_OSC", "size": 15.0, "installation": 10, "node": 8}, "9": {"order": "MD_STC", "size": 13.125, "installation": 23, "node": 9}, "10": {"order": "OD_STC", "size": 26.25, "installation": 23, "node": 10}}}, "voyages": {"0": {"0": [9, [63, 101, 107], 10.0, [87.5, 0], [1011.7638666666669, 0.0]], "1": [2, [125, 125, 134], 0, [35.0, 0], [169.61580000000004, 0.0]], "2": [3, [134, 139, 145], 10.0, [13.125, 0], [268.6817833333334, 0.0]], "3": [4, [145, 145, 146], 0, [0, 0], [19.823700000000002, 0.0]], "4": [11, [146, 180, 180], 10.0, [0, 17.5], [1018.229166666667, 0.0]], "9": [10, [107, 107, 118], 0, [74.375, 0], [185.8032, 0.0]], "10": [1, [118, 119, 125], 12.0, [48.125, 0], [142.7472, 0.0]]}, "1": {"0": [5, [63, 88, 93], 10.0, [31.875, 0], [683.4143333333335, 0.0]], "5": [6, [93, 93, 96], 0, [20.625, 0], [50.67359999999999, 0.0]], "6": [7, [96, 98, 104], 11.0, [15.0, 0], [165.12428333333332, 0.0]], "7": [8, [104, 104, 105], 0, [0, 0], [16.8912, 0.0]], "8": [11, [105, 133, 133], 10.0, [0, 15.0], [700.7812500000002, 0.0]]}, "2": {"0": [11, [63, 63, 63], 0, [0, 0], [0, 0]]}}, "order_fulfillment": {"postponed_orders": [], "serviced_orders": [1, 2, 3, 4, 5, 6, 7, 8, 9, 10]}, "vessels": {"fleet_vessels": 2, "chartered_vessels": 0}, "objective": {"objective_bound": 4433.5494, "fuel_costs": 4433.5494, "charter_costs": 0.0, "penalty_costs": 0.0, "optimality_gap": 0.0}, "variables": {"number_of_variables": 77886, "number_of_bin_variables": 77814, "number_of_arcs": 77778, "number_of_cont_variables": 72}, "runtime": {"preprocess_runtime": 5.8126, "model_runtime": 110.4349}}