{"instance_info": {"installation_ordering": "Random", "number_of_installations": 0, "weather_scenario": 0, "fleet_size": 2, "order_composition": {"1": {"order": "MD_STB", "size": 17.5, "installation": 22, "node": 1}, "2": {"order": "OD_STB", "size": 13.125, "installation": 22, "node": 2}, "3": {"order": "MD_GFC", "size": 17.5, "installation": 26, "node": 3}, "4": {"order": "OP_GFC", "size": 17.5, "installation": 26, "node": 4}, "5": {"order": "MD_SSC", "size": 5.625, "installation": 12, "node": 5}, "6": {"order": "OD_SSC", "size": 5.625, "installation": 12, "node": 6}, "7": {"order": "MD_OSC", "size": 15.0, "installation": 10, "node": 7}, "8": {"order": "OP_OSC", "size": 11.25, "installation": 10, "node": 8}, "9": {"order": "MD_STC", "size": 21.875, "installation": 23, "node": 9}, "10": {"order": "OD_STC", "size": 17.5, "installation": 23, "node": 10}, "11": {"order": "MD_SDO", "size": 25.0, "installation": 6, "node": 11}, "12": {"order": "OP_SDO", "size": 15.0, "installation": 6, "node": 12}}}, "voyages": {"0": {"0": [9, [63, 101, 110], 10.0, [87.5, 0], [1015.986666666667, 0.0]], "1": [2, [125, 125, 131], 0, [30.62499999999976, 0], [70.38000000000001, 0.0]], "2": [3, [131, 136, 143], 10.0, [17.4999999999999, 0], [201.9016666666667, 0.0]], "3": [4, [143, 143, 144], 0, [0, 0], [11.73, 0.0]], "4": [13, [144, 178, 178], 10.0, [0, 17.5], [814.5833333333336, 0.0]], "9": [10, [110, 110, 117], 0, [65.62499999999929, 0], [82.11000000000001, 0.0]], "10": [1, [117, 118, 125], 12.0, [48.12499999999939, 0], [123.51000000000002, 0.0]]}, "1": {"0": [11, [63, 80, 90], 10.0, [51.25, 0], [524.5916666666668, 0.0]], "5": [6, [102, 102, 105], 0, [20.624999999999588, 14.999999999999531], [35.190000000000005, 0.0]], "6": [7, [105, 107, 113], 11.0, [14.999999999999886, 14.999999999999531], [134.15708333333333, 0.0]], "7": [8, [113, 113, 114], 0, [0, 14.999999999999432], [11.73, 0.0]], "8": [13, [114, 142, 142], 10.0, [0, 26.249999999999375], [670.8333333333336, 0.0]], "11": [12, [90, 90, 91], 0, [26.24999999999867, 0], [11.73, 0.0]], "12": [5, [91, 99, 102], 10.0, [26.249999999998828, 15.0], [226.8566666666667, 0.0]]}, "2": {"0": [13, [63, 63, 63], 0, [0, 0], [0, 0]]}}, "order_fulfillment": {"postponed_orders": [], "serviced_orders": [1, 2, 3, 4, 5, 6, 7, 8, 9, 10, 11, 12]}, "vessels": {"fleet_vessels": 2, "chartered_vessels": 0}, "objective": {"objective_bound": 3935.2904, "fuel_costs": 3935.2904, "charter_costs": 0.0, "penalty_costs": 0.0, "optimality_gap": 0.0}, "variables": {"number_of_variables": 148320, "number_of_bin_variables": 148236, "number_of_arcs": 148194, "number_of_cont_variables": 84}, "runtime": {"preprocess_runtime": 10.7699, "model_runtime": 215.4605}}