{"instance_info": {"installation_ordering": "Random", "number_of_installations": 6, "weather_scenario": 1, "fleet_size": 2, "order_composition": {"1": {"order": "MD_WEL", "size": 15.0, "installation": 17, "node": 1}, "2": {"order": "OD_WEL", "size": 11.25, "installation": 17, "node": 2}, "3": {"order": "MD_SEQ", "size": 25.0, "installation": 7, "node": 3}, "4": {"order": "OP_SEQ", "size": 20.0, "installation": 7, "node": 4}, "5": {"order": "MD_OSB", "size": 22.5, "installation": 9, "node": 5}, "6": {"order": "OD_OSB", "size": 11.25, "installation": 9, "node": 6}, "7": {"order": "MD_STB", "size": 21.875, "installation": 22, "node": 7}, "8": {"order": "OP_STB", "size": 17.5, "installation": 22, "node": 8}, "9": {"order": "MD_TRO", "size": 15.0, "installation": 1, "node": 9}, "10": {"order": "OD_TRO", "size": 18.75, "installation": 1, "node": 10}, "11": {"order": "MD_SEN", "size": 30.0, "installation": 5, "node": 11}, "12": {"order": "OP_SEN", "size": 25.0, "installation": 5, "node": 12}}}, "voyages": {"0": {"0": [3, [63, 79, 89], 10.0, [92.499995565045, 0], [552.2453333333334, 0.0]], "3": [4, [89, 89, 90], 0, [67.49984772618441, 0], [16.8912, 0.0]], "4": [5, [90, 104, 113], 10.0, [67.49989373343531, 19.999945638678884], [487.4374666666668, 0.0]], "5": [6, [113, 113, 118], 0, [44.999894013972735, 19.999899570331337], [84.45599999999999, 0.0]], "6": [9, [118, 129, 135], 10.0, [33.74993980179731, 19.99985378250676], [388.4734500000001, 0.0]], "9": [10, [135, 135, 143], 0, [18.749946234285034, 19.999807719682195], [158.58960000000002, 0.0]], "10": [13, [143, 160, 160], 10.0, [0, 19.99976180596299], [509.1145833333335, 0.0]]}, "1": {"0": [1, [63, 95, 101], 10.0, [78.125004432955, 0], [868.0138666666669, 0.0]], "1": [2, [101, 101, 106], 0, [63.12485895356538, 0], [84.45599999999999, 0.0]], "2": [7, [106, 113, 122], 10.0, [51.87490290612305, 0], [319.7291333333334, 0.0]], "7": [8, [122, 122, 123], 0, [29.99991206704932, 0], [16.8912, 0.0]], "8": [11, [123, 144, 156], 10.0, [29.99995602772179, 17.49994871058649], [836.8427333333336, 0.0]], "11": [12, [156, 156, 157], 0, [0, 17.499904738308278], [19.823700000000002, 0.0]], "12": [13, [157, 174, 174], 10.0, [0, 42.49986129103003], [509.1145833333335, 0.0]]}, "2": {"0": [13, [63, 63, 63], 0, [0, 0], [0, 0]]}}, "order_fulfillment": {"postponed_orders": [], "serviced_orders": [1, 2, 3, 4, 5, 6, 7, 8, 9, 10, 11, 12]}, "vessels": {"fleet_vessels": 2, "chartered_vessels": 0}, "objective": {"objective_bound": 4852.0768, "fuel_costs": 4852.0789, "charter_costs": 0.0, "penalty_costs": 0.0021, "optimality_gap": 0.0}, "variables": {"number_of_variables": 106743, "number_of_bin_variables": 106659, "number_of_arcs": 106617, "number_of_cont_variables": 84}, "runtime": {"preprocess_runtime": 8.9713, "model_runtime": 172.6869}}