{"instance_info": {"installation_ordering": "Random", "number_of_installations": 6, "weather_scenario": 1, "fleet_size": 2, "order_composition": {"1": {"order": "MD_STB", "size": 17.5, "installation": 22, "node": 1}, "2": {"order": "OD_STB", "size": 13.125, "installation": 22, "node": 2}, "3": {"order": "MD_GFC", "size": 17.5, "installation": 26, "node": 3}, "4": {"order": "OP_GFC", "size": 17.5, "installation": 26, "node": 4}, "5": {"order": "MD_SSC", "size": 5.625, "installation": 12, "node": 5}, "6": {"order": "OD_SSC", "size": 5.625, "installation": 12, "node": 6}, "7": {"order": "MD_OSC", "size": 15.0, "installation": 10, "node": 7}, "8": {"order": "OP_OSC", "size": 11.25, "installation": 10, "node": 8}, "9": {"order": "MD_STC", "size": 21.875, "installation": 23, "node": 9}, "10": {"order": "OD_STC", "size": 17.5, "installation": 23, "node": 10}, "11": {"order": "MD_SDO", "size": 25.0, "installation": 6, "node": 11}, "12": {"order": "OP_SDO", "size": 15.0, "installation": 6, "node": 12}}}, "voyages": {"0": {"0": [9, [63, 101, 110], 10.0, [87.5, 0], [1062.437466666667, 0.0]], "1": [2, [125, 125, 131], 0, [30.625, 0], [110.1447, 0.0]], "2": [3, [131, 136, 143], 10.0, [17.5, 0], [288.50548333333336, 0.0]], "3": [4, [143, 143, 144], 0, [0, 0], [19.823700000000002, 0.0]], "4": [13, [144, 178, 178], 10.0, [0, 17.5], [1018.229166666667, 0.0]], "9": [10, [110, 110, 117], 0, [65.62499999999997, 0], [118.2384, 0.0]], "10": [1, [117, 118, 125], 12.0, [48.12499999999997, 0], [159.6384, 0.0]]}, "1": {"0": [11, [63, 80, 90], 10.0, [51.25, 0], [576.2036666666668, 0.0]], "5": [6, [102, 102, 105], 0, [20.625, 15.0], [50.67359999999999, 0.0]], "6": [7, [105, 107, 113], 11.0, [15.0, 15.0], [165.12428333333332, 0.0]], "7": [8, [113, 113, 114], 0, [0, 15.0], [16.8912, 0.0]], "8": [13, [114, 142, 142], 10.0, [0, 26.25], [754.6875000000003, 0.0]], "11": [12, [90, 90, 91], 0, [26.25, 0], [16.8912, 0.0]], "12": [5, [91, 99, 102], 10.0, [26.25, 15.0], [242.3402666666667, 0.0]]}, "2": {"0": [13, [63, 63, 63], 0, [0, 0], [0, 0]]}}, "order_fulfillment": {"postponed_orders": [], "serviced_orders": [1, 2, 3, 4, 5, 6, 7, 8, 9, 10, 11, 12]}, "vessels": {"fleet_vessels": 2, "chartered_vessels": 0}, "objective": {"objective_bound": 4599.829, "fuel_costs": 4599.829, "charter_costs": 0.0, "penalty_costs": 0.0, "optimality_gap": 0.0}, "variables": {"number_of_variables": 119388, "number_of_bin_variables": 119304, "number_of_arcs": 119262, "number_of_cont_variables": 84}, "runtime": {"preprocess_runtime": 8.9312, "model_runtime": 207.9506}}