{"instance_info": {"installation_ordering": "Random", "number_of_installations": 6, "weather_scenario": 2, "fleet_size": 2, "order_composition": {"1": {"order": "MD_STB", "size": 21.875, "installation": 22, "node": 1}, "2": {"order": "OD_STB", "size": 21.875, "installation": 22, "node": 2}, "3": {"order": "MD_GFC", "size": 21.875, "installation": 26, "node": 3}, "4": {"order": "OP_GFC", "size": 17.5, "installation": 26, "node": 4}, "5": {"order": "MD_SSC", "size": 9.375, "installation": 12, "node": 5}, "6": {"order": "OD_SSC", "size": 7.5, "installation": 12, "node": 6}, "7": {"order": "MD_OSC", "size": 15.0, "installation": 10, "node": 7}, "8": {"order": "OP_OSC", "size": 18.75, "installation": 10, "node": 8}, "9": {"order": "MD_STC", "size": 17.5, "installation": 23, "node": 9}, "10": {"order": "OD_STC", "size": 17.5, "installation": 23, "node": 10}, "11": {"order": "MD_SDO", "size": 15.0, "installation": 6, "node": 11}, "12": {"order": "OP_SDO", "size": 20.0, "installation": 6, "node": 12}}}, "voyages": {"0": {"0": [1, [63, 102, 111], 10.0, [100.625, 0], [1268.517466666667, 0.0]], "1": [2, [111, 111, 120], 0, [78.75000000000014, 0], [178.41330000000002, 0.0]], "2": [9, [120, 121, 128], 12.0, [56.8749999999999, 0], [188.44590000000002, 0.0]], "3": [4, [148, 148, 149], 0, [0, 0], [19.823700000000002, 0.0]], "4": [13, [149, 183, 183], 10.0, [0, 17.5], [1150.855654761905, 0.0]], "9": [10, [128, 128, 135], 0, [39.3749999999999, 0], [138.76590000000002, 0.0]], "10": [3, [135, 139, 148], 10.0, [21.8749999999999, 0], [298.20496666666673, 0.0]]}, "1": {"0": [5, [63, 88, 92], 10.0, [46.875, 0], [750.1281333333336, 0.0]], "5": [6, [92, 92, 95], 0, [37.49999999999946, 0], [59.471100000000014, 0.0]], "6": [7, [95, 97, 103], 11.0, [29.99999999999983, 0], [196.89196851851855, 0.0]], "7": [8, [103, 103, 104], 0, [14.99999999999983, 0], [19.823700000000002, 0.0]], "8": [11, [104, 115, 121], 10.0, [14.999999999999929, 18.75], [448.36928333333344, 0.0]], "11": [12, [121, 121, 122], 0, [0, 18.74999999999993], [19.823700000000002, 0.0]], "12": [13, [122, 139, 139], 10.0, [0, 38.749999999999815], [509.1145833333335, 0.0]]}, "2": {"0": [13, [63, 63, 63], 0, [0, 0], [0, 0]]}}, "order_fulfillment": {"postponed_orders": [], "serviced_orders": [1, 2, 3, 4, 5, 6, 7, 8, 9, 10, 11, 12]}, "vessels": {"fleet_vessels": 2, "chartered_vessels": 0}, "objective": {"objective_bound": 5246.6494, "fuel_costs": 5246.6494, "charter_costs": 0.0, "penalty_costs": 0.0, "optimality_gap": 0.0}, "variables": {"number_of_variables": 26853, "number_of_bin_variables": 26769, "number_of_arcs": 26727, "number_of_cont_variables": 84}, "runtime": {"preprocess_runtime": 3.7476, "model_runtime": 6.3157}}