{"instance_info": {"installation_ordering": "Random", "number_of_installations": 6, "weather_scenario": 2, "fleet_size": 2, "order_composition": {"1": {"order": "MD_VFB", "size": 15.0, "installation": 18, "node": 1}, "2": {"order": "OD_VFB", "size": 7.5, "installation": 18, "node": 2}, "3": {"order": "MD_VMO", "size": 15.0, "installation": 16, "node": 3}, "4": {"order": "OP_VMO", "size": 18.75, "installation": 16, "node": 4}, "5": {"order": "MD_TRO", "size": 15.0, "installation": 1, "node": 5}, "6": {"order": "OD_TRO", "size": 7.5, "installation": 1, "node": 6}, "7": {"order": "MD_HUL", "size": 10.0, "installation": 20, "node": 7}, "8": {"order": "OP_HUL", "size": 10.0, "installation": 20, "node": 8}, "9": {"order": "MD_SOD", "size": 7.5, "installation": 27, "node": 9}, "10": {"order": "OD_SOD", "size": 11.25, "installation": 27, "node": 10}, "11": {"order": "MD_SEQ", "size": 10.0, "installation": 7, "node": 11}, "12": {"order": "OP_SEQ", "size": 15.0, "installation": 7, "node": 12}}}, "voyages": {"0": {"0": [9, [63, 76, 79], 11.0, [98.75, 0], [474.0221416666667, 0.0]], "1": [2, [130, 130, 133], 0, [29.99999999999973, 43.74999999999859], [59.471100000000014, 0.0]], "2": [5, [133, 141, 147], 12.0, [22.499999999999844, 43.74999999999858], [516.3822000000001, 0.0]], "3": [4, [111, 111, 112], 0, [54.99999999999965, 14.999999999999588], [19.823700000000002, 0.0]], "4": [7, [112, 117, 121], 10.0, [54.99999999999965, 33.74999999999862], [229.03438333333338, 0.0]], "5": [6, [147, 147, 150], 0, [7.5, 43.749999999998565], [59.471100000000014, 0.0]], "6": [13, [150, 167, 167], 10.0, [0, 43.74999999999855], [573.2886904761906, 0.0]], "7": [8, [121, 121, 122], 0, [44.99999999999966, 33.749999999998636], [19.823700000000002, 0.0]], "8": [1, [122, 124, 130], 11.0, [44.99999999999966, 43.749999999998636], [196.89196851851855, 0.0]], "9": [10, [79, 79, 84], 0, [91.25, 0], [99.11850000000003, 0.0]], "10": [11, [84, 85, 89], 10.0, [80.00000000000003, 0], [109.24271666666668, 0.0]], "11": [12, [89, 89, 90], 0, [70.00000000000006, 0], [19.823700000000002, 0.0]], "12": [3, [90, 105, 111], 10.0, [69.99999999999966, 15.0], [568.1609500000002, 0.0]]}, "1": {"0": [13, [63, 63, 63], 0, [0, 0], [0, 0]]}, "2": {"0": [13, [63, 63, 63], 0, [0, 0], [0, 0]]}}, "order_fulfillment": {"postponed_orders": [], "serviced_orders": [1, 2, 3, 4, 5, 6, 7, 8, 9, 10, 11, 12]}, "vessels": {"fleet_vessels": 1, "chartered_vessels": 0}, "objective": {"objective_bound": 2944.5549, "fuel_costs": 2944.5549, "charter_costs": 0.0, "penalty_costs": 0.0, "optimality_gap": 0.0}, "variables": {"number_of_variables": 25140, "number_of_bin_variables": 25056, "number_of_arcs": 25014, "number_of_cont_variables": 84}, "runtime": {"preprocess_runtime": 3.3856, "model_runtime": 10.2945}}