{"instance_info": {"installation_ordering": "Random", "number_of_installations": 6, "weather_scenario": 1, "fleet_size": 2, "order_composition": {"1": {"order": "MD_VFB", "size": 22.5, "installation": 18, "node": 1}, "2": {"order": "OD_VFB", "size": 15.0, "installation": 18, "node": 2}, "3": {"order": "MD_VMO", "size": 15.0, "installation": 16, "node": 3}, "4": {"order": "OP_VMO", "size": 15.0, "installation": 16, "node": 4}, "5": {"order": "MD_TRO", "size": 15.0, "installation": 1, "node": 5}, "6": {"order": "OD_TRO", "size": 15.0, "installation": 1, "node": 6}, "7": {"order": "MD_HUL", "size": 15.0, "installation": 20, "node": 7}, "8": {"order": "OP_HUL", "size": 5.0, "installation": 20, "node": 8}, "9": {"order": "MD_SOD", "size": 15.0, "installation": 27, "node": 9}, "10": {"order": "OD_SOD", "size": 15.0, "installation": 27, "node": 10}, "11": {"order": "MD_SEQ", "size": 10.0, "installation": 7, "node": 11}, "12": {"order": "OP_SEQ", "size": 20.0, "installation": 7, "node": 12}}}, "voyages": {"0": {"0": [1, [63, 88, 97], 10.0, [97.5, 0], [750.9791333333335, 0.0]], "1": [2, [97, 97, 103], 0, [75.0, 0], [101.34719999999999, 0.0]], "2": [7, [103, 105, 111], 11.0, [60.0, 0], [165.12428333333332, 0.0]], "3": [4, [123, 123, 124], 0, [30.0, 4.999999999999943], [16.8912, 0.0]], "4": [5, [124, 142, 148], 10.0, [30.0, 19.999999999999943], [634.0463666666669, 0.0]], "5": [6, [148, 148, 154], 0, [15.0, 19.999999999999943], [118.94220000000003, 0.0]], "6": [13, [154, 171, 171], 10.0, [0, 19.999999999999943], [509.1145833333335, 0.0]], "7": [8, [111, 111, 112], 0, [45.0, 0], [16.8912, 0.0]], "8": [3, [112, 117, 123], 10.0, [45.0, 4.999999999999943], [221.13886666666667, 0.0]]}, "1": {"0": [9, [63, 78, 84], 10.0, [40.0, 0], [460.7222000000001, 0.0]], "9": [10, [84, 84, 90], 0, [25.0, 0], [101.34719999999999, 0.0]], "10": [11, [90, 91, 95], 10.0, [10.0, 0], [91.52313333333335, 0.0]], "11": [12, [95, 95, 96], 0, [0, 0], [16.8912, 0.0]], "12": [13, [96, 112, 112], 10.0, [0, 20.0], [383.3333333333334, 0.0]]}, "2": {"0": [13, [63, 63, 63], 0, [0, 0], [0, 0]]}}, "order_fulfillment": {"postponed_orders": [], "serviced_orders": [1, 2, 3, 4, 5, 6, 7, 8, 9, 10, 11, 12]}, "vessels": {"fleet_vessels": 2, "chartered_vessels": 0}, "objective": {"objective_bound": 3588.2921, "fuel_costs": 3588.2921, "charter_costs": 0.0, "penalty_costs": 0.0, "optimality_gap": 0.0}, "variables": {"number_of_variables": 101697, "number_of_bin_variables": 101613, "number_of_arcs": 101571, "number_of_cont_variables": 84}, "runtime": {"preprocess_runtime": 8.5888, "model_runtime": 101.5271}}