{"instance_info": {"installation_ordering": "Random", "number_of_installations": 0, "weather_scenario": 0, "fleet_size": 2, "order_composition": {"1": {"order": "MD_STC", "size": 21.875, "installation": 23, "node": 1}, "2": {"order": "OD_STC", "size": 8.75, "installation": 23, "node": 2}, "3": {"order": "MD_TRB", "size": 25.0, "installation": 2, "node": 3}, "4": {"order": "OP_TRB", "size": 30.0, "installation": 2, "node": 4}, "5": {"order": "MD_SSC", "size": 7.5, "installation": 12, "node": 5}, "6": {"order": "OD_SSC", "size": 9.375, "installation": 12, "node": 6}, "7": {"order": "MD_GFC", "size": 21.875, "installation": 26, "node": 7}, "8": {"order": "OP_GFC", "size": 21.875, "installation": 26, "node": 8}, "9": {"order": "MD_SDO", "size": 20.0, "installation": 6, "node": 9}, "10": {"order": "OD_SDO", "size": 30.0, "installation": 6, "node": 10}, "11": {"order": "MD_WEL", "size": 18.75, "installation": 17, "node": 11}, "12": {"order": "OP_WEL", "size": 22.5, "installation": 17, "node": 12}}}, "voyages": {"0": {"0": [1, [63, 101, 110], 10.0, [71.25, 0], [1015.986666666667, 0.0]], "1": [2, [110, 110, 114], 0, [49.37498049017878, 0], [46.92, 0.0]], "2": [7, [114, 118, 127], 10.0, [40.62498049017878, 0], [201.40333333333336, 0.0]], "7": [8, [127, 127, 128], 0, [18.749966709949593, 0], [11.73, 0.0]], "8": [11, [128, 131, 139], 10.0, [18.74998334707734, 21.87498336287225], [165.71500000000003, 0.0]], "11": [12, [139, 139, 140], 0, [0, 21.874966709974725], [11.73, 0.0]], "12": [13, [140, 172, 172], 10.0, [0, 44.37495054712961], [766.6666666666669, 0.0]]}, "1": {"0": [9, [63, 80, 88], 10.0, [91.875, 0], [501.1316666666668, 0.0]], "3": [4, [133, 133, 134], 0, [0, 0], [11.73, 0.0]], "4": [13, [134, 152, 152], 10.0, [0, 30.0], [431.25000000000017, 0.0]], "5": [6, [111, 111, 115], 0, [34.375, 0], [46.92, 0.0]], "6": [3, [115, 121, 133], 10.0, [25.0, 0], [277.61000000000007, 0.0]], "9": [10, [88, 88, 100], 0, [71.875, 0], [140.76000000000002, 0.0]], "10": [5, [100, 108, 111], 10.0, [41.875, 0], [226.8566666666667, 0.0]]}, "2": {"0": [13, [63, 63, 63], 0, [0, 0], [0, 0]]}}, "order_fulfillment": {"postponed_orders": [], "serviced_orders": [1, 2, 3, 4, 5, 6, 7, 8, 9, 10, 11, 12]}, "vessels": {"fleet_vessels": 2, "chartered_vessels": 0}, "objective": {"objective_bound": 3856.4099, "fuel_costs": 3856.41, "charter_costs": 0.0, "penalty_costs": 0.0001, "optimality_gap": 0.0}, "variables": {"number_of_variables": 123174, "number_of_bin_variables": 123090, "number_of_arcs": 123048, "number_of_cont_variables": 84}, "runtime": {"preprocess_runtime": 10.4309, "model_runtime": 240.0184}}