{"instance_info": {"installation_ordering": "Random", "number_of_installations": 6, "weather_scenario": 2, "fleet_size": 2, "order_composition": {"1": {"order": "MD_WEL", "size": 15.0, "installation": 17, "node": 1}, "2": {"order": "OD_WEL", "size": 15.0, "installation": 17, "node": 2}, "3": {"order": "MD_SEQ", "size": 20.0, "installation": 7, "node": 3}, "4": {"order": "OP_SEQ", "size": 20.0, "installation": 7, "node": 4}, "5": {"order": "MD_OSB", "size": 15.0, "installation": 9, "node": 5}, "6": {"order": "OD_OSB", "size": 7.5, "installation": 9, "node": 6}, "7": {"order": "MD_STB", "size": 17.5, "installation": 22, "node": 7}, "8": {"order": "OP_STB", "size": 21.875, "installation": 22, "node": 8}, "9": {"order": "MD_TRO", "size": 11.25, "installation": 1, "node": 9}, "10": {"order": "OD_TRO", "size": 15.0, "installation": 1, "node": 10}, "11": {"order": "MD_SEN", "size": 25.0, "installation": 5, "node": 11}, "12": {"order": "OP_SEN", "size": 20.0, "installation": 5, "node": 12}}}, "voyages": {"0": {"0": [11, [63, 80, 90], 10.0, [71.25, 0], [629.4870000000002, 0.0]], "3": [4, [100, 100, 101], 0, [26.24984244322815, 19.999935754742236], [19.823700000000002, 0.0]], "4": [9, [101, 107, 128], 10.0, [26.249921050940973, 39.99985714702942], [451.0300000000001, 0.0]], "9": [10, [128, 128, 134], 0, [15.0, 39.99977820047038], [118.94220000000003, 0.0]], "10": [13, [134, 151, 151], 10.0, [0, 39.99977820047038], [509.1145833333335, 0.0]], "11": [12, [90, 90, 91], 0, [46.24976361742638, 0], [19.823700000000002, 0.0]], "12": [3, [91, 92, 100], 10.0, [46.24976383551533, 19.99992117669823], [188.5375166666667, 0.0]]}, "1": {"0": [5, [63, 91, 97], 10.0, [70.0, 0], [879.6192833333337, 0.0]], "1": [2, [120, 120, 126], 0, [32.5, 0], [118.94220000000003, 0.0]], "2": [7, [126, 133, 140], 10.0, [17.500000000000007, 0], [348.40131666666673, 0.0]], "5": [6, [97, 97, 100], 0, [55.00000000000068, 0], [59.471100000000014, 0.0]], "6": [1, [100, 114, 120], 10.0, [47.5, 0], [538.2130333333336, 0.0]], "7": [8, [140, 140, 141], 0, [0, 0], [19.823700000000002, 0.0]], "8": [13, [141, 180, 180], 10.0, [0, 21.875], [1287.760416666667, 0.0]]}, "2": {"0": [13, [63, 63, 63], 0, [0, 0], [0, 0]]}}, "order_fulfillment": {"postponed_orders": [], "serviced_orders": [1, 2, 3, 4, 5, 6, 7, 8, 9, 10, 11, 12]}, "vessels": {"fleet_vessels": 2, "chartered_vessels": 0}, "objective": {"objective_bound": 5188.9888, "fuel_costs": 5188.9898, "charter_costs": 0.0, "penalty_costs": 0.001, "optimality_gap": 0.0}, "variables": {"number_of_variables": 23403, "number_of_bin_variables": 23319, "number_of_arcs": 23277, "number_of_cont_variables": 84}, "runtime": {"preprocess_runtime": 3.7686, "model_runtime": 8.5743}}