{"instance_info": {"installation_ordering": "Random", "number_of_installations": 6, "weather_scenario": 2, "fleet_size": 2, "order_composition": {"1": {"order": "MD_STC", "size": 17.5, "installation": 23, "node": 1}, "2": {"order": "OD_STC", "size": 21.875, "installation": 23, "node": 2}, "3": {"order": "MD_TRB", "size": 15.0, "installation": 2, "node": 3}, "4": {"order": "OP_TRB", "size": 30.0, "installation": 2, "node": 4}, "5": {"order": "MD_SSC", "size": 9.375, "installation": 12, "node": 5}, "6": {"order": "OD_SSC", "size": 9.375, "installation": 12, "node": 6}, "7": {"order": "MD_GFC", "size": 17.5, "installation": 26, "node": 7}, "8": {"order": "OP_GFC", "size": 8.75, "installation": 26, "node": 8}, "9": {"order": "MD_SDO", "size": 25.0, "installation": 6, "node": 9}, "10": {"order": "OD_SDO", "size": 20.0, "installation": 6, "node": 10}, "11": {"order": "MD_WEL", "size": 15.0, "installation": 17, "node": 11}, "12": {"order": "OP_WEL", "size": 15.0, "installation": 17, "node": 12}}}, "voyages": {"0": {"0": [9, [63, 80, 90], 10.0, [78.75, 0], [629.4870000000002, 0.0]], "3": [4, [129, 129, 130], 0, [0, 0], [19.823700000000002, 0.0]], "4": [13, [130, 148, 148], 10.0, [0, 30.0], [539.0625000000002, 0.0]], "5": [6, [110, 110, 114], 0, [24.375, 0], [79.29480000000001, 0.0]], "6": [3, [114, 120, 129], 10.0, [15.0, 0], [330.9217000000001, 0.0]], "9": [10, [90, 90, 98], 0, [53.74999999999999, 0], [158.58960000000002, 0.0]], "10": [5, [98, 106, 110], 10.0, [33.74999999999999, 0], [318.8781333333334, 0.0]]}, "1": {"0": [1, [63, 101, 108], 10.0, [71.875, 0], [1198.9221500000003, 0.0]], "1": [2, [108, 108, 117], 0, [54.37499999999995, 0], [178.41330000000002, 0.0]], "2": [7, [117, 121, 128], 10.0, [32.49999999999995, 0], [258.55756666666673, 0.0]], "7": [8, [128, 128, 129], 0, [14.999999999999943, 0], [19.823700000000002, 0.0]], "8": [11, [129, 132, 138], 10.0, [15.0, 8.75], [208.78595000000007, 0.0]], "11": [12, [138, 138, 139], 0, [0, 8.749999999999787], [19.823700000000002, 0.0]], "12": [13, [139, 171, 171], 10.0, [0, 23.74999999999973], [1039.620535714286, 0.0]]}, "2": {"0": [13, [63, 63, 63], 0, [0, 0], [0, 0]]}}, "order_fulfillment": {"postponed_orders": [], "serviced_orders": [1, 2, 3, 4, 5, 6, 7, 8, 9, 10, 11, 12]}, "vessels": {"fleet_vessels": 2, "chartered_vessels": 0}, "objective": {"objective_bound": 5000.0043, "fuel_costs": 5000.0043, "charter_costs": 0.0, "penalty_costs": 0.0, "optimality_gap": 0.0}, "variables": {"number_of_variables": 21789, "number_of_bin_variables": 21705, "number_of_arcs": 21663, "number_of_cont_variables": 84}, "runtime": {"preprocess_runtime": 3.5489, "model_runtime": 3.2845}}