{"instance_info": {"installation_ordering": "Random", "number_of_installations": 6, "weather_scenario": 1, "fleet_size": 2, "order_composition": {"1": {"order": "MD_STC", "size": 21.875, "installation": 23, "node": 1}, "2": {"order": "OD_STC", "size": 8.75, "installation": 23, "node": 2}, "3": {"order": "MD_TRB", "size": 25.0, "installation": 2, "node": 3}, "4": {"order": "OP_TRB", "size": 30.0, "installation": 2, "node": 4}, "5": {"order": "MD_SSC", "size": 7.5, "installation": 12, "node": 5}, "6": {"order": "OD_SSC", "size": 9.375, "installation": 12, "node": 6}, "7": {"order": "MD_GFC", "size": 21.875, "installation": 26, "node": 7}, "8": {"order": "OP_GFC", "size": 21.875, "installation": 26, "node": 8}, "9": {"order": "MD_SDO", "size": 20.0, "installation": 6, "node": 9}, "10": {"order": "OD_SDO", "size": 30.0, "installation": 6, "node": 10}, "11": {"order": "MD_WEL", "size": 18.75, "installation": 17, "node": 11}, "12": {"order": "OP_WEL", "size": 22.5, "installation": 17, "node": 12}}}, "voyages": {"0": {"0": [1, [63, 101, 110], 10.0, [71.25, 0], [1062.437466666667, 0.0]], "1": [2, [110, 110, 114], 0, [49.375, 0], [67.5648, 0.0]], "2": [7, [114, 118, 127], 10.0, [40.625, 0], [247.85413333333338, 0.0]], "7": [8, [127, 127, 128], 0, [18.75, 0], [16.8912, 0.0]], "8": [11, [128, 131, 139], 10.0, [18.75, 21.875], [248.43335000000005, 0.0]], "11": [12, [139, 139, 140], 0, [0, 21.875], [19.823700000000002, 0.0]], "12": [13, [140, 172, 172], 10.0, [0, 44.375], [958.3333333333336, 0.0]]}, "1": {"0": [9, [63, 80, 88], 10.0, [91.875, 0], [542.4212666666668, 0.0]], "3": [4, [133, 133, 134], 0, [0, 0], [19.823700000000002, 0.0]], "4": [13, [134, 152, 152], 10.0, [0, 30.0], [539.0625000000002, 0.0]], "5": [6, [111, 111, 115], 0, [34.375, 0], [67.5648, 0.0]], "6": [3, [115, 121, 133], 10.0, [25.0, 0], [347.19650000000007, 0.0]], "9": [10, [88, 88, 100], 0, [71.87500000000001, 0], [202.69439999999997, 0.0]], "10": [5, [100, 108, 111], 10.0, [41.875, 0], [242.3402666666667, 0.0]]}, "2": {"0": [13, [63, 63, 63], 0, [0, 0], [0, 0]]}}, "order_fulfillment": {"postponed_orders": [], "serviced_orders": [1, 2, 3, 4, 5, 6, 7, 8, 9, 10, 11, 12]}, "vessels": {"fleet_vessels": 2, "chartered_vessels": 0}, "objective": {"objective_bound": 4582.4414, "fuel_costs": 4582.4414, "charter_costs": 0.0, "penalty_costs": 0.0, "optimality_gap": 0.0}, "variables": {"number_of_variables": 97212, "number_of_bin_variables": 97128, "number_of_arcs": 97086, "number_of_cont_variables": 84}, "runtime": {"preprocess_runtime": 8.4679, "model_runtime": 109.7475}}