{"instance_info": {"installation_ordering": "Random", "number_of_installations": 0, "weather_scenario": 0, "fleet_size": 2, "order_composition": {"1": {"order": "MD_STB", "size": 26.25, "installation": 22, "node": 1}, "2": {"order": "OD_STB", "size": 13.125, "installation": 22, "node": 2}, "3": {"order": "MD_GFC", "size": 17.5, "installation": 26, "node": 3}, "4": {"order": "OP_GFC", "size": 17.5, "installation": 26, "node": 4}, "5": {"order": "MD_SSC", "size": 7.5, "installation": 12, "node": 5}, "6": {"order": "OD_SSC", "size": 7.5, "installation": 12, "node": 6}, "7": {"order": "MD_OSC", "size": 22.5, "installation": 10, "node": 7}, "8": {"order": "OP_OSC", "size": 18.75, "installation": 10, "node": 8}, "9": {"order": "MD_STC", "size": 17.5, "installation": 23, "node": 9}, "10": {"order": "OD_STC", "size": 8.75, "installation": 23, "node": 10}, "11": {"order": "MD_SDO", "size": 20.0, "installation": 6, "node": 11}, "12": {"order": "OP_SDO", "size": 25.0, "installation": 6, "node": 12}, "13": {"order": "MD_OSE", "size": 15.0, "installation": 8, "node": 13}, "14": {"order": "OD_OSE", "size": 11.25, "installation": 8, "node": 14}}}, "voyages": {"0": {"0": [1, [63, 102, 113], 10.0, [103.125, 0], [1063.4050000000004, 0.0]], "1": [2, [113, 113, 119], 0, [76.8749999999996, 0], [70.38000000000001, 0.0]], "2": [9, [119, 120, 127], 12.0, [63.749999999999595, 0], [123.51000000000002, 0.0]], "3": [4, [142, 142, 143], 0, [20.0, 0], [11.73, 0.0]], "4": [11, [143, 160, 168], 10.0, [20.0, 17.5], [501.1316666666668, 0.0]], "9": [10, [127, 127, 131], 0, [46.249999999999616, 0], [46.92, 0.0]], "10": [3, [131, 135, 142], 10.0, [37.499999999999616, 0], [177.94333333333338, 0.0]], "11": [12, [168, 168, 169], 0, [0, 17.499999999999993], [11.73, 0.0]], "12": [15, [169, 186, 186], 10.0, [0, 42.50000000000001], [407.2916666666668, 0.0]]}, "1": {"0": [13, [63, 91, 97], 10.0, [63.75, 0], [741.2133333333336, 0.0]], "5": [6, [119, 119, 122], 0, [7.499980069777437, 18.749979886724073], [35.190000000000005, 0.0]], "6": [15, [122, 147, 147], 10.0, [0, 18.74995995650151], [598.9583333333335, 0.0]], "7": [8, [113, 113, 114], 0, [14.999959951781486, 0], [11.73, 0.0]], "8": [5, [114, 116, 119], 11.0, [14.999959958168171, 18.74998006339075], [98.96708333333333, 0.0]], "13": [14, [97, 97, 102], 0, [48.749939740183564, 0], [58.650000000000006, 0.0]], "14": [7, [102, 104, 113], 10.0, [37.499939856721, 0], [153.48666666666668, 0.0]]}, "2": {"0": [15, [63, 63, 63], 0, [0, 0], [0, 0]]}}, "order_fulfillment": {"postponed_orders": [], "serviced_orders": [1, 2, 3, 4, 5, 6, 7, 8, 9, 10, 11, 12, 13, 14]}, "vessels": {"fleet_vessels": 2, "chartered_vessels": 0}, "objective": {"objective_bound": 4112.2368, "fuel_costs": 4112.2371, "charter_costs": 0.0, "penalty_costs": 0.0003, "optimality_gap": 0.0}, "variables": {"number_of_variables": 203064, "number_of_bin_variables": 202968, "number_of_arcs": 202920, "number_of_cont_variables": 96}, "runtime": {"preprocess_runtime": 14.5634, "model_runtime": 611.7628}}