{"instance_info": {"installation_ordering": "Random", "number_of_installations": 7, "weather_scenario": 2, "fleet_size": 2, "order_composition": {"1": {"order": "MD_WEL", "size": 18.75, "installation": 17, "node": 1}, "2": {"order": "OD_WEL", "size": 7.5, "installation": 17, "node": 2}, "3": {"order": "MD_SEQ", "size": 25.0, "installation": 7, "node": 3}, "4": {"order": "OP_SEQ", "size": 20.0, "installation": 7, "node": 4}, "5": {"order": "MD_OSB", "size": 18.75, "installation": 9, "node": 5}, "6": {"order": "OD_OSB", "size": 22.5, "installation": 9, "node": 6}, "7": {"order": "MD_STB", "size": 17.5, "installation": 22, "node": 7}, "8": {"order": "OP_STB", "size": 26.25, "installation": 22, "node": 8}, "9": {"order": "MD_TRO", "size": 15.0, "installation": 1, "node": 9}, "10": {"order": "OD_TRO", "size": 11.25, "installation": 1, "node": 10}, "11": {"order": "MD_SEN", "size": 20.0, "installation": 5, "node": 11}, "12": {"order": "OP_SEN", "size": 20.0, "installation": 5, "node": 12}, "13": {"order": "MD_CPR", "size": 15.0, "installation": 4, "node": 13}, "14": {"order": "OD_CPR", "size": 15.0, "installation": 4, "node": 14}}}, "voyages": {"0": {"0": [5, [63, 91, 99], 10.0, [85.0, 0], [919.2666833333336, 0.0]], "1": [2, [130, 130, 133], 0, [25.0, 0], [59.471100000000014, 0.0]], "2": [7, [133, 140, 147], 10.0, [17.5, 0], [348.40131666666673, 0.0]], "5": [6, [99, 99, 108], 0, [66.25, 0], [178.41330000000002, 0.0]], "6": [1, [108, 122, 130], 10.0, [43.75, 0], [577.8604333333335, 0.0]], "7": [8, [147, 147, 148], 0, [0, 0], [19.823700000000002, 0.0]], "8": [15, [148, 187, 187], 10.0, [0, 26.25], [1317.7083333333337, 0.0]]}, "1": {"0": [13, [63, 80, 86], 10.0, [101.25, 0], [550.1922000000002, 0.0]], "3": [4, [105, 105, 106], 0, [46.25, 0], [19.823700000000002, 0.0]], "4": [11, [106, 107, 115], 10.0, [46.25, 20.0], [188.5375166666667, 0.0]], "9": [10, [129, 129, 134], 0, [11.25, 39.99999999999988], [99.11850000000003, 0.0]], "10": [15, [134, 151, 151], 10.0, [0, 39.99999999999988], [509.1145833333335, 0.0]], "11": [12, [115, 115, 116], 0, [26.25, 20.0], [19.823700000000002, 0.0]], "12": [9, [116, 123, 129], 10.0, [26.25, 40.0], [328.57761666666676, 0.0]], "13": [14, [86, 86, 92], 0, [86.25, 0], [118.94220000000003, 0.0]], "14": [3, [92, 95, 105], 10.0, [71.25, 0], [288.0807500000001, 0.0]]}, "2": {"0": [15, [63, 63, 63], 0, [0, 0], [0, 0]]}}, "order_fulfillment": {"postponed_orders": [], "serviced_orders": [1, 2, 3, 4, 5, 6, 7, 8, 9, 10, 11, 12, 13, 14]}, "vessels": {"fleet_vessels": 2, "chartered_vessels": 0}, "objective": {"objective_bound": 5543.1556, "fuel_costs": 5543.1556, "charter_costs": 0.0, "penalty_costs": 0.0, "optimality_gap": 0.0}, "variables": {"number_of_variables": 31896, "number_of_bin_variables": 31800, "number_of_arcs": 31752, "number_of_cont_variables": 96}, "runtime": {"preprocess_runtime": 4.9082, "model_runtime": 10.9751}}