{"instance_info": {"installation_ordering": "Random", "number_of_installations": 7, "weather_scenario": 2, "fleet_size": 2, "order_composition": {"1": {"order": "MD_STB", "size": 21.875, "installation": 22, "node": 1}, "2": {"order": "OD_STB", "size": 13.125, "installation": 22, "node": 2}, "3": {"order": "MD_GFC", "size": 17.5, "installation": 26, "node": 3}, "4": {"order": "OP_GFC", "size": 17.5, "installation": 26, "node": 4}, "5": {"order": "MD_SSC", "size": 7.5, "installation": 12, "node": 5}, "6": {"order": "OD_SSC", "size": 5.625, "installation": 12, "node": 6}, "7": {"order": "MD_OSC", "size": 11.25, "installation": 10, "node": 7}, "8": {"order": "OP_OSC", "size": 15.0, "installation": 10, "node": 8}, "9": {"order": "MD_STC", "size": 17.5, "installation": 23, "node": 9}, "10": {"order": "OD_STC", "size": 21.875, "installation": 23, "node": 10}, "11": {"order": "MD_SDO", "size": 25.0, "installation": 6, "node": 11}, "12": {"order": "OP_SDO", "size": 20.0, "installation": 6, "node": 12}, "13": {"order": "MD_OSE", "size": 15.0, "installation": 8, "node": 13}, "14": {"order": "OD_OSE", "size": 11.25, "installation": 8, "node": 14}}}, "voyages": {"0": {"0": [9, [63, 101, 108], 10.0, [91.875, 0], [1198.9221500000003, 0.0]], "1": [2, [127, 127, 133], 0, [30.62492385084241, 0], [118.94220000000003, 0.0]], "2": [3, [133, 138, 145], 10.0, [17.49992385084241, 0], [288.50548333333336, 0.0]], "3": [4, [145, 145, 146], 0, [0, 0], [19.823700000000002, 0.0]], "4": [15, [146, 180, 180], 10.0, [0, 17.499999943457045], [1138.0208333333337, 0.0]], "9": [10, [108, 108, 117], 0, [74.3748477140559, 0], [178.41330000000002, 0.0]], "10": [1, [117, 118, 127], 12.0, [52.49984772084605, 0], [228.09330000000003, 0.0]]}, "1": {"0": [13, [63, 91, 97], 10.0, [75.625, 0], [879.6192833333337, 0.0]], "5": [6, [115, 115, 118], 0, [30.624999999999947, 15.000000000000005], [59.471100000000014, 0.0]], "6": [11, [118, 126, 136], 10.0, [25.0, 15.000000000000005], [437.82033333333345, 0.0]], "7": [8, [109, 109, 110], 0, [38.124999999999766, 0], [19.823700000000002, 0.0]], "8": [5, [110, 112, 115], 11.0, [38.124999999999766, 15.0], [137.42086851851855, 0.0]], "11": [12, [136, 136, 137], 0, [0, 15.000000000000004], [19.823700000000002, 0.0]], "12": [15, [137, 154, 154], 10.0, [0, 35.0], [517.6711309523811, 0.0]], "13": [14, [97, 97, 102], 0, [60.62499999999977, 0], [99.11850000000003, 0.0]], "14": [7, [102, 104, 109], 10.0, [49.37499999999977, 0], [159.01433333333338, 0.0]]}, "2": {"0": [15, [63, 63, 63], 0, [0, 0], [0, 0]]}}, "order_fulfillment": {"postponed_orders": [], "serviced_orders": [1, 2, 3, 4, 5, 6, 7, 8, 9, 10, 11, 12, 13, 14]}, "vessels": {"fleet_vessels": 2, "chartered_vessels": 0}, "objective": {"objective_bound": 5500.504, "fuel_costs": 5500.5039, "charter_costs": 0.0, "penalty_costs": 0.0001, "optimality_gap": 0.0}, "variables": {"number_of_variables": 36030, "number_of_bin_variables": 35934, "number_of_arcs": 35886, "number_of_cont_variables": 96}, "runtime": {"preprocess_runtime": 4.9501, "model_runtime": 14.3439}}