{"instance_info": {"installation_ordering": "Random", "number_of_installations": 7, "weather_scenario": 2, "fleet_size": 2, "order_composition": {"1": {"order": "MD_VFB", "size": 15.0, "installation": 18, "node": 1}, "2": {"order": "OD_VFB", "size": 11.25, "installation": 18, "node": 2}, "3": {"order": "MD_VMO", "size": 11.25, "installation": 16, "node": 3}, "4": {"order": "OP_VMO", "size": 11.25, "installation": 16, "node": 4}, "5": {"order": "MD_TRO", "size": 18.75, "installation": 1, "node": 5}, "6": {"order": "OD_TRO", "size": 18.75, "installation": 1, "node": 6}, "7": {"order": "MD_HUL", "size": 10.0, "installation": 20, "node": 7}, "8": {"order": "OP_HUL", "size": 5.0, "installation": 20, "node": 8}, "9": {"order": "MD_SOD", "size": 11.25, "installation": 27, "node": 9}, "10": {"order": "OD_SOD", "size": 15.0, "installation": 27, "node": 10}, "11": {"order": "MD_SEQ", "size": 10.0, "installation": 7, "node": 11}, "12": {"order": "OP_SEQ", "size": 15.0, "installation": 7, "node": 12}, "13": {"order": "MD_OSB", "size": 15.0, "installation": 9, "node": 13}, "14": {"order": "OD_OSB", "size": 11.25, "installation": 9, "node": 14}}}, "voyages": {"0": {"0": [1, [63, 88, 94], 10.0, [57.5, 0], [789.7755333333337, 0.0]], "1": [2, [94, 94, 99], 0, [42.499999849029, 0], [99.11850000000003, 0.0]], "2": [7, [99, 101, 105], 11.0, [31.249999849029003, 0], [157.24456851851852, 0.0]], "3": [4, [116, 116, 117], 0, [10.0, 4.999999999999359], [19.823700000000002, 0.0]], "4": [11, [117, 132, 136], 10.0, [10.0, 16.24999999999936], [528.5135500000001, 0.0]], "7": [8, [105, 105, 106], 0, [21.249999849029013, 0], [19.823700000000002, 0.0]], "8": [3, [106, 111, 116], 10.0, [21.249999849029013, 4.999999999999997], [248.8580833333334, 0.0]], "11": [12, [136, 136, 137], 0, [0, 16.24999999999912], [19.823700000000002, 0.0]], "12": [15, [137, 153, 153], 10.0, [0, 31.249999999999126], [483.44494047619065, 0.0]]}, "1": {"0": [9, [63, 78, 83], 10.0, [90.0, 0], [470.4726666666668, 0.0]], "5": [6, [134, 134, 142], 0, [18.75, 0], [158.58960000000002, 0.0]], "6": [15, [142, 159, 159], 10.0, [0, 0], [539.0625000000002, 0.0]], "9": [10, [83, 83, 89], 0, [78.74999999999724, 0], [118.94220000000003, 0.0]], "10": [13, [89, 104, 110], 10.0, [63.74999999999724, 0], [568.1609500000002, 0.0]], "13": [14, [110, 110, 115], 0, [48.75, 0], [99.11850000000003, 0.0]], "14": [5, [115, 126, 134], 10.0, [37.5, 0], [488.01668333333345, 0.0]]}, "2": {"0": [15, [63, 63, 63], 0, [0, 0], [0, 0]]}}, "order_fulfillment": {"postponed_orders": [], "serviced_orders": [1, 2, 3, 4, 5, 6, 7, 8, 9, 10, 11, 12, 13, 14]}, "vessels": {"fleet_vessels": 2, "chartered_vessels": 0}, "objective": {"objective_bound": 4808.7894, "fuel_costs": 4808.7894, "charter_costs": 0.0, "penalty_costs": 0.0, "optimality_gap": 0.0}, "variables": {"number_of_variables": 35490, "number_of_bin_variables": 35394, "number_of_arcs": 35346, "number_of_cont_variables": 96}, "runtime": {"preprocess_runtime": 4.8656, "model_runtime": 17.2842}}