{"instance_info": {"installation_ordering": "Random", "number_of_installations": 7, "weather_scenario": 2, "fleet_size": 2, "order_composition": {"1": {"order": "MD_STC", "size": 17.5, "installation": 23, "node": 1}, "2": {"order": "OD_STC", "size": 13.125, "installation": 23, "node": 2}, "3": {"order": "MD_TRB", "size": 15.0, "installation": 2, "node": 3}, "4": {"order": "OP_TRB", "size": 20.0, "installation": 2, "node": 4}, "5": {"order": "MD_SSC", "size": 5.625, "installation": 12, "node": 5}, "6": {"order": "OD_SSC", "size": 7.5, "installation": 12, "node": 6}, "7": {"order": "MD_GFC", "size": 26.25, "installation": 26, "node": 7}, "8": {"order": "OP_GFC", "size": 17.5, "installation": 26, "node": 8}, "9": {"order": "MD_SDO", "size": 30.0, "installation": 6, "node": 9}, "10": {"order": "OD_SDO", "size": 20.0, "installation": 6, "node": 10}, "11": {"order": "MD_WEL", "size": 18.75, "installation": 17, "node": 11}, "12": {"order": "OP_WEL", "size": 11.25, "installation": 17, "node": 12}, "13": {"order": "MD_GFB", "size": 17.5, "installation": 25, "node": 13}, "14": {"order": "OD_GFB", "size": 17.5, "installation": 25, "node": 14}}}, "voyages": {"0": {"0": [13, [63, 97, 104], 10.0, [91.875, 0], [1079.1304833333338, 0.0]], "1": [2, [121, 121, 127], 0, [39.374875455967086, 0], [118.94220000000003, 0.0]], "2": [7, [127, 131, 142], 10.0, [26.249841527879447, 0], [337.85236666666674, 0.0]], "7": [8, [142, 142, 143], 0, [0, 0], [19.823700000000002, 0.0]], "8": [15, [143, 177, 177], 10.0, [0, 17.49991332643333], [1125.1860119047622, 0.0]], "13": [14, [104, 104, 111], 0, [74.37480360012152, 0], [138.76590000000002, 0.0]], "14": [1, [111, 114, 121], 11.0, [56.87471692672558, 0], [255.69055277777778, 0.0]]}, "1": {"0": [9, [63, 78, 90], 11.0, [96.875, 0], [730.3852101851852, 0.0]], "3": [4, [149, 149, 150], 0, [0, 11.25], [19.823700000000002, 0.0]], "4": [15, [150, 168, 168], 10.0, [0, 31.25], [607.5148809523812, 0.0]], "5": [6, [134, 134, 137], 0, [22.5, 11.25], [59.471100000000014, 0.0]], "6": [3, [137, 143, 149], 10.0, [15.0, 11.25], [298.62970000000007, 0.0]], "9": [10, [90, 90, 98], 0, [66.875, 0], [158.58960000000002, 0.0]], "10": [11, [98, 113, 121], 10.0, [46.875, 0], [607.8083500000001, 0.0]], "11": [12, [121, 121, 122], 0, [28.125, 0], [19.823700000000002, 0.0]], "12": [5, [122, 131, 134], 11.0, [28.125, 11.25], [410.24505833333336, 0.0]]}, "2": {"0": [15, [63, 63, 63], 0, [0, 0], [0, 0]]}}, "order_fulfillment": {"postponed_orders": [], "serviced_orders": [1, 2, 3, 4, 5, 6, 7, 8, 9, 10, 11, 12, 13, 14]}, "vessels": {"fleet_vessels": 2, "chartered_vessels": 0}, "objective": {"objective_bound": 5987.6811, "fuel_costs": 5987.6825, "charter_costs": 0.0, "penalty_costs": 0.0014, "optimality_gap": 0.0}, "variables": {"number_of_variables": 29205, "number_of_bin_variables": 29109, "number_of_arcs": 29061, "number_of_cont_variables": 96}, "runtime": {"preprocess_runtime": 4.5366, "model_runtime": 14.3799}}