{"instance_info": {"installation_ordering": "Random", "number_of_installations": 7, "weather_scenario": 1, "fleet_size": 2, "order_composition": {"1": {"order": "MD_STC", "size": 17.5, "installation": 23, "node": 1}, "2": {"order": "OD_STC", "size": 21.875, "installation": 23, "node": 2}, "3": {"order": "MD_TRB", "size": 10.0, "installation": 2, "node": 3}, "4": {"order": "OP_TRB", "size": 15.0, "installation": 2, "node": 4}, "5": {"order": "MD_SSC", "size": 5.625, "installation": 12, "node": 5}, "6": {"order": "OD_SSC", "size": 7.5, "installation": 12, "node": 6}, "7": {"order": "MD_GFC", "size": 8.75, "installation": 26, "node": 7}, "8": {"order": "OP_GFC", "size": 17.5, "installation": 26, "node": 8}, "9": {"order": "MD_SDO", "size": 10.0, "installation": 6, "node": 9}, "10": {"order": "OD_SDO", "size": 25.0, "installation": 6, "node": 10}, "11": {"order": "MD_WEL", "size": 18.75, "installation": 17, "node": 11}, "12": {"order": "OP_WEL", "size": 11.25, "installation": 17, "node": 12}, "13": {"order": "MD_GFB", "size": 26.25, "installation": 25, "node": 13}, "14": {"order": "OD_GFB", "size": 8.75, "installation": 25, "node": 14}}}, "voyages": {"0": {"0": [9, [63, 80, 84], 10.0, [58.125, 0], [474.8564666666668, 0.0]], "3": [4, [127, 127, 128], 0, [0, 0], [16.8912, 0.0]], "4": [15, [128, 146, 146], 10.0, [0, 15.0], [539.0625000000002, 0.0]], "5": [6, [105, 105, 108], 0, [17.5, 0], [50.67359999999999, 0.0]], "6": [3, [108, 114, 127], 10.0, [10.0, 0], [300.7388, 0.0]], "9": [10, [84, 84, 94], 0, [48.125, 0], [168.91199999999998, 0.0]], "10": [5, [94, 102, 105], 10.0, [23.125, 0], [242.3402666666667, 0.0]]}, "1": {"0": [1, [63, 101, 108], 10.0, [101.875, 0], [1028.655066666667, 0.0]], "1": [2, [108, 108, 117], 0, [84.375, 0], [152.0208, 0.0]], "2": [13, [117, 120, 131], 11.0, [62.5, 0], [290.26632500000005, 0.0]], "7": [8, [139, 139, 140], 0, [18.749999999999996, 0], [19.823700000000002, 0.0]], "8": [11, [140, 143, 151], 10.0, [18.749999999999996, 17.5], [248.43335000000005, 0.0]], "11": [12, [151, 151, 152], 0, [0, 17.5], [19.823700000000002, 0.0]], "12": [15, [152, 184, 184], 10.0, [0, 28.75], [958.3333333333336, 0.0]], "13": [14, [131, 131, 135], 0, [36.25, 0], [79.29480000000001, 0.0]], "14": [7, [135, 135, 139], 10.0, [27.5, 0], [79.29480000000001, 0.0]]}, "2": {"0": [15, [63, 63, 63], 0, [0, 0], [0, 0]]}}, "order_fulfillment": {"postponed_orders": [], "serviced_orders": [1, 2, 3, 4, 5, 6, 7, 8, 9, 10, 11, 12, 13, 14]}, "vessels": {"fleet_vessels": 2, "chartered_vessels": 0}, "objective": {"objective_bound": 4669.4207, "fuel_costs": 4669.4207, "charter_costs": 0.0, "penalty_costs": 0.0, "optimality_gap": 0.0}, "variables": {"number_of_variables": 135930, "number_of_bin_variables": 135834, "number_of_arcs": 135786, "number_of_cont_variables": 96}, "runtime": {"preprocess_runtime": 11.2038, "model_runtime": 530.7206}}