{"instance_info": {"installation_ordering": "Random", "number_of_installations": 7, "weather_scenario": 1, "fleet_size": 2, "order_composition": {"1": {"order": "MD_STB", "size": 26.25, "installation": 22, "node": 1}, "2": {"order": "OD_STB", "size": 13.125, "installation": 22, "node": 2}, "3": {"order": "MD_GFC", "size": 17.5, "installation": 26, "node": 3}, "4": {"order": "OP_GFC", "size": 17.5, "installation": 26, "node": 4}, "5": {"order": "MD_SSC", "size": 7.5, "installation": 12, "node": 5}, "6": {"order": "OD_SSC", "size": 7.5, "installation": 12, "node": 6}, "7": {"order": "MD_OSC", "size": 22.5, "installation": 10, "node": 7}, "8": {"order": "OP_OSC", "size": 18.75, "installation": 10, "node": 8}, "9": {"order": "MD_STC", "size": 17.5, "installation": 23, "node": 9}, "10": {"order": "OD_STC", "size": 8.75, "installation": 23, "node": 10}, "11": {"order": "MD_SDO", "size": 20.0, "installation": 6, "node": 11}, "12": {"order": "OP_SDO", "size": 25.0, "installation": 6, "node": 12}, "13": {"order": "MD_OSE", "size": 15.0, "installation": 8, "node": 13}, "14": {"order": "OD_OSE", "size": 11.25, "installation": 8, "node": 14}}}, "voyages": {"0": {"0": [13, [63, 91, 97], 10.0, [63.75, 0], [772.1805333333336, 0.0]], "5": [6, [119, 119, 122], 0, [7.5, 18.75], [50.67359999999999, 0.0]], "6": [15, [122, 147, 147], 10.0, [0, 18.75], [712.7604166666669, 0.0]], "7": [8, [113, 113, 114], 0, [15.0, 0], [16.8912, 0.0]], "8": [5, [114, 116, 119], 11.0, [15.0, 18.75], [114.45068333333333, 0.0]], "13": [14, [97, 97, 102], 0, [48.75, 0], [84.45599999999999, 0.0]], "14": [7, [102, 104, 113], 10.0, [37.5, 0], [199.9374666666667, 0.0]]}, "1": {"0": [1, [63, 102, 113], 10.0, [103.125, 0], [1120.1782000000003, 0.0]], "1": [2, [113, 113, 119], 0, [76.87500000000011, 0], [101.34719999999999, 0.0]], "2": [9, [119, 120, 127], 12.0, [63.749999999999986, 0], [159.6384, 0.0]], "3": [4, [142, 142, 143], 0, [20.0, 0], [19.823700000000002, 0.0]], "4": [11, [143, 160, 168], 10.0, [20.0, 17.5], [667.7041833333335, 0.0]], "9": [10, [127, 127, 131], 0, [46.24999999999999, 0], [76.36230000000002, 0.0]], "10": [3, [131, 135, 142], 10.0, [37.49999999999999, 0], [258.55756666666673, 0.0]], "11": [12, [168, 168, 169], 0, [0, 17.5], [19.823700000000002, 0.0]], "12": [15, [169, 186, 186], 10.0, [0, 42.5], [509.1145833333335, 0.0]]}, "2": {"0": [15, [63, 63, 63], 0, [0, 0], [0, 0]]}}, "order_fulfillment": {"postponed_orders": [], "serviced_orders": [1, 2, 3, 4, 5, 6, 7, 8, 9, 10, 11, 12, 13, 14]}, "vessels": {"fleet_vessels": 2, "chartered_vessels": 0}, "objective": {"objective_bound": 4883.8997, "fuel_costs": 4883.8997, "charter_costs": 0.0, "penalty_costs": 0.0, "optimality_gap": 0.0}, "variables": {"number_of_variables": 162216, "number_of_bin_variables": 162120, "number_of_arcs": 162072, "number_of_cont_variables": 96}, "runtime": {"preprocess_runtime": 12.1144, "model_runtime": 301.2762}}