{"instance_info": {"installation_ordering": "Random", "number_of_installations": 7, "weather_scenario": 1, "fleet_size": 2, "order_composition": {"1": {"order": "MD_WEL", "size": 22.5, "installation": 17, "node": 1}, "2": {"order": "OD_WEL", "size": 18.75, "installation": 17, "node": 2}, "3": {"order": "MD_SEQ", "size": 20.0, "installation": 7, "node": 3}, "4": {"order": "OP_SEQ", "size": 15.0, "installation": 7, "node": 4}, "5": {"order": "MD_OSB", "size": 11.25, "installation": 9, "node": 5}, "6": {"order": "OD_OSB", "size": 22.5, "installation": 9, "node": 6}, "7": {"order": "MD_STB", "size": 13.125, "installation": 22, "node": 7}, "8": {"order": "OP_STB", "size": 21.875, "installation": 22, "node": 8}, "9": {"order": "MD_TRO", "size": 18.75, "installation": 1, "node": 9}, "10": {"order": "OD_TRO", "size": 11.25, "installation": 1, "node": 10}, "11": {"order": "MD_SEN", "size": 20.0, "installation": 5, "node": 11}, "12": {"order": "OP_SEN", "size": 25.0, "installation": 5, "node": 12}, "13": {"order": "MD_CPR", "size": 10.0, "installation": 4, "node": 13}, "14": {"order": "OD_CPR", "size": 15.0, "installation": 4, "node": 14}}}, "voyages": {"0": {"0": [13, [63, 80, 84], 10.0, [88.75, 0], [474.8564666666668, 0.0]], "5": [6, [106, 106, 115], 0, [52.49972900669822, 0], [152.0208, 0.0]], "6": [9, [115, 126, 134], 10.0, [29.999729296275476, 0], [416.26626666666675, 0.0]], "9": [10, [134, 134, 139], 0, [11.249999893121725, 0], [99.11850000000003, 0.0]], "10": [15, [139, 156, 156], 10.0, [0, 0], [509.1145833333335, 0.0]], "13": [14, [84, 84, 90], 0, [78.74945835324888, 0], [101.34719999999999, 0.0]], "14": [5, [90, 101, 106], 10.0, [63.74945830853656, 0], [347.99766666666676, 0.0]]}, "1": {"0": [1, [63, 95, 104], 10.0, [94.375, 0], [918.6874666666669, 0.0]], "1": [2, [104, 104, 112], 0, [71.875, 0], [135.1296, 0.0]], "2": [7, [112, 119, 125], 10.0, [53.125, 0], [269.0555333333334, 0.0]], "3": [4, [165, 165, 166], 0, [0, 46.87499999999977], [19.823700000000002, 0.0]], "4": [15, [166, 182, 182], 10.0, [0, 61.87499999999948], [479.1666666666668, 0.0]], "7": [8, [125, 125, 126], 0, [40.0, 0], [16.8912, 0.0]], "8": [11, [126, 147, 155], 10.0, [40.0, 21.875], [775.5166833333335, 0.0]], "11": [12, [155, 155, 156], 0, [20.000000000000004, 21.874999999999872], [19.823700000000002, 0.0]], "12": [3, [156, 157, 165], 10.0, [20.000000000000004, 46.87499999999977], [188.5375166666667, 0.0]]}, "2": {"0": [15, [63, 63, 63], 0, [0, 0], [0, 0]]}}, "order_fulfillment": {"postponed_orders": [], "serviced_orders": [1, 2, 3, 4, 5, 6, 7, 8, 9, 10, 11, 12, 13, 14]}, "vessels": {"fleet_vessels": 2, "chartered_vessels": 0}, "objective": {"objective_bound": 4923.3539, "fuel_costs": 4923.3536, "charter_costs": 0.0, "penalty_costs": 0.0003, "optimality_gap": 0.0}, "variables": {"number_of_variables": 147750, "number_of_bin_variables": 147654, "number_of_arcs": 147606, "number_of_cont_variables": 96}, "runtime": {"preprocess_runtime": 12.5841, "model_runtime": 498.6932}}