{"instance_info": {"installation_ordering": "Random", "number_of_installations": 8, "weather_scenario": 2, "fleet_size": 3, "order_composition": {"1": {"order": "MD_STC", "size": 17.5, "installation": 23, "node": 1}, "2": {"order": "OD_STC", "size": 21.875, "installation": 23, "node": 2}, "3": {"order": "MD_TRB", "size": 25.0, "installation": 2, "node": 3}, "4": {"order": "OP_TRB", "size": 10.0, "installation": 2, "node": 4}, "5": {"order": "MD_SSC", "size": 11.25, "installation": 12, "node": 5}, "6": {"order": "OD_SSC", "size": 11.25, "installation": 12, "node": 6}, "7": {"order": "MD_GFC", "size": 21.875, "installation": 26, "node": 7}, "8": {"order": "OP_GFC", "size": 17.5, "installation": 26, "node": 8}, "9": {"order": "MD_SDO", "size": 15.0, "installation": 6, "node": 9}, "10": {"order": "OD_SDO", "size": 20.0, "installation": 6, "node": 10}, "11": {"order": "MD_WEL", "size": 15.0, "installation": 17, "node": 11}, "12": {"order": "OP_WEL", "size": 15.0, "installation": 17, "node": 12}, "13": {"order": "MD_GFB", "size": 13.125, "installation": 25, "node": 13}, "14": {"order": "OD_GFB", "size": 17.5, "installation": 25, "node": 14}, "15": {"order": "MD_DSD", "size": 20.0, "installation": 14, "node": 15}, "16": {"order": "OP_DSD", "size": 20.0, "installation": 14, "node": 16}}}, "voyages": {"0": {"0": [13, [63, 94, 100], 11.0, [106.875, 0], [1235.0411583333332, 0.0]], "1": [2, [117, 117, 126], 0, [58.74999999999922, 0], [178.41330000000002, 0.0]], "2": [7, [126, 130, 139], 10.0, [36.87499999999922, 0], [298.20496666666673, 0.0]], "7": [8, [139, 139, 140], 0, [14.99999999999963, 0], [19.823700000000002, 0.0]], "8": [11, [140, 143, 149], 10.0, [14.99999999999963, 17.5], [208.78595000000007, 0.0]], "11": [12, [149, 149, 150], 0, [0, 17.499999999998902], [19.823700000000002, 0.0]], "12": [17, [150, 182, 182], 10.0, [0, 32.4999999999989], [1086.681547619048, 0.0]], "13": [14, [100, 100, 107], 0, [93.74999999999883, 0], [138.76590000000002, 0.0]], "14": [1, [107, 110, 117], 11.0, [76.24999999999883, 0], [255.69055277777778, 0.0]]}, "1": {"0": [9, [63, 80, 86], 10.0, [35.0, 0], [550.1922000000002, 0.0]], "9": [10, [86, 86, 94], 0, [20.0, 0], [158.58960000000002, 0.0]], "10": [17, [94, 111, 111], 10.0, [0, 0], [509.1145833333335, 0.0]]}, "2": {"0": [15, [63, 98, 106], 10.0, [67.5, 0], [1128.9021000000002, 0.0]], "3": [4, [148, 148, 149], 0, [0, 19.999971464218593], [19.823700000000002, 0.0]], "4": [17, [149, 167, 167], 10.0, [0, 29.99994772961603], [603.2366071428572, 0.0]], "5": [6, [127, 127, 132], 0, [36.249970414627306, 19.999976192976195], [99.11850000000003, 0.0]], "6": [3, [132, 138, 148], 10.0, [24.999976226838267, 19.999952559984454], [377.9245000000001, 0.0]], "15": [16, [106, 106, 107], 0, [47.499946474549695, 0], [19.823700000000002, 0.0]], "16": [5, [107, 122, 127], 10.0, [47.4999466076035, 19.999976236454458], [548.3372500000002, 0.0]]}, "3": {"0": [17, [63, 63, 63], 0, [0, 0], [0, 0]]}}, "order_fulfillment": {"postponed_orders": [], "serviced_orders": [1, 2, 3, 4, 5, 6, 7, 8, 9, 10, 11, 12, 13, 14, 15, 16]}, "vessels": {"fleet_vessels": 3, "chartered_vessels": 0}, "objective": {"objective_bound": 7456.2929, "fuel_costs": 7456.2935, "charter_costs": 0.0, "penalty_costs": 0.0006, "optimality_gap": 0.0}, "variables": {"number_of_variables": 51608, "number_of_bin_variables": 51464, "number_of_arcs": 51392, "number_of_cont_variables": 144}, "runtime": {"preprocess_runtime": 8.275, "model_runtime": 45.409}}