{"instance_info": {"installation_ordering": "Random", "number_of_installations": 8, "weather_scenario": 2, "fleet_size": 3, "order_composition": {"1": {"order": "MD_WEL", "size": 11.25, "installation": 17, "node": 1}, "2": {"order": "OD_WEL", "size": 11.25, "installation": 17, "node": 2}, "3": {"order": "MD_SEQ", "size": 25.0, "installation": 7, "node": 3}, "4": {"order": "OP_SEQ", "size": 20.0, "installation": 7, "node": 4}, "5": {"order": "MD_OSB", "size": 22.5, "installation": 9, "node": 5}, "6": {"order": "OD_OSB", "size": 18.75, "installation": 9, "node": 6}, "7": {"order": "MD_STB", "size": 8.75, "installation": 22, "node": 7}, "8": {"order": "OP_STB", "size": 21.875, "installation": 22, "node": 8}, "9": {"order": "MD_TRO", "size": 15.0, "installation": 1, "node": 9}, "10": {"order": "OD_TRO", "size": 15.0, "installation": 1, "node": 10}, "11": {"order": "MD_SEN", "size": 20.0, "installation": 5, "node": 11}, "12": {"order": "OP_SEN", "size": 10.0, "installation": 5, "node": 12}, "13": {"order": "MD_CPR", "size": 25.0, "installation": 4, "node": 13}, "14": {"order": "OD_CPR", "size": 20.0, "installation": 4, "node": 14}, "15": {"order": "MD_VFB", "size": 18.75, "installation": 18, "node": 15}, "16": {"order": "OP_VFB", "size": 18.75, "installation": 18, "node": 16}}}, "voyages": {"0": {"0": [11, [63, 80, 88], 10.0, [109.999999999998, 0], [589.8396000000001, 0.0]], "5": [6, [120, 120, 128], 0, [48.749999999663565, 28.749999999863707], [158.58960000000002, 0.0]], "6": [9, [128, 138, 144], 11.0, [29.999999999714586, 28.74999999981267], [508.69104259259257, 0.0]], "9": [10, [144, 144, 150], 0, [14.999999999999998, 28.749999999585683], [118.94220000000003, 0.0]], "10": [17, [150, 167, 167], 10.0, [0, 28.74999999958567], [573.2886904761906, 0.0]], "11": [12, [88, 88, 89], 0, [89.99999999935368, 0], [19.823700000000002, 0.0]], "12": [15, [89, 96, 104], 12.0, [89.99999999957916, 9.999999999777843], [506.34960000000007, 0.0]], "15": [16, [104, 104, 105], 0, [71.24999999964149, 9.999999999665759], [19.823700000000002, 0.0]], "16": [5, [105, 111, 120], 11.0, [71.24999999965138, 28.749999999562228], [412.2626055555556, 0.0]]}, "1": {"0": [13, [63, 80, 90], 10.0, [101.250000000002, 0], [629.4870000000002, 0.0]], "1": [2, [132, 132, 137], 0, [20.000000000000774, 19.999999999998444], [99.11850000000003, 0.0]], "2": [7, [137, 144, 148], 10.0, [8.749999999996419, 19.999999999998444], [288.93021666666675, 0.0]], "3": [4, [111, 111, 112], 0, [31.250000000020695, 0], [19.823700000000002, 0.0]], "4": [1, [112, 127, 132], 10.0, [31.25000000000077, 19.999999999999996], [548.3372500000002, 0.0]], "7": [8, [148, 148, 149], 0, [0, 19.99999999999845], [19.823700000000002, 0.0]], "8": [17, [149, 188, 188], 10.0, [0, 41.87499999999418], [1321.9866071428576, 0.0]], "13": [14, [90, 90, 98], 0, [76.25000000002069, 0], [158.58960000000002, 0.0]], "14": [3, [98, 101, 111], 10.0, [56.250000000020684, 0], [288.0807500000001, 0.0]]}, "2": {"0": [17, [63, 63, 63], 0, [0, 0], [0, 0]]}, "3": {"0": [17, [63, 63, 63], 0, [0, 0], [0, 0]]}}, "order_fulfillment": {"postponed_orders": [], "serviced_orders": [1, 2, 3, 4, 5, 6, 7, 8, 9, 10, 11, 12, 13, 14, 15, 16]}, "vessels": {"fleet_vessels": 2, "chartered_vessels": 0}, "objective": {"objective_bound": 6281.7881, "fuel_costs": 6281.7881, "charter_costs": 0.0, "penalty_costs": 0.0, "optimality_gap": 0.0}, "variables": {"number_of_variables": 57900, "number_of_bin_variables": 57756, "number_of_arcs": 57684, "number_of_cont_variables": 144}, "runtime": {"preprocess_runtime": 8.3767, "model_runtime": 75.6984}}