{"instance_info": {"installation_ordering": "Random", "number_of_installations": 8, "weather_scenario": 2, "fleet_size": 3, "order_composition": {"1": {"order": "MD_STB", "size": 17.5, "installation": 22, "node": 1}, "2": {"order": "OD_STB", "size": 26.25, "installation": 22, "node": 2}, "3": {"order": "MD_GFC", "size": 17.5, "installation": 26, "node": 3}, "4": {"order": "OP_GFC", "size": 21.875, "installation": 26, "node": 4}, "5": {"order": "MD_SSC", "size": 7.5, "installation": 12, "node": 5}, "6": {"order": "OD_SSC", "size": 5.625, "installation": 12, "node": 6}, "7": {"order": "MD_OSC", "size": 15.0, "installation": 10, "node": 7}, "8": {"order": "OP_OSC", "size": 18.75, "installation": 10, "node": 8}, "9": {"order": "MD_STC", "size": 21.875, "installation": 23, "node": 9}, "10": {"order": "OD_STC", "size": 13.125, "installation": 23, "node": 10}, "11": {"order": "MD_SDO", "size": 15.0, "installation": 6, "node": 11}, "12": {"order": "OP_SDO", "size": 10.0, "installation": 6, "node": 12}, "13": {"order": "MD_OSE", "size": 15.0, "installation": 8, "node": 13}, "14": {"order": "OD_OSE", "size": 15.0, "installation": 8, "node": 14}, "15": {"order": "MD_SOD", "size": 7.5, "installation": 27, "node": 15}, "16": {"order": "OP_SOD", "size": 15.0, "installation": 27, "node": 16}}}, "voyages": {"0": {"0": [13, [63, 91, 97], 10.0, [80.625, 0], [879.6192833333337, 0.0]], "5": [6, [117, 117, 120], 0, [28.124999999999826, 18.749999999999716], [59.471100000000014, 0.0]], "6": [11, [120, 128, 134], 10.0, [22.499999999999826, 18.749999999999716], [358.52553333333344, 0.0]], "7": [8, [111, 111, 112], 0, [35.624999999999815, 0], [19.823700000000002, 0.0]], "8": [5, [112, 114, 117], 11.0, [35.624999999999815, 18.75], [137.42086851851855, 0.0]], "11": [12, [134, 134, 135], 0, [7.4999999999998295, 18.749999999999588], [19.823700000000002, 0.0]], "12": [15, [135, 137, 140], 10.0, [7.499999999999943, 28.749999999999588], [119.36693333333336, 0.0]], "13": [14, [97, 97, 103], 0, [65.62499999999983, 0], [118.94220000000003, 0.0]], "14": [7, [103, 105, 111], 10.0, [50.62499999999983, 0], [178.83803333333339, 0.0]], "15": [16, [140, 140, 141], 0, [0, 28.749999999999275], [19.823700000000002, 0.0]], "16": [17, [141, 156, 156], 10.0, [0, 43.74999999999926], [466.33184523809535, 0.0]]}, "1": {"0": [1, [63, 102, 109], 10.0, [96.25, 0], [1228.870066666667, 0.0]], "1": [2, [109, 109, 120], 0, [78.74972339551016, 0], [218.06070000000003, 0.0]], "2": [9, [120, 121, 130], 12.0, [52.49981558139739, 0], [228.09330000000003, 0.0]], "3": [4, [147, 147, 148], 0, [0, 0], [19.823700000000002, 0.0]], "4": [17, [148, 182, 182], 10.0, [0, 21.874907795849687], [1146.5773809523812, 0.0]], "9": [10, [130, 130, 136], 0, [30.624815620449507, 0], [118.94220000000003, 0.0]], "10": [3, [136, 140, 147], 10.0, [17.499907769242537, 0], [258.55756666666673, 0.0]]}, "2": {"0": [17, [63, 63, 63], 0, [0, 0], [0, 0]]}, "3": {"0": [17, [63, 63, 63], 0, [0, 0], [0, 0]]}}, "order_fulfillment": {"postponed_orders": [], "serviced_orders": [1, 2, 3, 4, 5, 6, 7, 8, 9, 10, 11, 12, 13, 14, 15, 16]}, "vessels": {"fleet_vessels": 2, "chartered_vessels": 0}, "objective": {"objective_bound": 5596.909, "fuel_costs": 5596.9118, "charter_costs": 0.0, "penalty_costs": 0.0028, "optimality_gap": 0.0}, "variables": {"number_of_variables": 65544, "number_of_bin_variables": 65400, "number_of_arcs": 65328, "number_of_cont_variables": 144}, "runtime": {"preprocess_runtime": 8.5996, "model_runtime": 114.8449}}