{"instance_info": {"installation_ordering": "Random", "number_of_installations": 0, "weather_scenario": 0, "fleet_size": 3, "order_composition": {"1": {"order": "MD_VFB", "size": 18.75, "installation": 18, "node": 1}, "2": {"order": "OD_VFB", "size": 15.0, "installation": 18, "node": 2}, "3": {"order": "MD_VMO", "size": 22.5, "installation": 16, "node": 3}, "4": {"order": "OP_VMO", "size": 18.75, "installation": 16, "node": 4}, "5": {"order": "MD_TRO", "size": 15.0, "installation": 1, "node": 5}, "6": {"order": "OD_TRO", "size": 18.75, "installation": 1, "node": 6}, "7": {"order": "MD_HUL", "size": 10.0, "installation": 20, "node": 7}, "8": {"order": "OP_HUL", "size": 7.5, "installation": 20, "node": 8}, "9": {"order": "MD_SOD", "size": 15.0, "installation": 27, "node": 9}, "10": {"order": "OD_SOD", "size": 22.5, "installation": 27, "node": 10}, "11": {"order": "MD_SEQ", "size": 30.0, "installation": 7, "node": 11}, "12": {"order": "OP_SEQ", "size": 25.0, "installation": 7, "node": 12}, "13": {"order": "MD_OSB", "size": 11.25, "installation": 9, "node": 13}, "14": {"order": "OD_OSB", "size": 18.75, "installation": 9, "node": 14}, "15": {"order": "MD_GFA", "size": 17.5, "installation": 24, "node": 15}, "16": {"order": "OP_GFA", "size": 17.5, "installation": 24, "node": 16}}}, "voyages": {"0": {"0": [13, [63, 91, 96], 10.0, [110.0, 0], [729.4833333333336, 0.0]], "3": [4, [132, 132, 133], 0, [47.49999999999986, 7.49999999999153], [11.73, 0.0]], "4": [15, [133, 136, 143], 10.0, [47.49999999999986, 26.24999999999136], [153.98500000000004, 0.0]], "7": [8, [117, 117, 118], 0, [69.99999999999986, 0], [11.73, 0.0]], "8": [3, [118, 123, 132], 10.0, [69.99999999999986, 7.5], [225.3616666666667, 0.0]], "11": [12, [174, 174, 175], 0, [0, 43.74999999999117], [11.73, 0.0]], "12": [17, [175, 191, 191], 10.0, [0, 68.74999999999102], [383.3333333333334, 0.0]], "13": [14, [96, 96, 104], 0, [98.75, 0], [93.84, 0.0]], "14": [7, [104, 113, 117], 10.0, [79.99999999999986, 0], [262.5450000000001, 0.0]], "15": [16, [143, 143, 144], 0, [29.999999999999858, 26.249999999991232], [11.73, 0.0]], "16": [11, [144, 162, 174], 10.0, [29.99999999999993, 43.74999999999123], [572.0100000000002, 0.0]]}, "1": {"0": [9, [63, 78, 84], 10.0, [105.0, 0], [429.7550000000001, 0.0]], "1": [2, [112, 112, 118], 0, [48.75, 0], [70.38000000000001, 0.0]], "2": [5, [118, 128, 134], 10.0, [33.75000000000001, 0], [309.9633333333334, 0.0]], "5": [6, [134, 134, 142], 0, [18.75, 0], [93.84, 0.0]], "6": [17, [142, 159, 159], 10.0, [0, 0], [407.2916666666668, 0.0]], "9": [10, [84, 84, 93], 0, [90.0, 0], [105.57000000000001, 0.0]], "10": [1, [93, 104, 112], 10.0, [67.5, 0], [357.3816666666668, 0.0]]}, "2": {"0": [17, [63, 63, 63], 0, [0, 0], [0, 0]]}, "3": {"0": [17, [63, 63, 63], 0, [0, 0], [0, 0]]}}, "order_fulfillment": {"postponed_orders": [], "serviced_orders": [1, 2, 3, 4, 5, 6, 7, 8, 9, 10, 11, 12, 13, 14, 15, 16]}, "vessels": {"fleet_vessels": 2, "chartered_vessels": 0}, "objective": {"objective_bound": 3693.5692, "fuel_costs": 4241.66, "charter_costs": 0.0, "penalty_costs": 0.0, "optimality_gap": 0.09998628558850299}, "variables": {"number_of_variables": 330780, "number_of_bin_variables": 330636, "number_of_arcs": 330564, "number_of_cont_variables": 144}, "runtime": {"preprocess_runtime": 26.0236, "model_runtime": 3600.2043}}