{"instance_info": {"installation_ordering": "Random", "number_of_installations": 8, "weather_scenario": 2, "fleet_size": 3, "order_composition": {"1": {"order": "MD_VFB", "size": 18.75, "installation": 18, "node": 1}, "2": {"order": "OD_VFB", "size": 7.5, "installation": 18, "node": 2}, "3": {"order": "MD_VMO", "size": 18.75, "installation": 16, "node": 3}, "4": {"order": "OP_VMO", "size": 18.75, "installation": 16, "node": 4}, "5": {"order": "MD_TRO", "size": 22.5, "installation": 1, "node": 5}, "6": {"order": "OD_TRO", "size": 15.0, "installation": 1, "node": 6}, "7": {"order": "MD_HUL", "size": 12.5, "installation": 20, "node": 7}, "8": {"order": "OP_HUL", "size": 10.0, "installation": 20, "node": 8}, "9": {"order": "MD_SOD", "size": 15.0, "installation": 27, "node": 9}, "10": {"order": "OD_SOD", "size": 15.0, "installation": 27, "node": 10}, "11": {"order": "MD_SEQ", "size": 20.0, "installation": 7, "node": 11}, "12": {"order": "OP_SEQ", "size": 10.0, "installation": 7, "node": 12}, "13": {"order": "MD_OSB", "size": 15.0, "installation": 9, "node": 13}, "14": {"order": "OD_OSB", "size": 15.0, "installation": 9, "node": 14}, "15": {"order": "MD_GFA", "size": 21.875, "installation": 24, "node": 15}, "16": {"order": "OP_GFA", "size": 21.875, "installation": 24, "node": 16}}}, "voyages": {"0": {"0": [9, [63, 78, 84], 10.0, [109.375, 0], [490.29636666666676, 0.0]], "1": [2, [109, 109, 112], 0, [60.62493763145651, 0], [59.471100000000014, 0.0]], "2": [7, [112, 114, 119], 11.0, [53.12495319322078, 0], [177.06826851851855, 0.0]], "3": [4, [133, 133, 134], 0, [21.874969253913278, 9.999984398543711], [19.823700000000002, 0.0]], "4": [15, [134, 137, 146], 10.0, [21.874984397900846, 28.749969254556127], [268.25705000000005, 0.0]], "7": [8, [119, 119, 120], 0, [40.624953351131126, 0], [19.823700000000002, 0.0]], "8": [3, [120, 125, 133], 10.0, [40.624953652456995, 9.99998455568658], [308.3291833333334, 0.0]], "9": [10, [84, 84, 90], 0, [94.37492207975365, 0], [118.94220000000003, 0.0]], "10": [1, [90, 101, 109], 10.0, [79.37492204677558, 0], [488.01668333333345, 0.0]], "15": [16, [146, 146, 147], 0, [0, 28.749953653099837], [19.823700000000002, 0.0]], "16": [17, [147, 181, 181], 10.0, [0, 50.62493808399649], [1142.2991071428578, 0.0]]}, "1": {"0": [17, [63, 63, 63], 0, [0, 0], [0, 0]]}, "2": {"0": [11, [63, 79, 87], 10.0, [87.5, 0], [559.8916833333335, 0.0]], "5": [6, [134, 134, 140], 0, [15.0, 9.999999999999588], [118.94220000000003, 0.0]], "6": [17, [140, 157, 157], 10.0, [0, 9.999999999999588], [530.5059523809525, 0.0]], "11": [12, [87, 87, 88], 0, [67.4999999999999, 0], [19.823700000000002, 0.0]], "12": [13, [88, 102, 108], 10.0, [67.4999999999999, 10.0], [538.2130333333336, 0.0]], "13": [14, [108, 108, 114], 0, [52.5, 10.0], [118.94220000000003, 0.0]], "14": [5, [114, 125, 134], 10.0, [37.5, 10.0], [507.8403833333334, 0.0]]}, "3": {"0": [17, [63, 63, 63], 0, [0, 0], [0, 0]]}}, "order_fulfillment": {"postponed_orders": [], "serviced_orders": [1, 2, 3, 4, 5, 6, 7, 8, 9, 10, 11, 12, 13, 14, 15, 16]}, "vessels": {"fleet_vessels": 2, "chartered_vessels": 0}, "objective": {"objective_bound": 5506.3098, "fuel_costs": 5506.3102, "charter_costs": 0.0, "penalty_costs": 0.0004, "optimality_gap": 0.0}, "variables": {"number_of_variables": 59520, "number_of_bin_variables": 59376, "number_of_arcs": 59304, "number_of_cont_variables": 144}, "runtime": {"preprocess_runtime": 8.6237, "model_runtime": 116.0208}}