{"instance_info": {"installation_ordering": "Random", "number_of_installations": 0, "weather_scenario": 0, "fleet_size": 3, "order_composition": {"1": {"order": "MD_WEL", "size": 22.5, "installation": 17, "node": 1}, "2": {"order": "OD_WEL", "size": 15.0, "installation": 17, "node": 2}, "3": {"order": "MD_SEQ", "size": 15.0, "installation": 7, "node": 3}, "4": {"order": "OP_SEQ", "size": 20.0, "installation": 7, "node": 4}, "5": {"order": "MD_OSB", "size": 22.5, "installation": 9, "node": 5}, "6": {"order": "OD_OSB", "size": 18.75, "installation": 9, "node": 6}, "7": {"order": "MD_STB", "size": 17.5, "installation": 22, "node": 7}, "8": {"order": "OP_STB", "size": 17.5, "installation": 22, "node": 8}, "9": {"order": "MD_TRO", "size": 11.25, "installation": 1, "node": 9}, "10": {"order": "OD_TRO", "size": 11.25, "installation": 1, "node": 10}, "11": {"order": "MD_SEN", "size": 30.0, "installation": 5, "node": 11}, "12": {"order": "OP_SEN", "size": 25.0, "installation": 5, "node": 12}, "13": {"order": "MD_CPR", "size": 15.0, "installation": 4, "node": 13}, "14": {"order": "OD_CPR", "size": 15.0, "installation": 4, "node": 14}, "15": {"order": "MD_VFB", "size": 22.5, "installation": 18, "node": 15}, "16": {"order": "OP_VFB", "size": 15.0, "installation": 18, "node": 16}}}, "voyages": {"0": {"0": [1, [63, 95, 104], 10.0, [77.5, 0], [872.2366666666669, 0.0]], "1": [2, [104, 104, 110], 0, [54.99999999999963, 0], [70.38000000000001, 0.0]], "2": [7, [110, 117, 124], 10.0, [39.99999999999973, 0], [249.8183333333334, 0.0]], "7": [8, [124, 124, 125], 0, [22.499999999999858, 0], [11.73, 0.0]], "8": [15, [125, 141, 150], 10.0, [22.4999999999999, 17.5], [488.9033333333334, 0.0]], "15": [16, [150, 150, 151], 0, [0, 17.499999999999815], [11.73, 0.0]], "16": [17, [151, 176, 176], 10.0, [0, 32.499999999999645], [598.9583333333335, 0.0]]}, "1": {"0": [11, [63, 80, 92], 10.0, [45.00000805589072, 0], [548.0516666666668, 0.0]], "3": [4, [100, 100, 101], 0, [0, 24.999978536525106], [11.73, 0.0]], "4": [17, [101, 117, 117], 10.0, [0, 44.99995799731823], [383.3333333333334, 0.0]], "11": [12, [92, 92, 93], 0, [14.999980260878905, 0], [11.73, 0.0]], "12": [3, [93, 94, 100], 10.0, [14.999980197039553, 24.999978653425444], [94.33833333333335, 0.0]]}, "2": {"0": [13, [63, 80, 86], 10.0, [93.74999191191148, 0], [477.6716666666668, 0.0]], "5": [6, [112, 112, 120], 0, [41.24985494243879, 0], [93.84, 0.0]], "6": [9, [120, 131, 136], 10.0, [22.499918882094637, 0], [322.1916666666667, 0.0]], "9": [10, [136, 136, 141], 0, [11.249981243381637, 0], [58.650000000000006, 0.0]], "10": [17, [141, 158, 158], 10.0, [0, 0], [407.2916666666668, 0.0]], "13": [14, [86, 86, 92], 0, [78.74977134046702, 0], [70.38000000000001, 0.0]], "14": [5, [92, 103, 112], 10.0, [63.74977380974211, 0], [369.11166666666674, 0.0]]}, "3": {"0": [17, [63, 63, 63], 0, [0, 0], [0, 0]]}}, "order_fulfillment": {"postponed_orders": [], "serviced_orders": [1, 2, 3, 4, 5, 6, 7, 8, 9, 10, 11, 12, 13, 14, 15, 16]}, "vessels": {"fleet_vessels": 3, "chartered_vessels": 0}, "objective": {"objective_bound": 4491.3508, "fuel_costs": 5152.0767, "charter_costs": 0.0, "penalty_costs": 0.0015, "optimality_gap": 0.11019743685343972}, "variables": {"number_of_variables": 329992, "number_of_bin_variables": 329848, "number_of_arcs": 329776, "number_of_cont_variables": 144}, "runtime": {"preprocess_runtime": 25.5212, "model_runtime": 3600.1099}}