{"instance_info": {"installation_ordering": "Random", "number_of_installations": 9, "weather_scenario": 2, "fleet_size": 3, "order_composition": {"1": {"order": "MD_STC", "size": 17.5, "installation": 23, "node": 1}, "2": {"order": "OD_STC", "size": 13.125, "installation": 23, "node": 2}, "3": {"order": "MD_TRB", "size": 15.0, "installation": 2, "node": 3}, "4": {"order": "OP_TRB", "size": 15.0, "installation": 2, "node": 4}, "5": {"order": "MD_SSC", "size": 11.25, "installation": 12, "node": 5}, "6": {"order": "OD_SSC", "size": 9.375, "installation": 12, "node": 6}, "7": {"order": "MD_GFC", "size": 8.75, "installation": 26, "node": 7}, "8": {"order": "OP_GFC", "size": 13.125, "installation": 26, "node": 8}, "9": {"order": "MD_SDO", "size": 20.0, "installation": 6, "node": 9}, "10": {"order": "OD_SDO", "size": 20.0, "installation": 6, "node": 10}, "11": {"order": "MD_WEL", "size": 11.25, "installation": 17, "node": 11}, "12": {"order": "OP_WEL", "size": 22.5, "installation": 17, "node": 12}, "13": {"order": "MD_GFB", "size": 21.875, "installation": 25, "node": 13}, "14": {"order": "OD_GFB", "size": 17.5, "installation": 25, "node": 14}, "15": {"order": "MD_DSD", "size": 25.0, "installation": 14, "node": 15}, "16": {"order": "OP_DSD", "size": 25.0, "installation": 14, "node": 16}, "17": {"order": "MD_OSC", "size": 11.25, "installation": 10, "node": 17}, "18": {"order": "OD_OSC", "size": 22.5, "installation": 10, "node": 18}}}, "voyages": {"0": {"0": [9, [63, 80, 88], 10.0, [55.0, 0], [589.8396000000001, 0.0]], "3": [4, [129, 129, 130], 0, [0, 0], [19.823700000000002, 0.0]], "4": [19, [130, 148, 148], 10.0, [0, 15.0], [539.0625000000002, 0.0]], "9": [10, [88, 88, 96], 0, [35.0, 0], [158.58960000000002, 0.0]], "10": [3, [96, 98, 129], 10.0, [14.999999999999998, 0], [447.9380333333334, 0.0]]}, "1": {"0": [5, [63, 88, 93], 10.0, [79.375, 0], [769.9518333333336, 0.0]], "5": [6, [93, 93, 97], 0, [68.12499999999997, 0], [79.29480000000001, 0.0]], "6": [17, [97, 99, 104], 11.0, [58.74999999999997, 0], [177.06826851851855, 0.0]], "15": [16, [135, 135, 136], 0, [0, 0], [19.823700000000002, 0.0]], "16": [19, [136, 171, 171], 10.0, [0, 25.0], [1129.464285714286, 0.0]], "17": [18, [104, 104, 113], 0, [47.5, 0], [178.41330000000002, 0.0]], "18": [15, [113, 125, 135], 10.0, [25.0, 0], [557.6120000000002, 0.0]]}, "2": {"0": [13, [63, 97, 106], 10.0, [90.0, 0], [1118.7778833333336, 0.0]], "1": [2, [123, 123, 129], 0, [33.12499999999994, 0], [118.94220000000003, 0.0]], "2": [7, [129, 133, 137], 10.0, [19.999999999999943, 0], [199.0864666666667, 0.0]], "7": [8, [137, 137, 138], 0, [11.249999999999972, 0], [19.823700000000002, 0.0]], "8": [11, [138, 141, 146], 10.0, [11.249999999999972, 13.125], [188.96225000000004, 0.0]], "11": [12, [146, 146, 147], 0, [0, 13.125], [19.823700000000002, 0.0]], "12": [19, [147, 179, 179], 10.0, [0, 35.625], [1073.8467261904764, 0.0]], "13": [14, [106, 106, 113], 0, [68.12499999999991, 0], [138.76590000000002, 0.0]], "14": [1, [113, 116, 123], 11.0, [50.624999999999915, 0], [255.69055277777778, 0.0]]}, "3": {"0": [19, [63, 63, 63], 0, [0, 0], [0, 0]]}}, "order_fulfillment": {"postponed_orders": [], "serviced_orders": [1, 2, 3, 4, 5, 6, 7, 8, 9, 10, 11, 12, 13, 14, 15, 16, 17, 18]}, "vessels": {"fleet_vessels": 3, "chartered_vessels": 0}, "objective": {"objective_bound": 7800.601, "fuel_costs": 7800.601, "charter_costs": 0.0, "penalty_costs": 0.0, "optimality_gap": 0.0}, "variables": {"number_of_variables": 70112, "number_of_bin_variables": 69952, "number_of_arcs": 69872, "number_of_cont_variables": 160}, "runtime": {"preprocess_runtime": 10.8051, "model_runtime": 95.5379}}