{"instance_info": {"installation_ordering": "Random", "number_of_installations": 9, "weather_scenario": 2, "fleet_size": 3, "order_composition": {"1": {"order": "MD_VFB", "size": 22.5, "installation": 18, "node": 1}, "2": {"order": "OD_VFB", "size": 18.75, "installation": 18, "node": 2}, "3": {"order": "MD_VMO", "size": 15.0, "installation": 16, "node": 3}, "4": {"order": "OP_VMO", "size": 15.0, "installation": 16, "node": 4}, "5": {"order": "MD_TRO", "size": 18.75, "installation": 1, "node": 5}, "6": {"order": "OD_TRO", "size": 18.75, "installation": 1, "node": 6}, "7": {"order": "MD_HUL", "size": 12.5, "installation": 20, "node": 7}, "8": {"order": "OP_HUL", "size": 7.5, "installation": 20, "node": 8}, "9": {"order": "MD_SOD", "size": 15.0, "installation": 27, "node": 9}, "10": {"order": "OD_SOD", "size": 15.0, "installation": 27, "node": 10}, "11": {"order": "MD_SEQ", "size": 20.0, "installation": 7, "node": 11}, "12": {"order": "OP_SEQ", "size": 20.0, "installation": 7, "node": 12}, "13": {"order": "MD_OSB", "size": 7.5, "installation": 9, "node": 13}, "14": {"order": "OD_OSB", "size": 11.25, "installation": 9, "node": 14}, "15": {"order": "MD_GFA", "size": 21.875, "installation": 24, "node": 15}, "16": {"order": "OP_GFA", "size": 26.25, "installation": 24, "node": 16}, "17": {"order": "MD_CPR", "size": 20.0, "installation": 4, "node": 17}, "18": {"order": "OD_CPR", "size": 15.0, "installation": 4, "node": 18}}}, "voyages": {"0": {"0": [1, [63, 88, 97], 10.0, [90.625, 0], [849.2466333333336, 0.0]], "1": [2, [97, 97, 105], 0, [68.12499999999991, 0], [158.58960000000002, 0.0]], "2": [7, [105, 107, 112], 11.0, [49.37499999999992, 0], [177.06826851851855, 0.0]], "3": [4, [124, 124, 125], 0, [21.87499999999997, 7.4999999999999005], [19.823700000000002, 0.0]], "4": [15, [125, 128, 137], 10.0, [21.875, 22.499999999999886], [268.25705000000005, 0.0]], "7": [8, [112, 112, 113], 0, [36.87499999999997, 0], [19.823700000000002, 0.0]], "8": [3, [113, 118, 124], 10.0, [36.87499999999997, 7.4999999999999005], [268.6817833333334, 0.0]], "15": [16, [137, 137, 138], 0, [0, 22.499999999999872], [19.823700000000002, 0.0]], "16": [19, [138, 172, 172], 10.0, [0, 48.74999999999985], [1103.7946428571433, 0.0]]}, "1": {"0": [9, [63, 78, 84], 10.0, [50.0, 0], [490.29636666666676, 0.0]], "9": [10, [84, 84, 90], 0, [34.999999999999915, 0], [118.94220000000003, 0.0]], "10": [11, [90, 91, 99], 10.0, [20.0, 0], [188.5375166666667, 0.0]], "11": [12, [99, 99, 100], 0, [0, 0], [19.823700000000002, 0.0]], "12": [19, [100, 116, 116], 10.0, [0, 20.0], [479.1666666666668, 0.0]]}, "2": {"0": [17, [63, 80, 88], 10.0, [91.25, 0], [589.8396000000001, 0.0]], "5": [6, [132, 132, 140], 0, [18.74992799264288, 0], [158.58960000000002, 0.0]], "6": [19, [140, 157, 157], 10.0, [0, 0], [530.5059523809525, 0.0]], "13": [14, [108, 108, 113], 0, [48.749888070144316, 0], [99.11850000000003, 0.0]], "14": [5, [113, 124, 132], 10.0, [37.499821955119145, 0], [488.01668333333345, 0.0]], "17": [18, [88, 88, 94], 0, [71.24978870710935, 0], [118.94220000000003, 0.0]], "18": [13, [94, 105, 108], 10.0, [56.24978204527798, 0], [388.89818333333346, 0.0]]}, "3": {"0": [19, [63, 63, 63], 0, [0, 0], [0, 0]]}}, "order_fulfillment": {"postponed_orders": [], "serviced_orders": [1, 2, 3, 4, 5, 6, 7, 8, 9, 10, 11, 12, 13, 14, 15, 16, 17, 18]}, "vessels": {"fleet_vessels": 3, "chartered_vessels": 0}, "objective": {"objective_bound": 6555.7846, "fuel_costs": 6555.7862, "charter_costs": 0.0, "penalty_costs": 0.0016, "optimality_gap": 0.0}, "variables": {"number_of_variables": 76996, "number_of_bin_variables": 76836, "number_of_arcs": 76756, "number_of_cont_variables": 160}, "runtime": {"preprocess_runtime": 10.7805, "model_runtime": 108.1184}}