{"instance_info": {"installation_ordering": "Random", "number_of_installations": 9, "weather_scenario": 2, "fleet_size": 3, "order_composition": {"1": {"order": "MD_WEL", "size": 15.0, "installation": 17, "node": 1}, "2": {"order": "OD_WEL", "size": 18.75, "installation": 17, "node": 2}, "3": {"order": "MD_SEQ", "size": 20.0, "installation": 7, "node": 3}, "4": {"order": "OP_SEQ", "size": 30.0, "installation": 7, "node": 4}, "5": {"order": "MD_OSB", "size": 18.75, "installation": 9, "node": 5}, "6": {"order": "OD_OSB", "size": 11.25, "installation": 9, "node": 6}, "7": {"order": "MD_STB", "size": 21.875, "installation": 22, "node": 7}, "8": {"order": "OP_STB", "size": 17.5, "installation": 22, "node": 8}, "9": {"order": "MD_TRO", "size": 15.0, "installation": 1, "node": 9}, "10": {"order": "OD_TRO", "size": 15.0, "installation": 1, "node": 10}, "11": {"order": "MD_SEN", "size": 20.0, "installation": 5, "node": 11}, "12": {"order": "OP_SEN", "size": 25.0, "installation": 5, "node": 12}, "13": {"order": "MD_CPR", "size": 20.0, "installation": 4, "node": 13}, "14": {"order": "OD_CPR", "size": 20.0, "installation": 4, "node": 14}, "15": {"order": "MD_VFB", "size": 15.0, "installation": 18, "node": 15}, "16": {"order": "OP_VFB", "size": 7.5, "installation": 18, "node": 16}, "17": {"order": "MD_STC", "size": 21.875, "installation": 23, "node": 17}, "18": {"order": "OD_STC", "size": 17.5, "installation": 23, "node": 18}}}, "voyages": {"0": {"0": [1, [63, 95, 101], 10.0, [95.0, 0], [999.4109500000002, 0.0]], "1": [2, [101, 101, 109], 0, [80.00000000000001, 0], [158.58960000000002, 0.0]], "2": [17, [109, 116, 125], 10.0, [61.250000000000014, 0], [388.0487166666668, 0.0]], "7": [8, [142, 142, 143], 0, [0, 0], [19.823700000000002, 0.0]], "8": [19, [143, 182, 182], 10.0, [0, 17.5], [1296.3169642857147, 0.0]], "17": [18, [125, 125, 132], 0, [39.37500000000001, 0], [138.76590000000002, 0.0]], "18": [7, [132, 133, 142], 12.0, [21.875000000000007, 0], [228.09330000000003, 0.0]]}, "1": {"0": [15, [63, 88, 94], 10.0, [74.99999499930543, 0], [789.7755333333337, 0.0]], "5": [6, [110, 110, 115], 0, [41.24974128326468, 7.49982250606395], [99.11850000000003, 0.0]], "6": [9, [115, 126, 132], 10.0, [29.999850004370977, 7.4997175349577105], [448.36928333333344, 0.0]], "9": [10, [132, 132, 138], 0, [14.999959974038369, 7.49957753982888], [118.94220000000003, 0.0]], "10": [19, [138, 155, 155], 10.0, [0, 7.499542513867336], [521.9494047619049, 0.0]], "15": [16, [94, 94, 95], 0, [59.99956022589396, 0], [19.823700000000002, 0.0]], "16": [5, [95, 102, 110], 10.0, [59.99959503932919, 7.499857715761542], [368.22501666666676, 0.0]]}, "2": {"0": [13, [63, 80, 88], 10.0, [80.00000499467437, 0], [589.8396000000001, 0.0]], "3": [4, [107, 107, 108], 0, [19.999933375355717, 0], [19.823700000000002, 0.0]], "4": [11, [108, 109, 117], 10.0, [19.999966674357086, 29.99995671963156], [188.5375166666667, 0.0]], "11": [12, [117, 117, 118], 0, [0, 29.99992339509975], [19.823700000000002, 0.0]], "12": [19, [118, 135, 135], 10.0, [0, 54.99992344526923], [509.1145833333335, 0.0]], "13": [14, [88, 88, 96], 0, [59.9998866957644, 0], [158.58960000000002, 0.0]], "14": [3, [96, 99, 107], 10.0, [39.99989338247803, 0], [248.43335000000005, 0.0]]}, "3": {"0": [19, [63, 63, 63], 0, [0, 0], [0, 0]]}}, "order_fulfillment": {"postponed_orders": [], "serviced_orders": [1, 2, 3, 4, 5, 6, 7, 8, 9, 10, 11, 12, 13, 14, 15, 16, 17, 18]}, "vessels": {"fleet_vessels": 3, "chartered_vessels": 0}, "objective": {"objective_bound": 7329.4132, "fuel_costs": 7329.4148, "charter_costs": 0.0, "penalty_costs": 0.0016, "optimality_gap": 0.0}, "variables": {"number_of_variables": 72328, "number_of_bin_variables": 72168, "number_of_arcs": 72088, "number_of_cont_variables": 160}, "runtime": {"preprocess_runtime": 10.7765, "model_runtime": 90.226}}