{"instance_info": {"installation_ordering": "Random", "number_of_installations": 9, "weather_scenario": 2, "fleet_size": 3, "order_composition": {"1": {"order": "MD_STB", "size": 17.5, "installation": 22, "node": 1}, "2": {"order": "OD_STB", "size": 21.875, "installation": 22, "node": 2}, "3": {"order": "MD_GFC", "size": 21.875, "installation": 26, "node": 3}, "4": {"order": "OP_GFC", "size": 26.25, "installation": 26, "node": 4}, "5": {"order": "MD_SSC", "size": 7.5, "installation": 12, "node": 5}, "6": {"order": "OD_SSC", "size": 7.5, "installation": 12, "node": 6}, "7": {"order": "MD_OSC", "size": 18.75, "installation": 10, "node": 7}, "8": {"order": "OP_OSC", "size": 18.75, "installation": 10, "node": 8}, "9": {"order": "MD_STC", "size": 8.75, "installation": 23, "node": 9}, "10": {"order": "OD_STC", "size": 26.25, "installation": 23, "node": 10}, "11": {"order": "MD_SDO", "size": 30.0, "installation": 6, "node": 11}, "12": {"order": "OP_SDO", "size": 15.0, "installation": 6, "node": 12}, "13": {"order": "MD_OSE", "size": 18.75, "installation": 8, "node": 13}, "14": {"order": "OD_OSE", "size": 11.25, "installation": 8, "node": 14}, "15": {"order": "MD_SOD", "size": 15.0, "installation": 27, "node": 15}, "16": {"order": "OP_SOD", "size": 7.5, "installation": 27, "node": 16}, "17": {"order": "MD_TRC", "size": 11.25, "installation": 3, "node": 17}, "18": {"order": "OD_TRC", "size": 15.0, "installation": 3, "node": 18}}}, "voyages": {"0": {"0": [13, [63, 91, 99], 10.0, [90.0, 0], [919.2666833333336, 0.0]], "5": [6, [120, 120, 123], 0, [33.74997253088442, 18.74998619428209], [59.471100000000014, 0.0]], "6": [17, [123, 131, 136], 10.0, [26.249986151576554, 18.74997257358996], [338.7018333333334, 0.0]], "7": [8, [114, 114, 115], 0, [41.24995881514075, 0], [19.823700000000002, 0.0]], "8": [5, [115, 117, 120], 11.0, [41.24995872524344, 18.749986469282078], [137.42086851851855, 0.0]], "13": [14, [99, 99, 104], 0, [71.24994470359162, 0], [99.11850000000003, 0.0]], "14": [7, [104, 106, 114], 10.0, [59.99994496804405, 0], [218.48543333333336, 0.0]], "17": [18, [136, 136, 142], 0, [14.999986187509137, 18.74995872599985], [118.94220000000003, 0.0]], "18": [19, [142, 159, 159], 10.0, [0, 18.749944913508987], [539.0625000000002, 0.0]]}, "1": {"0": [1, [63, 102, 109], 10.0, [96.25, 0], [1228.870066666667, 0.0]], "1": [2, [109, 109, 118], 0, [78.75, 0], [178.41330000000002, 0.0]], "2": [9, [118, 119, 123], 12.0, [56.875, 0], [128.97480000000002, 0.0]], "3": [4, [147, 147, 148], 0, [0, 0], [19.823700000000002, 0.0]], "4": [19, [148, 182, 182], 10.0, [0, 26.25], [1146.5773809523812, 0.0]], "9": [10, [123, 123, 134], 0, [48.12500000000001, 0], [218.06070000000003, 0.0]], "10": [3, [134, 138, 147], 10.0, [21.875000000000007, 0], [298.20496666666673, 0.0]]}, "2": {"0": [11, [63, 80, 92], 10.0, [45.0, 0], [669.1344000000001, 0.0]], "11": [12, [92, 92, 93], 0, [15.0, 0], [19.823700000000002, 0.0]], "12": [15, [93, 95, 101], 10.0, [15.0, 15.0], [178.83803333333339, 0.0]], "15": [16, [101, 101, 102], 0, [0, 15.0], [19.823700000000002, 0.0]], "16": [19, [102, 117, 117], 10.0, [0, 22.499999999998735], [449.2187500000001, 0.0]]}, "3": {"0": [19, [63, 63, 63], 0, [0, 0], [0, 0]]}}, "order_fulfillment": {"postponed_orders": [], "serviced_orders": [1, 2, 3, 4, 5, 6, 7, 8, 9, 10, 11, 12, 13, 14, 15, 16, 17, 18]}, "vessels": {"fleet_vessels": 3, "chartered_vessels": 0}, "objective": {"objective_bound": 7006.056, "fuel_costs": 7006.0563, "charter_costs": 0.0, "penalty_costs": 0.0003, "optimality_gap": 0.0}, "variables": {"number_of_variables": 71508, "number_of_bin_variables": 71348, "number_of_arcs": 71268, "number_of_cont_variables": 160}, "runtime": {"preprocess_runtime": 10.628, "model_runtime": 60.2893}}