{"instance_info": {"installation_ordering": "Random", "number_of_installations": 10, "weather_scenario": 2, "fleet_size": 3, "order_composition": {"1": {"order": "MD_STC", "size": 17.5, "installation": 23, "node": 1}, "2": {"order": "OD_STC", "size": 21.875, "installation": 23, "node": 2}, "3": {"order": "MD_TRB", "size": 20.0, "installation": 2, "node": 3}, "4": {"order": "OP_TRB", "size": 20.0, "installation": 2, "node": 4}, "5": {"order": "MD_SSC", "size": 7.5, "installation": 12, "node": 5}, "6": {"order": "OD_SSC", "size": 5.625, "installation": 12, "node": 6}, "7": {"order": "MD_GFC", "size": 13.125, "installation": 26, "node": 7}, "8": {"order": "OP_GFC", "size": 21.875, "installation": 26, "node": 8}, "9": {"order": "MD_SDO", "size": 10.0, "installation": 6, "node": 9}, "10": {"order": "OD_SDO", "size": 10.0, "installation": 6, "node": 10}, "11": {"order": "MD_WEL", "size": 18.75, "installation": 17, "node": 11}, "12": {"order": "OP_WEL", "size": 15.0, "installation": 17, "node": 12}, "13": {"order": "MD_GFB", "size": 21.875, "installation": 25, "node": 13}, "14": {"order": "OD_GFB", "size": 26.25, "installation": 25, "node": 14}, "15": {"order": "MD_DSD", "size": 20.0, "installation": 14, "node": 15}, "16": {"order": "OP_DSD", "size": 20.0, "installation": 14, "node": 16}, "17": {"order": "MD_OSC", "size": 15.0, "installation": 10, "node": 17}, "18": {"order": "OD_OSC", "size": 15.0, "installation": 10, "node": 18}, "19": {"order": "MD_OSS", "size": 18.75, "installation": 13, "node": 19}, "20": {"order": "OP_OSS", "size": 18.75, "installation": 13, "node": 20}}}, "voyages": {"0": {"0": [5, [63, 88, 91], 10.0, [81.875, 0], [730.3044333333336, 0.0]], "5": [6, [91, 91, 94], 0, [74.37484115614288, 0], [59.471100000000014, 0.0]], "6": [17, [94, 96, 102], 11.0, [68.7498910073061, 0], [196.89196851851855, 0.0]], "15": [16, [137, 137, 138], 0, [0, 18.74995005521694], [19.823700000000002, 0.0]], "16": [21, [138, 173, 173], 10.0, [0, 38.74990012717486], [1138.020833333334, 0.0]], "17": [18, [102, 102, 108], 0, [53.74989135305582, 0], [118.94220000000003, 0.0]], "18": [19, [108, 113, 121], 10.0, [38.749940945584704, 0], [308.3291833333334, 0.0]], "19": [20, [121, 121, 122], 0, [19.99994096558469, 0], [19.823700000000002, 0.0]], "20": [15, [122, 129, 137], 10.0, [19.99995005521694, 18.74995005747111], [368.22501666666676, 0.0]]}, "1": {"0": [13, [63, 97, 106], 10.0, [100.625, 0], [1118.7778833333336, 0.0]], "1": [2, [127, 127, 136], 0, [35.0, 0], [178.41330000000002, 0.0]], "2": [7, [136, 140, 146], 10.0, [13.125, 0], [238.73386666666673, 0.0]], "7": [8, [146, 146, 147], 0, [0, 0], [19.823700000000002, 0.0]], "8": [21, [147, 181, 181], 10.0, [0, 21.875], [1142.2991071428578, 0.0]], "13": [14, [106, 106, 117], 0, [78.75, 0], [218.06070000000003, 0.0]], "14": [1, [117, 120, 127], 11.0, [52.5, 0], [255.69055277777778, 0.0]]}, "2": {"0": [9, [63, 80, 84], 10.0, [58.75, 0], [510.5448000000001, 0.0]], "3": [4, [135, 135, 136], 0, [0, 14.999999999999929], [19.823700000000002, 0.0]], "4": [21, [136, 154, 154], 10.0, [0, 34.99999999999993], [547.6190476190478, 0.0]], "9": [10, [84, 84, 88], 0, [48.74999999999996, 0], [79.29480000000001, 0.0]], "10": [11, [88, 103, 111], 10.0, [38.74999999999996, 0], [607.8083500000001, 0.0]], "11": [12, [111, 111, 112], 0, [19.99999999999996, 0], [19.823700000000002, 0.0]], "12": [3, [112, 127, 135], 10.0, [19.99999999999996, 15.0], [607.8083500000001, 0.0]]}, "3": {"0": [21, [63, 63, 63], 0, [0, 0], [0, 0]]}}, "order_fulfillment": {"postponed_orders": [], "serviced_orders": [1, 2, 3, 4, 5, 6, 7, 8, 9, 10, 11, 12, 13, 14, 15, 16, 17, 18, 19, 20]}, "vessels": {"fleet_vessels": 3, "chartered_vessels": 0}, "objective": {"objective_bound": 8524.3527, "fuel_costs": 8524.354, "charter_costs": 0.0, "penalty_costs": 0.0013, "optimality_gap": 0.0}, "variables": {"number_of_variables": 87644, "number_of_bin_variables": 87468, "number_of_arcs": 87380, "number_of_cont_variables": 176}, "runtime": {"preprocess_runtime": 13.0932, "model_runtime": 506.2647}}