{"instance_info": {"installation_ordering": "Random", "number_of_installations": 10, "weather_scenario": 2, "fleet_size": 3, "order_composition": {"1": {"order": "MD_VFB", "size": 11.25, "installation": 18, "node": 1}, "2": {"order": "OD_VFB", "size": 18.75, "installation": 18, "node": 2}, "3": {"order": "MD_VMO", "size": 15.0, "installation": 16, "node": 3}, "4": {"order": "OP_VMO", "size": 18.75, "installation": 16, "node": 4}, "5": {"order": "MD_TRO", "size": 22.5, "installation": 1, "node": 5}, "6": {"order": "OD_TRO", "size": 15.0, "installation": 1, "node": 6}, "7": {"order": "MD_HUL", "size": 7.5, "installation": 20, "node": 7}, "8": {"order": "OP_HUL", "size": 12.5, "installation": 20, "node": 8}, "9": {"order": "MD_SOD", "size": 11.25, "installation": 27, "node": 9}, "10": {"order": "OD_SOD", "size": 15.0, "installation": 27, "node": 10}, "11": {"order": "MD_SEQ", "size": 20.0, "installation": 7, "node": 11}, "12": {"order": "OP_SEQ", "size": 20.0, "installation": 7, "node": 12}, "13": {"order": "MD_OSB", "size": 11.25, "installation": 9, "node": 13}, "14": {"order": "OD_OSB", "size": 15.0, "installation": 9, "node": 14}, "15": {"order": "MD_GFA", "size": 21.875, "installation": 24, "node": 15}, "16": {"order": "OP_GFA", "size": 17.5, "installation": 24, "node": 16}, "17": {"order": "MD_CPR", "size": 20.0, "installation": 4, "node": 17}, "18": {"order": "OD_CPR", "size": 15.0, "installation": 4, "node": 18}, "19": {"order": "MD_SDO", "size": 20.0, "installation": 6, "node": 19}, "20": {"order": "OP_SDO", "size": 20.0, "installation": 6, "node": 20}}}, "voyages": {"0": {"0": [17, [63, 80, 88], 10.0, [98.75, 0], [589.8396000000001, 0.0]], "5": [6, [136, 136, 142], 0, [14.999973771343633, 0], [118.94220000000003, 0.0]], "6": [21, [142, 159, 159], 10.0, [0, 0], [539.0625000000002, 0.0]], "13": [14, [110, 110, 116], 0, [52.499947590906864, 0], [118.94220000000003, 0.0]], "14": [5, [116, 127, 136], 10.0, [37.499947486553516, 0], [507.8403833333334, 0.0]], "17": [18, [88, 88, 94], 0, [78.74992128870626, 0], [118.94220000000003, 0.0]], "18": [13, [94, 105, 110], 10.0, [63.749921364045036, 0], [428.54558333333347, 0.0]]}, "1": {"0": [1, [63, 88, 93], 10.0, [74.375, 0], [769.9518333333336, 0.0]], "1": [2, [93, 93, 101], 0, [63.125, 0], [158.58960000000002, 0.0]], "2": [7, [101, 103, 106], 11.0, [44.375, 0], [137.42086851851855, 0.0]], "3": [4, [118, 118, 119], 0, [21.875, 12.5], [19.823700000000002, 0.0]], "4": [15, [119, 122, 131], 10.0, [21.875, 31.25], [268.25705000000005, 0.0]], "7": [8, [106, 106, 107], 0, [36.875, 0], [19.823700000000002, 0.0]], "8": [3, [107, 112, 118], 10.0, [36.875, 12.5], [268.6817833333334, 0.0]], "15": [16, [131, 131, 132], 0, [0, 31.25], [19.823700000000002, 0.0]], "16": [21, [132, 166, 166], 10.0, [0, 48.75], [1078.1250000000005, 0.0]]}, "2": {"0": [9, [63, 78, 83], 10.0, [66.25, 0], [470.4726666666668, 0.0]], "9": [10, [83, 83, 89], 0, [54.99999999999961, 0], [118.94220000000003, 0.0]], "10": [19, [89, 91, 99], 10.0, [39.99999999999961, 0], [218.48543333333336, 0.0]], "11": [12, [108, 108, 109], 0, [0, 19.99999999999987], [19.823700000000002, 0.0]], "12": [21, [109, 125, 125], 10.0, [0, 39.999999999999865], [479.1666666666668, 0.0]], "19": [20, [99, 99, 100], 0, [19.999999999999854, 0], [19.823700000000002, 0.0]], "20": [11, [100, 100, 108], 12.0, [19.99999999999993, 20.000000000000004], [158.58960000000002, 0.0]]}, "3": {"0": [21, [63, 63, 63], 0, [0, 0], [0, 0]]}}, "order_fulfillment": {"postponed_orders": [], "serviced_orders": [1, 2, 3, 4, 5, 6, 7, 8, 9, 10, 11, 12, 13, 14, 15, 16, 17, 18, 19, 20]}, "vessels": {"fleet_vessels": 3, "chartered_vessels": 0}, "objective": {"objective_bound": 6647.9153, "fuel_costs": 6647.9159, "charter_costs": 0.0, "penalty_costs": 0.0006, "optimality_gap": 0.0}, "variables": {"number_of_variables": 95912, "number_of_bin_variables": 95736, "number_of_arcs": 95648, "number_of_cont_variables": 176}, "runtime": {"preprocess_runtime": 12.9842, "model_runtime": 574.6564}}