{"instance_info": {"installation_ordering": "Random", "number_of_installations": 10, "weather_scenario": 2, "fleet_size": 3, "order_composition": {"1": {"order": "MD_WEL", "size": 11.25, "installation": 17, "node": 1}, "2": {"order": "OD_WEL", "size": 15.0, "installation": 17, "node": 2}, "3": {"order": "MD_SEQ", "size": 10.0, "installation": 7, "node": 3}, "4": {"order": "OP_SEQ", "size": 25.0, "installation": 7, "node": 4}, "5": {"order": "MD_OSB", "size": 11.25, "installation": 9, "node": 5}, "6": {"order": "OD_OSB", "size": 7.5, "installation": 9, "node": 6}, "7": {"order": "MD_STB", "size": 21.875, "installation": 22, "node": 7}, "8": {"order": "OP_STB", "size": 8.75, "installation": 22, "node": 8}, "9": {"order": "MD_TRO", "size": 7.5, "installation": 1, "node": 9}, "10": {"order": "OD_TRO", "size": 7.5, "installation": 1, "node": 10}, "11": {"order": "MD_SEN", "size": 15.0, "installation": 5, "node": 11}, "12": {"order": "OP_SEN", "size": 25.0, "installation": 5, "node": 12}, "13": {"order": "MD_CPR", "size": 25.0, "installation": 4, "node": 13}, "14": {"order": "OD_CPR", "size": 20.0, "installation": 4, "node": 14}, "15": {"order": "MD_VFB", "size": 18.75, "installation": 18, "node": 15}, "16": {"order": "OP_VFB", "size": 18.75, "installation": 18, "node": 16}, "17": {"order": "MD_STC", "size": 26.25, "installation": 23, "node": 17}, "18": {"order": "OD_STC", "size": 13.125, "installation": 23, "node": 18}, "19": {"order": "MD_SOD", "size": 11.25, "installation": 27, "node": 19}, "20": {"order": "OP_SOD", "size": 11.25, "installation": 27, "node": 20}}}, "voyages": {"0": {"0": [19, [63, 78, 83], 10.0, [36.25, 0], [470.4726666666668, 0.0]], "3": [4, [98, 98, 99], 0, [0, 36.25], [19.823700000000002, 0.0]], "4": [21, [99, 115, 115], 10.0, [0, 61.25], [479.1666666666668, 0.0]], "11": [12, [92, 92, 93], 0, [10.0, 11.25], [19.823700000000002, 0.0]], "12": [3, [93, 94, 98], 10.0, [10.0, 36.25], [109.24271666666668, 0.0]], "19": [20, [83, 83, 84], 0, [25.0, 0], [19.823700000000002, 0.0]], "20": [11, [84, 86, 92], 10.0, [25.0, 11.25], [178.83803333333339, 0.0]]}, "1": {"0": [13, [63, 80, 90], 10.0, [97.5, 0], [629.4870000000002, 0.0]], "5": [6, [127, 127, 130], 0, [22.5, 18.75], [59.471100000000014, 0.0]], "6": [9, [130, 141, 144], 10.0, [15.0, 18.75], [388.89818333333346, 0.0]], "9": [10, [144, 144, 147], 0, [7.5, 18.75], [59.471100000000014, 0.0]], "10": [21, [147, 164, 164], 10.0, [0, 18.75], [560.4538690476192, 0.0]], "13": [14, [90, 90, 98], 0, [72.5, 0], [158.58960000000002, 0.0]], "14": [15, [98, 106, 114], 10.0, [52.5, 0], [398.1729333333334, 0.0]], "15": [16, [114, 114, 115], 0, [33.75, 0], [19.823700000000002, 0.0]], "16": [5, [115, 122, 127], 10.0, [33.75, 18.75], [308.7539166666668, 0.0]]}, "2": {"0": [17, [63, 101, 112], 10.0, [87.5, 0], [1278.2169500000002, 0.0]], "1": [2, [141, 141, 147], 0, [15.0, 8.75], [118.94220000000003, 0.0]], "2": [21, [147, 179, 179], 10.0, [0, 8.75], [1073.8467261904764, 0.0]], "7": [8, [128, 128, 129], 0, [26.25, 0], [19.823700000000002, 0.0]], "8": [1, [129, 136, 141], 10.0, [26.25, 8.75], [308.7539166666668, 0.0]], "17": [18, [112, 112, 118], 0, [61.25, 0], [118.94220000000003, 0.0]], "18": [7, [118, 119, 128], 12.0, [48.125, 0], [228.09330000000003, 0.0]]}, "3": {"0": [21, [63, 63, 63], 0, [0, 0], [0, 0]]}}, "order_fulfillment": {"postponed_orders": [], "serviced_orders": [1, 2, 3, 4, 5, 6, 7, 8, 9, 10, 11, 12, 13, 14, 15, 16, 17, 18, 19, 20]}, "vessels": {"fleet_vessels": 3, "chartered_vessels": 0}, "objective": {"objective_bound": 7026.9296, "fuel_costs": 7026.9316, "charter_costs": 0.0, "penalty_costs": 0.0, "optimality_gap": 2.458182635934104e-07}, "variables": {"number_of_variables": 91988, "number_of_bin_variables": 91812, "number_of_arcs": 91724, "number_of_cont_variables": 176}, "runtime": {"preprocess_runtime": 12.8149, "model_runtime": 551.0328}}