{"instance_info": {"installation_ordering": "Random", "number_of_installations": 10, "weather_scenario": 2, "fleet_size": 3, "order_composition": {"1": {"order": "MD_STB", "size": 17.5, "installation": 22, "node": 1}, "2": {"order": "OD_STB", "size": 13.125, "installation": 22, "node": 2}, "3": {"order": "MD_GFC", "size": 21.875, "installation": 26, "node": 3}, "4": {"order": "OP_GFC", "size": 21.875, "installation": 26, "node": 4}, "5": {"order": "MD_SSC", "size": 9.375, "installation": 12, "node": 5}, "6": {"order": "OD_SSC", "size": 7.5, "installation": 12, "node": 6}, "7": {"order": "MD_OSC", "size": 18.75, "installation": 10, "node": 7}, "8": {"order": "OP_OSC", "size": 15.0, "installation": 10, "node": 8}, "9": {"order": "MD_STC", "size": 21.875, "installation": 23, "node": 9}, "10": {"order": "OD_STC", "size": 17.5, "installation": 23, "node": 10}, "11": {"order": "MD_SDO", "size": 15.0, "installation": 6, "node": 11}, "12": {"order": "OP_SDO", "size": 10.0, "installation": 6, "node": 12}, "13": {"order": "MD_OSE", "size": 15.0, "installation": 8, "node": 13}, "14": {"order": "OD_OSE", "size": 18.75, "installation": 8, "node": 14}, "15": {"order": "MD_SOD", "size": 11.25, "installation": 27, "node": 15}, "16": {"order": "OP_SOD", "size": 15.0, "installation": 27, "node": 16}, "17": {"order": "MD_TRC", "size": 18.75, "installation": 3, "node": 17}, "18": {"order": "OD_TRC", "size": 7.5, "installation": 3, "node": 18}, "19": {"order": "MD_VFB", "size": 18.75, "installation": 18, "node": 19}, "20": {"order": "OP_VFB", "size": 18.75, "installation": 18, "node": 20}}}, "voyages": {"0": {"0": [9, [63, 101, 110], 10.0, [91.875, 0], [1238.5695500000002, 0.0]], "1": [2, [125, 125, 131], 0, [35.0, 0], [118.94220000000003, 0.0]], "2": [3, [131, 136, 145], 10.0, [21.875, 0], [328.1528833333334, 0.0]], "3": [4, [145, 145, 146], 0, [0, 0], [19.823700000000002, 0.0]], "4": [21, [146, 180, 180], 10.0, [0, 21.875], [1138.0208333333337, 0.0]], "9": [10, [110, 110, 117], 0, [70.0, 0], [138.76590000000002, 0.0]], "10": [1, [117, 118, 125], 12.0, [52.5, 0], [188.44590000000002, 0.0]]}, "1": {"0": [15, [63, 78, 83], 10.0, [52.5, 0], [470.4726666666668, 0.0]], "11": [12, [92, 92, 93], 0, [26.25, 15.0], [19.823700000000002, 0.0]], "12": [17, [93, 93, 131], 10.0, [26.25, 25.0], [481.50960000000003, 0.0]], "15": [16, [83, 83, 84], 0, [41.25, 0], [19.823700000000002, 0.0]], "16": [11, [84, 86, 92], 10.0, [41.25, 15.0], [178.83803333333339, 0.0]], "17": [18, [131, 131, 134], 0, [7.5, 25.0], [59.471100000000014, 0.0]], "18": [21, [134, 151, 151], 10.0, [0, 25.0], [509.1145833333335, 0.0]]}, "2": {"0": [13, [63, 91, 97], 10.0, [88.125, 0], [879.6192833333337, 0.0]], "5": [6, [122, 122, 125], 0, [26.25, 15.0], [59.471100000000014, 0.0]], "6": [19, [125, 126, 134], 10.0, [18.75, 15.0], [188.5375166666667, 0.0]], "7": [8, [115, 115, 116], 0, [35.625, 0], [19.823700000000002, 0.0]], "8": [5, [116, 118, 122], 11.0, [35.625, 15.0], [157.24456851851852, 0.0]], "13": [14, [97, 97, 105], 0, [73.125, 0], [158.58960000000002, 0.0]], "14": [7, [105, 107, 115], 10.0, [54.375, 0], [218.48543333333336, 0.0]], "19": [20, [134, 134, 135], 0, [0, 15.0], [19.823700000000002, 0.0]], "20": [21, [135, 160, 160], 10.0, [0, 33.75], [782.9241071428573, 0.0]]}, "3": {"0": [21, [63, 63, 63], 0, [0, 0], [0, 0]]}}, "order_fulfillment": {"postponed_orders": [], "serviced_orders": [1, 2, 3, 4, 5, 6, 7, 8, 9, 10, 11, 12, 13, 14, 15, 16, 17, 18, 19, 20]}, "vessels": {"fleet_vessels": 3, "chartered_vessels": 0}, "objective": {"objective_bound": 7394.2928, "fuel_costs": 7394.2934, "charter_costs": 0.0, "penalty_costs": 0.0, "optimality_gap": 6.967410564203225e-08}, "variables": {"number_of_variables": 89124, "number_of_bin_variables": 88948, "number_of_arcs": 88860, "number_of_cont_variables": 176}, "runtime": {"preprocess_runtime": 13.1529, "model_runtime": 418.0169}}