{"instance_info": {"installation_ordering": "Random", "number_of_installations": 11, "weather_scenario": 2, "fleet_size": 3, "order_composition": {"1": {"order": "MD_VFB", "size": 11.25, "installation": 18, "node": 1}, "2": {"order": "OD_VFB", "size": 22.5, "installation": 18, "node": 2}, "3": {"order": "MD_VMO", "size": 11.25, "installation": 16, "node": 3}, "4": {"order": "OP_VMO", "size": 11.25, "installation": 16, "node": 4}, "5": {"order": "MD_TRO", "size": 18.75, "installation": 1, "node": 5}, "6": {"order": "OD_TRO", "size": 15.0, "installation": 1, "node": 6}, "7": {"order": "MD_HUL", "size": 12.5, "installation": 20, "node": 7}, "8": {"order": "OP_HUL", "size": 7.5, "installation": 20, "node": 8}, "9": {"order": "MD_SOD", "size": 15.0, "installation": 27, "node": 9}, "10": {"order": "OD_SOD", "size": 15.0, "installation": 27, "node": 10}, "11": {"order": "MD_SEQ", "size": 25.0, "installation": 7, "node": 11}, "12": {"order": "OP_SEQ", "size": 20.0, "installation": 7, "node": 12}, "13": {"order": "MD_OSB", "size": 11.25, "installation": 9, "node": 13}, "14": {"order": "OD_OSB", "size": 18.75, "installation": 9, "node": 14}, "15": {"order": "MD_GFA", "size": 8.75, "installation": 24, "node": 15}, "16": {"order": "OP_GFA", "size": 13.125, "installation": 24, "node": 16}, "17": {"order": "MD_CPR", "size": 10.0, "installation": 4, "node": 17}, "18": {"order": "OD_CPR", "size": 15.0, "installation": 4, "node": 18}, "19": {"order": "MD_SDO", "size": 15.0, "installation": 6, "node": 19}, "20": {"order": "OP_SDO", "size": 10.0, "installation": 6, "node": 20}, "21": {"order": "MD_OSE", "size": 7.5, "installation": 8, "node": 21}, "22": {"order": "OD_OSE", "size": 11.25, "installation": 8, "node": 22}}}, "voyages": {"0": {"0": [21, [63, 91, 94], 10.0, [85.0, 0], [820.1481833333336, 0.0]], "1": [2, [111, 111, 120], 0, [55.0, 0], [178.41330000000002, 0.0]], "2": [7, [120, 122, 127], 11.0, [32.5, 0], [177.06826851851855, 0.0]], "3": [4, [138, 138, 139], 0, [8.75, 7.5], [19.823700000000002, 0.0]], "4": [15, [139, 142, 146], 10.0, [8.75, 18.75], [169.13855000000004, 0.0]], "7": [8, [127, 127, 128], 0, [20.0, 0], [19.823700000000002, 0.0]], "8": [3, [128, 133, 138], 10.0, [20.0, 7.5], [248.8580833333334, 0.0]], "15": [16, [146, 146, 147], 0, [0, 18.75], [19.823700000000002, 0.0]], "16": [23, [147, 181, 181], 10.0, [0, 31.875], [1142.2991071428578, 0.0]], "21": [22, [94, 94, 99], 0, [77.5, 0], [99.11850000000003, 0.0]], "22": [1, [99, 106, 111], 10.0, [66.25, 0], [308.7539166666668, 0.0]]}, "1": {"0": [17, [63, 80, 84], 10.0, [88.75, 0], [510.5448000000001, 0.0]], "5": [6, [133, 133, 139], 0, [15.0, 0], [118.94220000000003, 0.0]], "6": [23, [139, 156, 156], 10.0, [0, 0], [526.2276785714288, 0.0]], "13": [14, [106, 106, 114], 0, [52.5, 0], [158.58960000000002, 0.0]], "14": [5, [114, 125, 133], 10.0, [33.75, 0], [488.01668333333345, 0.0]], "17": [18, [84, 84, 90], 0, [78.75, 0], [118.94220000000003, 0.0]], "18": [13, [90, 101, 106], 10.0, [63.75, 0], [428.54558333333347, 0.0]]}, "2": {"0": [9, [63, 78, 84], 10.0, [70.0, 0], [490.29636666666676, 0.0]], "9": [10, [84, 84, 90], 0, [55.0, 0], [118.94220000000003, 0.0]], "10": [19, [90, 92, 98], 10.0, [40.0, 0], [178.83803333333339, 0.0]], "11": [12, [109, 109, 110], 0, [0, 10.0], [19.823700000000002, 0.0]], "12": [23, [110, 126, 126], 10.0, [0, 30.0], [479.1666666666668, 0.0]], "19": [20, [98, 98, 99], 0, [25.0, 0], [19.823700000000002, 0.0]], "20": [11, [99, 99, 109], 12.0, [25.0, 10.0], [198.23700000000005, 0.0]]}, "3": {"0": [23, [63, 63, 63], 0, [0, 0], [0, 0]]}}, "order_fulfillment": {"postponed_orders": [], "serviced_orders": [1, 2, 3, 4, 5, 6, 7, 8, 9, 10, 11, 12, 13, 14, 15, 16, 17, 18, 19, 20, 21, 22]}, "vessels": {"fleet_vessels": 3, "chartered_vessels": 0}, "objective": {"objective_bound": 7058.203, "fuel_costs": 7058.2054, "charter_costs": 0.0, "penalty_costs": 0.0, "optimality_gap": 2.972942760629426e-07}, "variables": {"number_of_variables": 119516, "number_of_bin_variables": 119324, "number_of_arcs": 119228, "number_of_cont_variables": 192}, "runtime": {"preprocess_runtime": 15.2246, "model_runtime": 2679.7583}}