{"instance_info": {"installation_ordering": "Random", "number_of_installations": 11, "weather_scenario": 2, "fleet_size": 3, "order_composition": {"1": {"order": "MD_STC", "size": 17.5, "installation": 23, "node": 1}, "2": {"order": "OD_STC", "size": 21.875, "installation": 23, "node": 2}, "3": {"order": "MD_TRB", "size": 25.0, "installation": 2, "node": 3}, "4": {"order": "OP_TRB", "size": 25.0, "installation": 2, "node": 4}, "5": {"order": "MD_SSC", "size": 5.625, "installation": 12, "node": 5}, "6": {"order": "OD_SSC", "size": 7.5, "installation": 12, "node": 6}, "7": {"order": "MD_GFC", "size": 17.5, "installation": 26, "node": 7}, "8": {"order": "OP_GFC", "size": 13.125, "installation": 26, "node": 8}, "9": {"order": "MD_SDO", "size": 20.0, "installation": 6, "node": 9}, "10": {"order": "OD_SDO", "size": 15.0, "installation": 6, "node": 10}, "11": {"order": "MD_WEL", "size": 22.5, "installation": 17, "node": 11}, "12": {"order": "OP_WEL", "size": 15.0, "installation": 17, "node": 12}, "13": {"order": "MD_GFB", "size": 13.125, "installation": 25, "node": 13}, "14": {"order": "OD_GFB", "size": 21.875, "installation": 25, "node": 14}, "15": {"order": "MD_DSD", "size": 15.0, "installation": 14, "node": 15}, "16": {"order": "OP_DSD", "size": 15.0, "installation": 14, "node": 16}, "17": {"order": "MD_OSC", "size": 11.25, "installation": 10, "node": 17}, "18": {"order": "OD_OSC", "size": 15.0, "installation": 10, "node": 18}, "19": {"order": "MD_OSS", "size": 18.75, "installation": 13, "node": 19}, "20": {"order": "OP_OSS", "size": 11.25, "installation": 13, "node": 20}, "21": {"order": "MD_STB", "size": 13.125, "installation": 22, "node": 21}, "22": {"order": "OD_STB", "size": 21.875, "installation": 22, "node": 22}}}, "voyages": {"0": {"0": [9, [63, 80, 88], 10.0, [108.125, 0], [589.8396000000001, 0.0]], "5": [6, [105, 105, 108], 0, [67.49999999999999, 0], [59.471100000000014, 0.0]], "6": [17, [108, 110, 115], 11.0, [59.999999999999986, 0], [177.06826851851855, 0.0]], "9": [10, [88, 88, 94], 0, [88.12499999999994, 0], [118.94220000000003, 0.0]], "10": [5, [94, 102, 105], 10.0, [73.12499999999994, 0], [299.0544333333334, 0.0]], "15": [16, [148, 148, 149], 0, [0, 11.249999999999986], [19.823700000000002, 0.0]], "16": [23, [149, 184, 184], 10.0, [0, 26.249999999999986], [1185.0818452380954, 0.0]], "17": [18, [115, 115, 121], 0, [48.749999999999986, 0], [118.94220000000003, 0.0]], "18": [19, [121, 126, 134], 10.0, [33.749999999999986, 0], [308.3291833333334, 0.0]], "19": [20, [134, 134, 135], 0, [14.999999999999986, 0], [19.823700000000002, 0.0]], "20": [15, [135, 142, 148], 10.0, [14.999999999999986, 11.25], [328.57761666666676, 0.0]]}, "1": {"0": [1, [63, 101, 108], 10.0, [96.875, 0], [1198.9221500000003, 0.0]], "1": [2, [108, 108, 117], 0, [79.37499999999997, 0], [178.41330000000002, 0.0]], "2": [21, [117, 118, 124], 12.0, [57.49999999999997, 0], [168.62220000000002, 0.0]], "11": [12, [149, 149, 150], 0, [0, 0], [19.823700000000002, 0.0]], "12": [23, [150, 182, 182], 10.0, [0, 15.0], [1086.681547619048, 0.0]], "21": [22, [124, 124, 133], 0, [44.375, 0], [178.41330000000002, 0.0]], "22": [11, [133, 140, 149], 10.0, [22.5, 0], [388.0487166666668, 0.0]]}, "2": {"0": [13, [63, 97, 103], 10.0, [77.5, 0], [1059.3067833333337, 0.0]], "3": [4, [147, 147, 148], 0, [0, 13.124979166670842], [19.823700000000002, 0.0]], "4": [23, [148, 166, 166], 10.0, [0, 38.124958392802455], [598.9583333333336, 0.0]], "7": [8, [119, 119, 120], 0, [24.99995848001853, 0], [19.823700000000002, 0.0]], "8": [3, [120, 137, 147], 10.0, [24.999979170004163, 13.124979310014368], [707.3515833333336, 0.0]], "13": [14, [103, 103, 112], 0, [64.37495343005394, 0], [178.41330000000002, 0.0]], "14": [7, [112, 112, 119], 10.0, [42.499937876790284, 0], [138.76590000000002, 0.0]]}, "3": {"0": [23, [63, 63, 63], 0, [0, 0], [0, 0]]}}, "order_fulfillment": {"postponed_orders": [], "serviced_orders": [1, 2, 3, 4, 5, 6, 7, 8, 9, 10, 11, 12, 13, 14, 15, 16, 17, 18, 19, 20, 21, 22]}, "vessels": {"fleet_vessels": 3, "chartered_vessels": 0}, "objective": {"objective_bound": 9166.3215, "fuel_costs": 9166.3221, "charter_costs": 0.0, "penalty_costs": 0.0006, "optimality_gap": 0.0}, "variables": {"number_of_variables": 105904, "number_of_bin_variables": 105712, "number_of_arcs": 105616, "number_of_cont_variables": 192}, "runtime": {"preprocess_runtime": 15.5413, "model_runtime": 129.0309}}