{"instance_info": {"installation_ordering": "Random", "number_of_installations": 11, "weather_scenario": 2, "fleet_size": 3, "order_composition": {"1": {"order": "MD_STB", "size": 21.875, "installation": 22, "node": 1}, "2": {"order": "OD_STB", "size": 17.5, "installation": 22, "node": 2}, "3": {"order": "MD_GFC", "size": 17.5, "installation": 26, "node": 3}, "4": {"order": "OP_GFC", "size": 13.125, "installation": 26, "node": 4}, "5": {"order": "MD_SSC", "size": 11.25, "installation": 12, "node": 5}, "6": {"order": "OD_SSC", "size": 3.75, "installation": 12, "node": 6}, "7": {"order": "MD_OSC", "size": 18.75, "installation": 10, "node": 7}, "8": {"order": "OP_OSC", "size": 15.0, "installation": 10, "node": 8}, "9": {"order": "MD_STC", "size": 13.125, "installation": 23, "node": 9}, "10": {"order": "OD_STC", "size": 13.125, "installation": 23, "node": 10}, "11": {"order": "MD_SDO", "size": 30.0, "installation": 6, "node": 11}, "12": {"order": "OP_SDO", "size": 10.0, "installation": 6, "node": 12}, "13": {"order": "MD_OSE", "size": 15.0, "installation": 8, "node": 13}, "14": {"order": "OD_OSE", "size": 15.0, "installation": 8, "node": 14}, "15": {"order": "MD_SOD", "size": 15.0, "installation": 27, "node": 15}, "16": {"order": "OP_SOD", "size": 15.0, "installation": 27, "node": 16}, "17": {"order": "MD_TRC", "size": 15.0, "installation": 3, "node": 17}, "18": {"order": "OD_TRC", "size": 11.25, "installation": 3, "node": 18}, "19": {"order": "MD_VFB", "size": 15.0, "installation": 18, "node": 19}, "20": {"order": "OP_VFB", "size": 18.75, "installation": 18, "node": 20}, "21": {"order": "MD_GFB", "size": 21.875, "installation": 25, "node": 21}, "22": {"order": "OD_GFB", "size": 21.875, "installation": 25, "node": 22}}}, "voyages": {"0": {"0": [21, [63, 97, 106], 10.0, [109.375, 0], [1118.7778833333336, 0.0]], "1": [2, [128, 128, 135], 0, [43.75, 0], [138.76590000000002, 0.0]], "2": [9, [135, 136, 142], 12.0, [26.25, 0], [168.62220000000002, 0.0]], "9": [10, [142, 142, 148], 0, [13.125, 0], [118.94220000000003, 0.0]], "10": [23, [148, 186, 186], 10.0, [0, 0], [1283.4821428571433, 0.0]], "21": [22, [106, 106, 115], 0, [87.5, 0], [178.41330000000002, 0.0]], "22": [1, [115, 119, 128], 10.0, [65.625, 0], [298.20496666666673, 0.0]]}, "1": {"0": [15, [63, 78, 84], 10.0, [71.25, 0], [490.29636666666676, 0.0]], "11": [12, [99, 99, 100], 0, [26.25, 15.0], [19.823700000000002, 0.0]], "12": [17, [100, 100, 129], 10.0, [26.25, 25.0], [366.5142000000001, 0.0]], "15": [16, [84, 84, 85], 0, [56.25, 0], [19.823700000000002, 0.0]], "16": [11, [85, 87, 99], 10.0, [56.25, 15.0], [297.7802333333334, 0.0]], "17": [18, [129, 129, 134], 0, [11.25, 25.0], [99.11850000000003, 0.0]], "18": [23, [134, 151, 151], 10.0, [0, 25.0], [509.1145833333335, 0.0]]}, "2": {"0": [13, [63, 91, 97], 10.0, [96.25, 0], [879.6192833333337, 0.0]], "3": [4, [149, 149, 150], 0, [0, 33.75], [19.823700000000002, 0.0]], "4": [23, [150, 184, 184], 10.0, [0, 46.875], [1155.133928571429, 0.0]], "5": [6, [121, 121, 123], 0, [36.25, 15.0], [39.647400000000005, 0.0]], "6": [19, [123, 124, 130], 10.0, [32.5, 15.0], [148.8901166666667, 0.0]], "7": [8, [113, 113, 114], 0, [47.5, 0], [19.823700000000002, 0.0]], "8": [5, [114, 116, 121], 11.0, [47.5, 15.0], [177.06826851851855, 0.0]], "13": [14, [97, 97, 103], 0, [81.25, 0], [118.94220000000003, 0.0]], "14": [7, [103, 105, 113], 10.0, [66.25, 0], [218.48543333333336, 0.0]], "19": [20, [130, 130, 131], 0, [17.5, 15.0], [19.823700000000002, 0.0]], "20": [3, [131, 142, 149], 11.0, [17.5, 33.75], [567.4896268518519, 0.0]]}, "3": {"0": [23, [63, 63, 63], 0, [0, 0], [0, 0]]}}, "order_fulfillment": {"postponed_orders": [], "serviced_orders": [1, 2, 3, 4, 5, 6, 7, 8, 9, 10, 11, 12, 13, 14, 15, 16, 17, 18, 19, 20, 21, 22]}, "vessels": {"fleet_vessels": 3, "chartered_vessels": 0}, "objective": {"objective_bound": 8472.4261, "fuel_costs": 8472.4272, "charter_costs": 0.0, "penalty_costs": 0.0, "optimality_gap": 1.1462599609500411e-07}, "variables": {"number_of_variables": 108080, "number_of_bin_variables": 107888, "number_of_arcs": 107792, "number_of_cont_variables": 192}, "runtime": {"preprocess_runtime": 15.6704, "model_runtime": 2330.8837}}