{"instance_info": {"installation_ordering": "Random", "number_of_installations": 11, "weather_scenario": 2, "fleet_size": 3, "order_composition": {"1": {"order": "MD_WEL", "size": 15.0, "installation": 17, "node": 1}, "2": {"order": "OD_WEL", "size": 15.0, "installation": 17, "node": 2}, "3": {"order": "MD_SEQ", "size": 20.0, "installation": 7, "node": 3}, "4": {"order": "OP_SEQ", "size": 20.0, "installation": 7, "node": 4}, "5": {"order": "MD_OSB", "size": 18.75, "installation": 9, "node": 5}, "6": {"order": "OD_OSB", "size": 22.5, "installation": 9, "node": 6}, "7": {"order": "MD_STB", "size": 17.5, "installation": 22, "node": 7}, "8": {"order": "OP_STB", "size": 13.125, "installation": 22, "node": 8}, "9": {"order": "MD_TRO", "size": 15.0, "installation": 1, "node": 9}, "10": {"order": "OD_TRO", "size": 18.75, "installation": 1, "node": 10}, "11": {"order": "MD_SEN", "size": 10.0, "installation": 5, "node": 11}, "12": {"order": "OP_SEN", "size": 15.0, "installation": 5, "node": 12}, "13": {"order": "MD_CPR", "size": 25.0, "installation": 4, "node": 13}, "14": {"order": "OD_CPR", "size": 20.0, "installation": 4, "node": 14}, "15": {"order": "MD_VFB", "size": 15.0, "installation": 18, "node": 15}, "16": {"order": "OP_VFB", "size": 7.5, "installation": 18, "node": 16}, "17": {"order": "MD_STC", "size": 17.5, "installation": 23, "node": 17}, "18": {"order": "OD_STC", "size": 21.875, "installation": 23, "node": 18}, "19": {"order": "MD_SOD", "size": 11.25, "installation": 27, "node": 19}, "20": {"order": "OP_SOD", "size": 11.25, "installation": 27, "node": 20}, "21": {"order": "MD_OSS", "size": 22.5, "installation": 13, "node": 21}, "22": {"order": "OD_OSS", "size": 18.75, "installation": 13, "node": 22}}}, "voyages": {"0": {"0": [13, [63, 80, 90], 10.0, [110.0, 0], [629.4870000000002, 0.0]], "3": [4, [109, 109, 110], 0, [44.999649820724265, 0], [19.823700000000002, 0.0]], "4": [19, [110, 111, 116], 10.0, [44.99971772965283, 19.999932091071422], [129.0664166666667, 0.0]], "9": [10, [129, 129, 137], 0, [18.74992672669822, 31.249833109932766], [158.58960000000002, 0.0]], "10": [23, [137, 154, 154], 10.0, [0, 31.24975983663097], [517.6711309523811, 0.0]], "13": [14, [90, 90, 98], 0, [84.99950882548096, 0], [158.58960000000002, 0.0]], "14": [3, [98, 101, 109], 10.0, [64.99950867952917, 0], [248.43335000000005, 0.0]], "19": [20, [116, 116, 117], 0, [33.74979119023284, 19.999791030939928], [19.823700000000002, 0.0]], "20": [9, [117, 123, 129], 10.0, [33.74978551898255, 31.249723428888426], [298.62970000000007, 0.0]]}, "1": {"0": [15, [63, 88, 94], 10.0, [101.875, 0], [789.7755333333337, 0.0]], "1": [2, [109, 109, 115], 0, [71.87500000000028, 7.499999999999986], [118.94220000000003, 0.0]], "2": [17, [115, 122, 129], 10.0, [56.875, 7.499999999999986], [348.40131666666673, 0.0]], "7": [8, [146, 146, 147], 0, [0, 7.499999999999815], [19.823700000000002, 0.0]], "8": [23, [147, 186, 186], 10.0, [0, 20.624999999999744], [1313.4300595238099, 0.0]], "15": [16, [94, 94, 95], 0, [86.87500000000006, 0], [19.823700000000002, 0.0]], "16": [1, [95, 103, 109], 10.0, [86.87500000000007, 7.5], [358.52553333333344, 0.0]], "17": [18, [129, 129, 138], 0, [39.375, 7.499999999999915], [178.41330000000002, 0.0]], "18": [7, [138, 139, 146], 12.0, [17.500000000000004, 7.499999999999915], [188.44590000000002, 0.0]]}, "2": {"0": [21, [63, 93, 102], 10.0, [92.5, 0], [998.9862166666669, 0.0]], "5": [6, [120, 120, 129], 0, [32.49999999999987, 0], [178.41330000000002, 0.0]], "6": [11, [129, 143, 147], 10.0, [10.0, 0], [498.5656333333335, 0.0]], "11": [12, [147, 147, 148], 0, [0, 0], [19.823700000000002, 0.0]], "12": [23, [148, 165, 165], 10.0, [0, 15.0], [564.732142857143, 0.0]], "21": [22, [102, 102, 110], 0, [69.99999999999989, 0], [158.58960000000002, 0.0]], "22": [5, [110, 112, 120], 10.0, [51.249999999999886, 0], [218.48543333333336, 0.0]]}, "3": {"0": [23, [63, 63, 63], 0, [0, 0], [0, 0]]}}, "order_fulfillment": {"postponed_orders": [], "serviced_orders": [1, 2, 3, 4, 5, 6, 7, 8, 9, 10, 11, 12, 13, 14, 15, 16, 17, 18, 19, 20, 21, 22]}, "vessels": {"fleet_vessels": 3, "chartered_vessels": 0}, "objective": {"objective_bound": 8153.2899, "fuel_costs": 8153.2915, "charter_costs": 0.0, "penalty_costs": 0.0016, "optimality_gap": 0.0}, "variables": {"number_of_variables": 111684, "number_of_bin_variables": 111492, "number_of_arcs": 111396, "number_of_cont_variables": 192}, "runtime": {"preprocess_runtime": 15.8188, "model_runtime": 345.0657}}