{"instance_info": {"installation_ordering": "Random", "number_of_installations": 2, "weather_scenario": 1, "fleet_size": 1, "order_composition": {"1": {"order": "MD_STB", "size": 21.875, "installation": 22, "node": 1}, "2": {"order": "OD_STB", "size": 21.875, "installation": 22, "node": 2}, "3": {"order": "MD_GFC", "size": 17.5, "installation": 26, "node": 3}, "4": {"order": "OP_GFC", "size": 21.875, "installation": 26, "node": 4}}}, "voyages": {"0": {"0": [1, [63, 102, 111], 10.0, [61.25, 0], [1086.3958000000002, 0.0]], "1": [2, [111, 111, 120], 0, [39.37499999999942, 0], [152.0208, 0.0]], "2": [3, [120, 125, 132], 10.0, [17.499999999999417, 0], [249.76006666666672, 0.0]], "3": [4, [132, 132, 133], 0, [0, 0], [19.823700000000002, 0.0]], "4": [5, [133, 167, 167], 10.0, [0, 21.875], [1018.229166666667, 0.0]]}, "1": {"0": [5, [63, 63, 63], 0, [0, 0], [0, 0]]}}, "order_fulfillment": {"postponed_orders": [], "serviced_orders": [1, 2, 3, 4]}, "vessels": {"fleet_vessels": 1, "chartered_vessels": 0}, "objective": {"objective_bound": 2526.2295, "fuel_costs": 2526.2295, "charter_costs": 0.0, "penalty_costs": 0.0, "optimality_gap": 0.0}, "variables": {"number_of_variables": 6062, "number_of_bin_variables": 6038, "number_of_arcs": 6026, "number_of_cont_variables": 24}, "runtime": {"preprocess_runtime": 0.563, "model_runtime": 0.5991}}