{"instance_info": {"installation_ordering": "Random", "number_of_installations": 3, "weather_scenario": 0, "fleet_size": 1, "order_composition": {"1": {"order": "MD_STB", "size": 21.875, "installation": 22, "node": 1}, "2": {"order": "OD_STB", "size": 26.25, "installation": 22, "node": 2}, "3": {"order": "MD_GFC", "size": 17.5, "installation": 26, "node": 3}, "4": {"order": "OP_GFC", "size": 17.5, "installation": 26, "node": 4}, "5": {"order": "MD_SSC", "size": 7.5, "installation": 12, "node": 5}, "6": {"order": "OD_SSC", "size": 9.375, "installation": 12, "node": 6}}}, "voyages": {"0": {"0": [5, [63, 88, 91], 10.0, [82.5, 0], [634.1483333333335, 0.0]], "1": [2, [121, 121, 132], 0, [43.74999999999975, 0], [129.03, 0.0]], "2": [3, [132, 137, 144], 10.0, [17.49999999999976, 0], [201.9016666666667, 0.0]], "3": [4, [144, 144, 145], 0, [0, 0], [11.73, 0.0]], "4": [7, [145, 179, 179], 10.0, [0, 17.5], [814.5833333333336, 0.0]], "5": [6, [91, 91, 95], 0, [75.0000000000001, 0], [46.92, 0.0]], "6": [1, [95, 112, 121], 10.0, [65.62499999999976, 0], [512.8616666666668, 0.0]]}, "1": {"0": [7, [63, 63, 63], 0, [0, 0], [0, 0]]}}, "order_fulfillment": {"postponed_orders": [], "serviced_orders": [1, 2, 3, 4, 5, 6]}, "vessels": {"fleet_vessels": 1, "chartered_vessels": 0}, "objective": {"objective_bound": 2351.175, "fuel_costs": 2351.175, "charter_costs": 0.0, "penalty_costs": 0.0, "optimality_gap": 0.0}, "variables": {"number_of_variables": 22282, "number_of_bin_variables": 22250, "number_of_arcs": 22234, "number_of_cont_variables": 32}, "runtime": {"preprocess_runtime": 1.7506, "model_runtime": 2.4134}}