{"instance_info": {"installation_ordering": "Random", "number_of_installations": 3, "weather_scenario": 0, "fleet_size": 1, "order_composition": {"1": {"order": "MD_VFB", "size": 11.25, "installation": 18, "node": 1}, "2": {"order": "OD_VFB", "size": 7.5, "installation": 18, "node": 2}, "3": {"order": "MD_VMO", "size": 18.75, "installation": 16, "node": 3}, "4": {"order": "OP_VMO", "size": 15.0, "installation": 16, "node": 4}, "5": {"order": "MD_TRO", "size": 22.5, "installation": 1, "node": 5}, "6": {"order": "OD_TRO", "size": 7.5, "installation": 1, "node": 6}}}, "voyages": {"0": {"0": [1, [63, 88, 93], 10.0, [67.5, 0], [657.6083333333335, 0.0]], "1": [2, [93, 93, 96], 0, [56.25, 0], [35.190000000000005, 0.0]], "2": [3, [96, 104, 112], 10.0, [48.75, 0], [285.5066666666667, 0.0]], "3": [4, [112, 112, 113], 0, [29.999999999999996, 0], [11.73, 0.0]], "4": [5, [113, 131, 140], 10.0, [29.999999999999996, 15.0], [536.8200000000002, 0.0]], "5": [6, [140, 140, 143], 0, [7.5, 15.000000000000002], [35.190000000000005, 0.0]], "6": [7, [143, 160, 160], 10.0, [0, 15.000000000000002], [407.2916666666668, 0.0]]}, "1": {"0": [7, [63, 63, 63], 0, [0, 0], [0, 0]]}}, "order_fulfillment": {"postponed_orders": [], "serviced_orders": [1, 2, 3, 4, 5, 6]}, "vessels": {"fleet_vessels": 1, "chartered_vessels": 0}, "objective": {"objective_bound": 1969.3367, "fuel_costs": 1969.3367, "charter_costs": 0.0, "penalty_costs": 0.0, "optimality_gap": 0.0}, "variables": {"number_of_variables": 15040, "number_of_bin_variables": 15008, "number_of_arcs": 14992, "number_of_cont_variables": 32}, "runtime": {"preprocess_runtime": 1.7319, "model_runtime": 1.8183}}