{"instance_info": {"installation_ordering": "Random", "number_of_installations": 3, "weather_scenario": 0, "fleet_size": 1, "order_composition": {"1": {"order": "MD_STC", "size": 21.875, "installation": 23, "node": 1}, "2": {"order": "OD_STC", "size": 13.125, "installation": 23, "node": 2}, "3": {"order": "MD_TRB", "size": 20.0, "installation": 2, "node": 3}, "4": {"order": "OP_TRB", "size": 25.0, "installation": 2, "node": 4}, "5": {"order": "MD_SSC", "size": 7.5, "installation": 12, "node": 5}, "6": {"order": "OD_SSC", "size": 7.5, "installation": 12, "node": 6}}}, "voyages": {"0": {"0": [1, [63, 101, 110], 10.0, [70.0, 0], [1015.986666666667, 0.0]], "1": [2, [110, 110, 116], 0, [48.1249999999999, 0], [70.38000000000001, 0.0]], "2": [5, [116, 134, 137], 10.0, [34.9999999999999, 0], [466.44000000000017, 0.0]], "3": [4, [154, 154, 155], 0, [0, 0], [11.73, 0.0]], "4": [7, [155, 173, 173], 10.0, [0, 25.0], [431.25000000000017, 0.0]], "5": [6, [137, 137, 140], 0, [27.499999999999908, 0], [35.190000000000005, 0.0]], "6": [3, [140, 146, 154], 10.0, [20.000000000000007, 0], [237.59000000000006, 0.0]]}, "1": {"0": [7, [63, 63, 63], 0, [0, 0], [0, 0]]}}, "order_fulfillment": {"postponed_orders": [], "serviced_orders": [1, 2, 3, 4, 5, 6]}, "vessels": {"fleet_vessels": 1, "chartered_vessels": 0}, "objective": {"objective_bound": 2268.5667, "fuel_costs": 2268.5667, "charter_costs": 0.0, "penalty_costs": 0.0, "optimality_gap": 0.0}, "variables": {"number_of_variables": 16986, "number_of_bin_variables": 16954, "number_of_arcs": 16938, "number_of_cont_variables": 32}, "runtime": {"preprocess_runtime": 1.7737, "model_runtime": 1.9706}}