{"instance_info": {"installation_ordering": "Random", "number_of_installations": 3, "weather_scenario": 1, "fleet_size": 1, "order_composition": {"1": {"order": "MD_STC", "size": 21.875, "installation": 23, "node": 1}, "2": {"order": "OD_STC", "size": 13.125, "installation": 23, "node": 2}, "3": {"order": "MD_TRB", "size": 20.0, "installation": 2, "node": 3}, "4": {"order": "OP_TRB", "size": 25.0, "installation": 2, "node": 4}, "5": {"order": "MD_SSC", "size": 7.5, "installation": 12, "node": 5}, "6": {"order": "OD_SSC", "size": 7.5, "installation": 12, "node": 6}}}, "voyages": {"0": {"0": [1, [63, 101, 110], 10.0, [70.0, 0], [1062.437466666667, 0.0]], "1": [2, [110, 110, 116], 0, [48.124999999999986, 0], [101.34719999999999, 0.0]], "2": [5, [116, 134, 137], 10.0, [34.999999999999986, 0], [526.6586000000002, 0.0]], "3": [4, [154, 154, 155], 0, [0, 0], [19.823700000000002, 0.0]], "4": [7, [155, 173, 173], 10.0, [0, 25.0], [539.0625000000002, 0.0]], "5": [6, [137, 137, 140], 0, [27.499999999999986, 0], [59.471100000000014, 0.0]], "6": [3, [140, 146, 154], 10.0, [19.999999999999986, 0], [338.2771000000001, 0.0]]}, "1": {"0": [7, [63, 63, 63], 0, [0, 0], [0, 0]]}}, "order_fulfillment": {"postponed_orders": [], "serviced_orders": [1, 2, 3, 4, 5, 6]}, "vessels": {"fleet_vessels": 1, "chartered_vessels": 0}, "objective": {"objective_bound": 2647.0777, "fuel_costs": 2647.0777, "charter_costs": 0.0, "penalty_costs": 0.0, "optimality_gap": 0.0}, "variables": {"number_of_variables": 13214, "number_of_bin_variables": 13182, "number_of_arcs": 13166, "number_of_cont_variables": 32}, "runtime": {"preprocess_runtime": 1.413, "model_runtime": 1.7466}}