{"instance_info": {"installation_ordering": "Random", "number_of_installations": 3, "weather_scenario": 2, "fleet_size": 1, "order_composition": {"1": {"order": "MD_STB", "size": 17.5, "installation": 22, "node": 1}, "2": {"order": "OD_STB", "size": 17.5, "installation": 22, "node": 2}, "3": {"order": "MD_GFC", "size": 17.5, "installation": 26, "node": 3}, "4": {"order": "OP_GFC", "size": 13.125, "installation": 26, "node": 4}, "5": {"order": "MD_SSC", "size": 7.5, "installation": 12, "node": 5}, "6": {"order": "OD_SSC", "size": 5.625, "installation": 12, "node": 6}}}, "voyages": {"0": {"0": [5, [63, 88, 91], 10.0, [65.625, 0], [730.3044333333336, 0.0]], "1": [2, [118, 118, 125], 0, [35.0, 0], [138.76590000000002, 0.0]], "2": [3, [125, 130, 137], 10.0, [17.5, 0], [288.50548333333336, 0.0]], "3": [4, [137, 137, 138], 0, [0, 0], [19.823700000000002, 0.0]], "4": [7, [138, 172, 172], 10.0, [0, 13.125], [1103.7946428571433, 0.0]], "5": [6, [91, 91, 94], 0, [58.125, 0], [59.471100000000014, 0.0]], "6": [1, [94, 111, 118], 10.0, [52.5, 0], [647.8804833333335, 0.0]]}, "1": {"0": [7, [63, 63, 63], 0, [0, 0], [0, 0]]}}, "order_fulfillment": {"postponed_orders": [], "serviced_orders": [1, 2, 3, 4, 5, 6]}, "vessels": {"fleet_vessels": 1, "chartered_vessels": 0}, "objective": {"objective_bound": 2988.5457, "fuel_costs": 2988.5457, "charter_costs": 0.0, "penalty_costs": 0.0, "optimality_gap": 0.0}, "variables": {"number_of_variables": 4362, "number_of_bin_variables": 4330, "number_of_arcs": 4314, "number_of_cont_variables": 32}, "runtime": {"preprocess_runtime": 0.5451, "model_runtime": 0.269}}