{"instance_info": {"installation_ordering": "Random", "number_of_installations": 3, "weather_scenario": 2, "fleet_size": 1, "order_composition": {"1": {"order": "MD_VFB", "size": 15.0, "installation": 18, "node": 1}, "2": {"order": "OD_VFB", "size": 18.75, "installation": 18, "node": 2}, "3": {"order": "MD_VMO", "size": 15.0, "installation": 16, "node": 3}, "4": {"order": "OP_VMO", "size": 22.5, "installation": 16, "node": 4}, "5": {"order": "MD_TRO", "size": 11.25, "installation": 1, "node": 5}, "6": {"order": "OD_TRO", "size": 18.75, "installation": 1, "node": 6}}}, "voyages": {"0": {"0": [1, [63, 88, 94], 10.0, [78.75, 0], [789.7755333333337, 0.0]], "1": [2, [94, 94, 102], 0, [63.75, 0], [158.58960000000002, 0.0]], "2": [3, [102, 110, 116], 10.0, [45.0, 0], [358.52553333333344, 0.0]], "3": [4, [116, 116, 117], 0, [30.0, 0], [19.823700000000002, 0.0]], "4": [5, [117, 135, 140], 10.0, [30.0, 22.5], [638.1810000000003, 0.0]], "5": [6, [140, 140, 148], 0, [18.75, 22.5], [158.58960000000002, 0.0]], "6": [7, [148, 165, 165], 10.0, [0, 22.5], [564.732142857143, 0.0]]}, "1": {"0": [7, [63, 63, 63], 0, [0, 0], [0, 0]]}}, "order_fulfillment": {"postponed_orders": [], "serviced_orders": [1, 2, 3, 4, 5, 6]}, "vessels": {"fleet_vessels": 1, "chartered_vessels": 0}, "objective": {"objective_bound": 2688.2171, "fuel_costs": 2688.2171, "charter_costs": 0.0, "penalty_costs": 0.0, "optimality_gap": 0.0}, "variables": {"number_of_variables": 2954, "number_of_bin_variables": 2922, "number_of_arcs": 2906, "number_of_cont_variables": 32}, "runtime": {"preprocess_runtime": 0.4976, "model_runtime": 0.2915}}