{"instance_info": {"installation_ordering": "Random", "number_of_installations": 3, "weather_scenario": 2, "fleet_size": 1, "order_composition": {"1": {"order": "MD_WEL", "size": 15.0, "installation": 17, "node": 1}, "2": {"order": "OD_WEL", "size": 15.0, "installation": 17, "node": 2}, "3": {"order": "MD_SEQ", "size": 10.0, "installation": 7, "node": 3}, "4": {"order": "OP_SEQ", "size": 25.0, "installation": 7, "node": 4}, "5": {"order": "MD_OSB", "size": 15.0, "installation": 9, "node": 5}, "6": {"order": "OD_OSB", "size": 18.75, "installation": 9, "node": 6}}}, "voyages": {"0": {"0": [5, [63, 91, 97], 10.0, [73.75, 0], [879.6192833333337, 0.0]], "1": [2, [124, 124, 130], 0, [25.0, 0], [118.94220000000003, 0.0]], "2": [3, [130, 145, 149], 10.0, [10.0, 0], [528.5135500000001, 0.0]], "3": [4, [149, 149, 150], 0, [0, 0], [19.823700000000002, 0.0]], "4": [7, [150, 166, 166], 10.0, [0, 25.0], [539.0625000000002, 0.0]], "5": [6, [97, 97, 105], 0, [58.75, 0], [158.58960000000002, 0.0]], "6": [1, [105, 118, 124], 11.0, [40.0, 0], [625.6156953703704, 0.0]]}, "1": {"0": [7, [63, 63, 63], 0, [0, 0], [0, 0]]}}, "order_fulfillment": {"postponed_orders": [], "serviced_orders": [1, 2, 3, 4, 5, 6]}, "vessels": {"fleet_vessels": 1, "chartered_vessels": 0}, "objective": {"objective_bound": 2870.1665, "fuel_costs": 2870.1665, "charter_costs": 0.0, "penalty_costs": 0.0, "optimality_gap": 0.0}, "variables": {"number_of_variables": 5080, "number_of_bin_variables": 5048, "number_of_arcs": 5032, "number_of_cont_variables": 32}, "runtime": {"preprocess_runtime": 0.6462, "model_runtime": 0.3082}}