{"instance_info": {"installation_ordering": "Random", "number_of_installations": 3, "weather_scenario": 2, "fleet_size": 1, "order_composition": {"1": {"order": "MD_STC", "size": 17.5, "installation": 23, "node": 1}, "2": {"order": "OD_STC", "size": 17.5, "installation": 23, "node": 2}, "3": {"order": "MD_TRB", "size": 20.0, "installation": 2, "node": 3}, "4": {"order": "OP_TRB", "size": 20.0, "installation": 2, "node": 4}, "5": {"order": "MD_SSC", "size": 5.625, "installation": 12, "node": 5}, "6": {"order": "OD_SSC", "size": 7.5, "installation": 12, "node": 6}}}, "voyages": {"0": {"0": [1, [63, 101, 108], 10.0, [68.125, 0], [1198.9221500000003, 0.0]], "1": [2, [108, 108, 115], 0, [50.625, 0], [138.76590000000002, 0.0]], "2": [5, [115, 130, 133], 12.0, [33.125, 0], [804.6711, 0.0]], "3": [4, [149, 149, 150], 0, [0, 0], [19.823700000000002, 0.0]], "4": [7, [150, 168, 168], 10.0, [0, 20.0], [607.5148809523812, 0.0]], "5": [6, [133, 133, 136], 0, [27.5, 0], [59.471100000000014, 0.0]], "6": [3, [136, 141, 149], 12.0, [20.0, 0], [406.98960000000005, 0.0]]}, "1": {"0": [7, [63, 63, 63], 0, [0, 0], [0, 0]]}}, "order_fulfillment": {"postponed_orders": [], "serviced_orders": [1, 2, 3, 4, 5, 6]}, "vessels": {"fleet_vessels": 1, "chartered_vessels": 0}, "objective": {"objective_bound": 3236.1584, "fuel_costs": 3236.1584, "charter_costs": 0.0, "penalty_costs": 0.0, "optimality_gap": 0.0}, "variables": {"number_of_variables": 2910, "number_of_bin_variables": 2878, "number_of_arcs": 2862, "number_of_cont_variables": 32}, "runtime": {"preprocess_runtime": 0.5432, "model_runtime": 0.1765}}