{"instance_info": {"installation_ordering": "Random", "number_of_installations": 3, "weather_scenario": 1, "fleet_size": 1, "order_composition": {"1": {"order": "MD_WEL", "size": 15.0, "installation": 17, "node": 1}, "2": {"order": "OD_WEL", "size": 15.0, "installation": 17, "node": 2}, "3": {"order": "MD_SEQ", "size": 20.0, "installation": 7, "node": 3}, "4": {"order": "OP_SEQ", "size": 25.0, "installation": 7, "node": 4}, "5": {"order": "MD_OSB", "size": 15.0, "installation": 9, "node": 5}, "6": {"order": "OD_OSB", "size": 18.75, "installation": 9, "node": 6}}}, "voyages": {"0": {"0": [5, [63, 91, 97], 10.0, [83.75, 0], [772.1805333333336, 0.0]], "1": [2, [125, 125, 131], 0, [34.99999999999997, 0], [110.1447, 0.0]], "2": [3, [131, 146, 154], 10.0, [19.99999999999997, 0], [607.8083500000001, 0.0]], "3": [4, [154, 154, 155], 0, [0, 0], [19.823700000000002, 0.0]], "4": [7, [155, 171, 171], 10.0, [0, 25.0], [479.1666666666668, 0.0]], "5": [6, [97, 97, 105], 0, [68.74999999999997, 0], [135.1296, 0.0]], "6": [1, [105, 119, 125], 10.0, [49.99999999999997, 0], [436.7638666666668, 0.0]]}, "1": {"0": [7, [63, 63, 63], 0, [0, 0], [0, 0]]}}, "order_fulfillment": {"postponed_orders": [], "serviced_orders": [1, 2, 3, 4, 5, 6]}, "vessels": {"fleet_vessels": 1, "chartered_vessels": 0}, "objective": {"objective_bound": 2561.0174, "fuel_costs": 2561.0174, "charter_costs": 0.0, "penalty_costs": 0.0, "optimality_gap": 0.0}, "variables": {"number_of_variables": 21384, "number_of_bin_variables": 21352, "number_of_arcs": 21336, "number_of_cont_variables": 32}, "runtime": {"preprocess_runtime": 1.6407, "model_runtime": 2.4015}}