{"instance_info": {"installation_ordering": "Random", "number_of_installations": 4, "weather_scenario": 2, "fleet_size": 1, "order_composition": {"1": {"order": "MD_STB", "size": 8.75, "installation": 22, "node": 1}, "2": {"order": "OD_STB", "size": 26.25, "installation": 22, "node": 2}, "3": {"order": "MD_GFC", "size": 13.125, "installation": 26, "node": 3}, "4": {"order": "OP_GFC", "size": 26.25, "installation": 26, "node": 4}, "5": {"order": "MD_SSC", "size": 5.625, "installation": 12, "node": 5}, "6": {"order": "OD_SSC", "size": 7.5, "installation": 12, "node": 6}, "7": {"order": "MD_OSC", "size": 15.0, "installation": 10, "node": 7}, "8": {"order": "OP_OSC", "size": 11.25, "installation": 10, "node": 8}}}, "voyages": {"0": {"0": [5, [63, 88, 91], 10.0, [76.25, 0], [730.3044333333336, 0.0]], "1": [2, [125, 125, 136], 0, [39.375, 11.25], [218.06070000000003, 0.0]], "2": [3, [136, 141, 147], 10.0, [13.125, 11.25], [268.6817833333334, 0.0]], "3": [4, [147, 147, 148], 0, [0, 11.25], [19.823700000000002, 0.0]], "4": [9, [148, 182, 182], 10.0, [0, 37.5], [1146.5773809523812, 0.0]], "5": [6, [91, 91, 94], 0, [70.625, 0], [59.471100000000014, 0.0]], "6": [7, [94, 96, 102], 11.0, [63.125, 0], [196.89196851851855, 0.0]], "7": [8, [102, 102, 103], 0, [48.125, 0], [19.823700000000002, 0.0]], "8": [1, [103, 121, 125], 10.0, [48.125, 11.25], [618.3573000000002, 0.0]]}, "1": {"0": [9, [63, 63, 63], 0, [0, 0], [0, 0]]}}, "order_fulfillment": {"postponed_orders": [], "serviced_orders": [1, 2, 3, 4, 5, 6, 7, 8]}, "vessels": {"fleet_vessels": 1, "chartered_vessels": 0}, "objective": {"objective_bound": 3277.9921, "fuel_costs": 3277.9921, "charter_costs": 0.0, "penalty_costs": 0.0, "optimality_gap": 0.0}, "variables": {"number_of_variables": 8060, "number_of_bin_variables": 8020, "number_of_arcs": 8000, "number_of_cont_variables": 40}, "runtime": {"preprocess_runtime": 0.9794, "model_runtime": 0.7323}}