{"instance_info": {"installation_ordering": "Random", "number_of_installations": 4, "weather_scenario": 1, "fleet_size": 1, "order_composition": {"1": {"order": "MD_VFB", "size": 15.0, "installation": 18, "node": 1}, "2": {"order": "OD_VFB", "size": 18.75, "installation": 18, "node": 2}, "3": {"order": "MD_VMO", "size": 15.0, "installation": 16, "node": 3}, "4": {"order": "OP_VMO", "size": 18.75, "installation": 16, "node": 4}, "5": {"order": "MD_TRO", "size": 18.75, "installation": 1, "node": 5}, "6": {"order": "OD_TRO", "size": 15.0, "installation": 1, "node": 6}, "7": {"order": "MD_HUL", "size": 5.0, "installation": 20, "node": 7}, "8": {"order": "OP_HUL", "size": 10.0, "installation": 20, "node": 8}}}, "voyages": {"0": {"0": [1, [63, 88, 94], 10.0, [87.5, 0], [700.3055333333334, 0.0]], "1": [2, [94, 94, 102], 0, [72.5, 0], [135.1296, 0.0]], "2": [7, [102, 104, 106], 11.0, [53.75, 0], [97.55948333333333, 0.0]], "3": [4, [118, 118, 119], 0, [33.74999999999997, 10.0], [16.8912, 0.0]], "4": [5, [119, 137, 145], 10.0, [33.75, 28.75], [643.7458500000002, 0.0]], "5": [6, [145, 145, 151], 0, [15.0, 28.7499999999999], [118.94220000000003, 0.0]], "6": [9, [151, 168, 168], 10.0, [0, 28.749999999999886], [509.1145833333335, 0.0]], "7": [8, [106, 106, 107], 0, [48.74999999999997, 0], [16.8912, 0.0]], "8": [3, [107, 112, 118], 10.0, [48.74999999999997, 10.0], [221.13886666666667, 0.0]]}, "1": {"0": [9, [63, 63, 63], 0, [0, 0], [0, 0]]}}, "order_fulfillment": {"postponed_orders": [], "serviced_orders": [1, 2, 3, 4, 5, 6, 7, 8]}, "vessels": {"fleet_vessels": 1, "chartered_vessels": 0}, "objective": {"objective_bound": 2459.7185, "fuel_costs": 2459.7185, "charter_costs": 0.0, "penalty_costs": 0.0, "optimality_gap": 0.0}, "variables": {"number_of_variables": 22976, "number_of_bin_variables": 22936, "number_of_arcs": 22916, "number_of_cont_variables": 40}, "runtime": {"preprocess_runtime": 2.3835, "model_runtime": 4.2249}}