{"instance_info": {"installation_ordering": "Random", "number_of_installations": 4, "weather_scenario": 2, "fleet_size": 1, "order_composition": {"1": {"order": "MD_WEL", "size": 11.25, "installation": 17, "node": 1}, "2": {"order": "OD_WEL", "size": 15.0, "installation": 17, "node": 2}, "3": {"order": "MD_SEQ", "size": 20.0, "installation": 7, "node": 3}, "4": {"order": "OP_SEQ", "size": 30.0, "installation": 7, "node": 4}, "5": {"order": "MD_OSB", "size": 15.0, "installation": 9, "node": 5}, "6": {"order": "OD_OSB", "size": 11.25, "installation": 9, "node": 6}, "7": {"order": "MD_STB", "size": 17.5, "installation": 22, "node": 7}, "8": {"order": "OP_STB", "size": 17.5, "installation": 22, "node": 8}}}, "voyages": {"0": {"0": [3, [63, 79, 87], 10.0, [90.0, 0], [559.8916833333335, 0.0]], "1": [2, [130, 130, 136], 0, [32.499999999998835, 29.999999999998288], [118.94220000000003, 0.0]], "2": [7, [136, 142, 149], 11.0, [17.499999999999616, 29.99999999999816], [372.6152055555556, 0.0]], "3": [4, [87, 87, 88], 0, [70.00000000000067, 0], [19.823700000000002, 0.0]], "4": [5, [88, 100, 106], 11.0, [70.00000000000081, 30.0], [586.6408111111111, 0.0]], "5": [6, [106, 106, 111], 0, [55.000000000002174, 29.999999999998565], [99.11850000000003, 0.0]], "6": [1, [111, 125, 130], 10.0, [43.74999999999884, 29.99999999999841], [518.3893333333335, 0.0]], "7": [8, [149, 149, 150], 0, [0, 29.999999999998032], [19.823700000000002, 0.0]], "8": [9, [150, 189, 189], 10.0, [0, 47.49999999999793], [1326.2648809523814, 0.0]]}, "1": {"0": [9, [63, 63, 63], 0, [0, 0], [0, 0]]}}, "order_fulfillment": {"postponed_orders": [], "serviced_orders": [1, 2, 3, 4, 5, 6, 7, 8]}, "vessels": {"fleet_vessels": 1, "chartered_vessels": 0}, "objective": {"objective_bound": 3621.51, "fuel_costs": 3621.51, "charter_costs": 0.0, "penalty_costs": 0.0, "optimality_gap": 0.0}, "variables": {"number_of_variables": 8638, "number_of_bin_variables": 8598, "number_of_arcs": 8578, "number_of_cont_variables": 40}, "runtime": {"preprocess_runtime": 1.0598, "model_runtime": 0.7477}}