{"instance_info": {"installation_ordering": "Random", "number_of_installations": 4, "weather_scenario": 0, "fleet_size": 1, "order_composition": {"1": {"order": "MD_STC", "size": 17.5, "installation": 23, "node": 1}, "2": {"order": "OD_STC", "size": 17.5, "installation": 23, "node": 2}, "3": {"order": "MD_TRB", "size": 20.0, "installation": 2, "node": 3}, "4": {"order": "OP_TRB", "size": 20.0, "installation": 2, "node": 4}, "5": {"order": "MD_SSC", "size": 5.625, "installation": 12, "node": 5}, "6": {"order": "OD_SSC", "size": 5.625, "installation": 12, "node": 6}, "7": {"order": "MD_GFC", "size": 17.5, "installation": 26, "node": 7}, "8": {"order": "OP_GFC", "size": 21.875, "installation": 26, "node": 8}}}, "voyages": {"0": {"0": [1, [63, 101, 108], 10.0, [83.75, 0], [992.526666666667, 0.0]], "1": [2, [108, 108, 115], 0, [66.25, 0], [82.11000000000001, 0.0]], "2": [7, [115, 119, 126], 10.0, [48.75, 0], [177.94333333333338, 0.0]], "3": [4, [161, 161, 162], 0, [0, 21.875], [11.73, 0.0]], "4": [9, [162, 180, 180], 10.0, [0, 41.875], [431.25000000000017, 0.0]], "5": [6, [144, 144, 147], 0, [25.625, 21.875], [35.190000000000005, 0.0]], "6": [3, [147, 153, 161], 10.0, [20.0, 21.875], [237.59000000000006, 0.0]], "7": [8, [126, 126, 127], 0, [31.25, 0], [11.73, 0.0]], "8": [5, [127, 141, 144], 10.0, [31.25, 21.875], [370.6066666666668, 0.0]]}, "1": {"0": [9, [63, 63, 63], 0, [0, 0], [0, 0]]}}, "order_fulfillment": {"postponed_orders": [], "serviced_orders": [1, 2, 3, 4, 5, 6, 7, 8]}, "vessels": {"fleet_vessels": 1, "chartered_vessels": 0}, "objective": {"objective_bound": 2350.6767, "fuel_costs": 2350.6767, "charter_costs": 0.0, "penalty_costs": 0.0, "optimality_gap": 0.0}, "variables": {"number_of_variables": 31570, "number_of_bin_variables": 31530, "number_of_arcs": 31510, "number_of_cont_variables": 40}, "runtime": {"preprocess_runtime": 3.1668, "model_runtime": 5.214}}