{"instance_info": {"installation_ordering": "Random", "number_of_installations": 4, "weather_scenario": 2, "fleet_size": 1, "order_composition": {"1": {"order": "MD_STC", "size": 21.875, "installation": 23, "node": 1}, "2": {"order": "OD_STC", "size": 26.25, "installation": 23, "node": 2}, "3": {"order": "MD_TRB", "size": 20.0, "installation": 2, "node": 3}, "4": {"order": "OP_TRB", "size": 20.0, "installation": 2, "node": 4}, "5": {"order": "MD_SSC", "size": 3.75, "installation": 12, "node": 5}, "6": {"order": "OD_SSC", "size": 11.25, "installation": 12, "node": 6}, "7": {"order": "MD_GFC", "size": 21.875, "installation": 26, "node": 7}, "8": {"order": "OP_GFC", "size": 13.125, "installation": 26, "node": 8}}}, "voyages": {"0": {"0": [7, [63, 91, 100], 12.0, [78.75, 0], [1461.8133, 0.0]], "1": [5, [113, 129, 131], 11.0, [35.0, 13.125], [663.2455481481481, 0.0]], "3": [4, [149, 149, 150], 0, [0, 13.125], [19.823700000000002, 0.0]], "4": [9, [150, 168, 168], 10.0, [0, 33.125], [607.5148809523812, 0.0]], "5": [6, [131, 131, 136], 0, [31.25, 13.125], [99.11850000000003, 0.0]], "6": [3, [136, 141, 149], 12.0, [20.0, 13.125], [406.98960000000005, 0.0]], "7": [8, [100, 100, 101], 0, [56.875, 0], [19.823700000000002, 0.0]], "8": [1, [101, 104, 113], 12.0, [56.875, 13.125], [327.4533, 0.0]]}, "1": {"0": [9, [63, 63, 63], 0, [0, 0], [0, 0]]}}, "order_fulfillment": {"postponed_orders": [2], "serviced_orders": [1, 3, 4, 5, 6, 7, 8]}, "vessels": {"fleet_vessels": 1, "chartered_vessels": 0}, "objective": {"objective_bound": 7194.4366, "fuel_costs": 3605.7825, "charter_costs": 0.0, "penalty_costs": 3588.6541, "optimality_gap": 0.0}, "variables": {"number_of_variables": 5688, "number_of_bin_variables": 5648, "number_of_arcs": 5628, "number_of_cont_variables": 40}, "runtime": {"preprocess_runtime": 0.969, "model_runtime": 0.5557}}