{"instance_info": {"installation_ordering": "Random", "number_of_installations": 4, "weather_scenario": 1, "fleet_size": 1, "order_composition": {"1": {"order": "MD_STB", "size": 13.125, "installation": 22, "node": 1}, "2": {"order": "OD_STB", "size": 13.125, "installation": 22, "node": 2}, "3": {"order": "MD_GFC", "size": 8.75, "installation": 26, "node": 3}, "4": {"order": "OP_GFC", "size": 8.75, "installation": 26, "node": 4}, "5": {"order": "MD_SSC", "size": 7.5, "installation": 12, "node": 5}, "6": {"order": "OD_SSC", "size": 5.625, "installation": 12, "node": 6}, "7": {"order": "MD_OSC", "size": 15.0, "installation": 10, "node": 7}, "8": {"order": "OP_OSC", "size": 18.75, "installation": 10, "node": 8}}}, "voyages": {"0": {"0": [5, [63, 88, 91], 10.0, [63.125, 0], [649.6319333333334, 0.0]], "1": [2, [127, 127, 133], 0, [21.875, 18.75], [116.00970000000002, 0.0]], "2": [3, [133, 138, 142], 10.0, [8.75, 18.75], [229.03438333333338, 0.0]], "3": [4, [142, 142, 143], 0, [0, 18.749999999999986], [19.823700000000002, 0.0]], "4": [9, [143, 177, 177], 10.0, [0, 27.499999999999986], [1018.229166666667, 0.0]], "5": [6, [91, 91, 94], 0, [55.625, 0], [50.67359999999999, 0.0]], "6": [7, [94, 96, 102], 11.0, [50.0, 0], [165.12428333333332, 0.0]], "7": [8, [102, 102, 103], 0, [35.0, 0], [16.8912, 0.0]], "8": [1, [103, 121, 127], 10.0, [35.0, 18.75], [532.5972000000002, 0.0]]}, "1": {"0": [9, [63, 63, 63], 0, [0, 0], [0, 0]]}}, "order_fulfillment": {"postponed_orders": [], "serviced_orders": [1, 2, 3, 4, 5, 6, 7, 8]}, "vessels": {"fleet_vessels": 1, "chartered_vessels": 0}, "objective": {"objective_bound": 2798.0152, "fuel_costs": 2798.0152, "charter_costs": 0.0, "penalty_costs": 0.0, "optimality_gap": 0.0}, "variables": {"number_of_variables": 33720, "number_of_bin_variables": 33680, "number_of_arcs": 33660, "number_of_cont_variables": 40}, "runtime": {"preprocess_runtime": 2.6124, "model_runtime": 9.501}}