{"instance_info": {"installation_ordering": "Random", "number_of_installations": 4, "weather_scenario": 1, "fleet_size": 1, "order_composition": {"1": {"order": "MD_WEL", "size": 15.0, "installation": 17, "node": 1}, "2": {"order": "OD_WEL", "size": 15.0, "installation": 17, "node": 2}, "3": {"order": "MD_SEQ", "size": 22.5, "installation": 7, "node": 3}, "4": {"order": "OP_SEQ", "size": 20.0, "installation": 7, "node": 4}, "5": {"order": "MD_OSB", "size": 20.0, "installation": 9, "node": 5}, "6": {"order": "OD_OSB", "size": 15.0, "installation": 9, "node": 6}, "7": {"order": "MD_STB", "size": 20.0, "installation": 22, "node": 7}, "8": {"order": "OP_STB", "size": 8.75, "installation": 22, "node": 8}}}, "voyages": {"0": {"0": [5, [63, 91, 99], 10.0, [107.5, 0], [805.9629333333336, 0.0]], "1": [2, [147, 147, 153], 0, [37.5, 8.75], [118.94220000000003, 0.0]], "2": [3, [153, 168, 177], 10.0, [22.5, 8.75], [627.6320500000002, 0.0]], "3": [4, [177, 177, 178], 0, [0, 8.749999999999957], [19.823700000000002, 0.0]], "4": [9, [178, 194, 194], 10.0, [0, 28.749999999999943], [479.1666666666668, 0.0]], "5": [6, [99, 99, 105], 0, [87.5, 0], [101.34719999999999, 0.0]], "6": [7, [105, 125, 133], 10.0, [72.5, 0], [628.9587666666669, 0.0]], "7": [8, [133, 133, 134], 0, [52.5, 0], [19.823700000000002, 0.0]], "8": [1, [134, 141, 147], 10.0, [52.5, 8.75], [328.57761666666676, 0.0]]}, "1": {"0": [9, [63, 63, 63], 0, [0, 0], [0, 0]]}}, "order_fulfillment": {"postponed_orders": [], "serviced_orders": [1, 2, 3, 4, 5, 6, 7, 8]}, "vessels": {"fleet_vessels": 1, "chartered_vessels": 0}, "objective": {"objective_bound": 3130.2348, "fuel_costs": 3130.2348, "charter_costs": 0.0, "penalty_costs": 0.0, "optimality_gap": 0.0}, "variables": {"number_of_variables": 38014, "number_of_bin_variables": 37974, "number_of_arcs": 37954, "number_of_cont_variables": 40}, "runtime": {"preprocess_runtime": 3.0563, "model_runtime": 15.4779}}