{"instance_info": {"installation_ordering": "Random", "number_of_installations": 4, "weather_scenario": 2, "fleet_size": 1, "order_composition": {"1": {"order": "MD_VFB", "size": 18.75, "installation": 18, "node": 1}, "2": {"order": "OD_VFB", "size": 15.0, "installation": 18, "node": 2}, "3": {"order": "MD_VMO", "size": 15.0, "installation": 16, "node": 3}, "4": {"order": "OP_VMO", "size": 11.25, "installation": 16, "node": 4}, "5": {"order": "MD_TRO", "size": 15.0, "installation": 1, "node": 5}, "6": {"order": "OD_TRO", "size": 18.75, "installation": 1, "node": 6}, "7": {"order": "MD_HUL", "size": 7.5, "installation": 20, "node": 7}, "8": {"order": "OP_HUL", "size": 15.0, "installation": 20, "node": 8}}}, "voyages": {"0": {"0": [1, [63, 86, 94], 11.0, [90.0, 0], [962.8894842592592, 0.0]], "1": [2, [94, 94, 100], 0, [71.25, 0], [118.94220000000003, 0.0]], "2": [7, [100, 102, 105], 11.0, [56.25, 0], [137.42086851851855, 0.0]], "3": [4, [117, 117, 118], 0, [33.75, 15.0], [19.823700000000002, 0.0]], "4": [5, [118, 136, 142], 10.0, [33.75, 26.25], [658.0047000000003, 0.0]], "5": [6, [142, 142, 150], 0, [18.75, 26.24999999999993], [158.58960000000002, 0.0]], "6": [9, [150, 167, 167], 10.0, [0, 26.24999999999993], [573.2886904761906, 0.0]], "7": [8, [105, 105, 106], 0, [48.75, 0], [19.823700000000002, 0.0]], "8": [3, [106, 111, 117], 10.0, [48.75, 15.0], [268.6817833333334, 0.0]]}, "1": {"0": [9, [63, 63, 63], 0, [0, 0], [0, 0]]}}, "order_fulfillment": {"postponed_orders": [], "serviced_orders": [1, 2, 3, 4, 5, 6, 7, 8]}, "vessels": {"fleet_vessels": 1, "chartered_vessels": 0}, "objective": {"objective_bound": 2917.4647, "fuel_costs": 2917.4647, "charter_costs": 0.0, "penalty_costs": 0.0, "optimality_gap": 0.0}, "variables": {"number_of_variables": 5816, "number_of_bin_variables": 5776, "number_of_arcs": 5756, "number_of_cont_variables": 40}, "runtime": {"preprocess_runtime": 0.8887, "model_runtime": 0.3997}}