{"instance_info": {"installation_ordering": "Random", "number_of_installations": 0, "weather_scenario": 0, "fleet_size": 2, "order_composition": {"1": {"order": "MD_STC", "size": 17.5, "installation": 23, "node": 1}, "2": {"order": "OD_STC", "size": 13.125, "installation": 23, "node": 2}, "3": {"order": "MD_TRB", "size": 15.0, "installation": 2, "node": 3}, "4": {"order": "OP_TRB", "size": 20.0, "installation": 2, "node": 4}, "5": {"order": "MD_SSC", "size": 11.25, "installation": 12, "node": 5}, "6": {"order": "OD_SSC", "size": 3.75, "installation": 12, "node": 6}, "7": {"order": "MD_GFC", "size": 17.5, "installation": 26, "node": 7}, "8": {"order": "OP_GFC", "size": 13.125, "installation": 26, "node": 8}, "9": {"order": "MD_SDO", "size": 30.0, "installation": 6, "node": 9}, "10": {"order": "OD_SDO", "size": 25.0, "installation": 6, "node": 10}}}, "voyages": {"0": {"0": [1, [63, 101, 108], 10.0, [78.12500000000067, 0], [992.526666666667, 0.0]], "1": [2, [108, 108, 114], 0, [60.62500000000067, 0], [70.38000000000001, 0.0]], "2": [7, [114, 118, 125], 10.0, [47.50000000000067, 0], [177.94333333333338, 0.0]], "3": [4, [159, 159, 160], 0, [0, 13.124999999996177], [11.73, 0.0]], "4": [11, [160, 178, 178], 10.0, [0, 33.124999999996156], [431.25000000000017, 0.0]], "5": [6, [145, 145, 147], 0, [18.75000000000363, 13.124999999996291], [23.46, 0.0]], "6": [3, [147, 153, 159], 10.0, [14.999999999999998, 13.124999999996291], [214.13000000000005, 0.0]], "7": [8, [125, 125, 126], 0, [30.00000000000067, 0], [11.73, 0.0]], "8": [5, [126, 140, 145], 10.0, [30.00000000000067, 13.125], [394.06666666666683, 0.0]]}, "1": {"0": [9, [63, 80, 92], 10.0, [54.99999999999895, 0], [548.0516666666668, 0.0]], "9": [10, [92, 92, 102], 0, [25.0, 0], [117.30000000000001, 0.0]], "10": [11, [102, 119, 119], 10.0, [0, 0], [407.2916666666668, 0.0]]}, "2": {"0": [11, [63, 63, 63], 0, [0, 0], [0, 0]]}}, "order_fulfillment": {"postponed_orders": [], "serviced_orders": [1, 2, 3, 4, 5, 6, 7, 8, 9, 10]}, "vessels": {"fleet_vessels": 2, "chartered_vessels": 0}, "objective": {"objective_bound": 3399.86, "fuel_costs": 3399.86, "charter_costs": 0.0, "penalty_costs": 0.0, "optimality_gap": 0.0}, "variables": {"number_of_variables": 82923, "number_of_bin_variables": 82851, "number_of_arcs": 82815, "number_of_cont_variables": 72}, "runtime": {"preprocess_runtime": 7.1654, "model_runtime": 49.2176}}