{"instance_info": {"installation_ordering": "Random", "number_of_installations": 0, "weather_scenario": 0, "fleet_size": 2, "order_composition": {"1": {"order": "MD_WEL", "size": 15.0, "installation": 17, "node": 1}, "2": {"order": "OD_WEL", "size": 11.25, "installation": 17, "node": 2}, "3": {"order": "MD_SEQ", "size": 25.0, "installation": 7, "node": 3}, "4": {"order": "OP_SEQ", "size": 20.0, "installation": 7, "node": 4}, "5": {"order": "MD_OSB", "size": 22.5, "installation": 9, "node": 5}, "6": {"order": "OD_OSB", "size": 11.25, "installation": 9, "node": 6}, "7": {"order": "MD_STB", "size": 21.875, "installation": 22, "node": 7}, "8": {"order": "OP_STB", "size": 17.5, "installation": 22, "node": 8}, "9": {"order": "MD_TRO", "size": 15.0, "installation": 1, "node": 9}, "10": {"order": "OD_TRO", "size": 18.75, "installation": 1, "node": 10}, "11": {"order": "MD_SEN", "size": 30.0, "installation": 5, "node": 11}, "12": {"order": "OP_SEN", "size": 25.0, "installation": 5, "node": 12}}}, "voyages": {"0": {"0": [11, [63, 80, 92], 10.0, [88.74999800903204, 0], [548.0516666666668, 0.0]], "3": [4, [104, 104, 105], 0, [33.74977028613908, 24.999858094637833], [11.73, 0.0]], "4": [9, [105, 111, 129], 10.0, [33.749880215227506, 44.999742361132284], [313.49000000000007, 0.0]], "9": [10, [129, 129, 137], 0, [18.74996263447991, 44.99963237210844], [93.84, 0.0]], "10": [13, [137, 154, 154], 10.0, [0, 44.99960044680337], [407.2916666666668, 0.0]], "11": [12, [92, 92, 93], 0, [58.74981214565129, 0], [11.73, 0.0]], "12": [3, [93, 94, 104], 10.0, [58.74965306073928, 24.99988281060447], [141.25833333333335, 0.0]]}, "1": {"0": [5, [63, 91, 100], 10.0, [81.87500198896795, 0], [776.4033333333336, 0.0]], "1": [2, [125, 125, 130], 0, [33.1249327289918, 0], [58.650000000000006, 0.0]], "2": [7, [130, 137, 146], 10.0, [21.87496316864896, 0], [273.2783333333334, 0.0]], "5": [6, [100, 100, 105], 0, [59.374894656928234, 0], [58.650000000000006, 0.0]], "6": [1, [105, 119, 125], 10.0, [48.124897897959094, 0], [405.7966666666668, 0.0]], "7": [8, [146, 146, 147], 0, [0, 0], [11.73, 0.0]], "8": [13, [147, 186, 186], 10.0, [0, 17.499964481136214], [934.3750000000003, 0.0]]}, "2": {"0": [13, [63, 63, 63], 0, [0, 0], [0, 0]]}}, "order_fulfillment": {"postponed_orders": [], "serviced_orders": [1, 2, 3, 4, 5, 6, 7, 8, 9, 10, 11, 12]}, "vessels": {"fleet_vessels": 2, "chartered_vessels": 0}, "objective": {"objective_bound": 4046.2732, "fuel_costs": 4046.275, "charter_costs": 0.0, "penalty_costs": 0.0018, "optimality_gap": 0.0}, "variables": {"number_of_variables": 135297, "number_of_bin_variables": 135213, "number_of_arcs": 135171, "number_of_cont_variables": 84}, "runtime": {"preprocess_runtime": 11.0635, "model_runtime": 250.6306}}