{"instance_info": {"installation_ordering": "Random", "number_of_installations": 0, "weather_scenario": 0, "fleet_size": 2, "order_composition": {"1": {"order": "MD_VFB", "size": 11.25, "installation": 18, "node": 1}, "2": {"order": "OD_VFB", "size": 18.75, "installation": 18, "node": 2}, "3": {"order": "MD_VMO", "size": 15.0, "installation": 16, "node": 3}, "4": {"order": "OP_VMO", "size": 22.5, "installation": 16, "node": 4}, "5": {"order": "MD_TRO", "size": 18.75, "installation": 1, "node": 5}, "6": {"order": "OD_TRO", "size": 18.75, "installation": 1, "node": 6}, "7": {"order": "MD_HUL", "size": 10.0, "installation": 20, "node": 7}, "8": {"order": "OP_HUL", "size": 10.0, "installation": 20, "node": 8}, "9": {"order": "MD_SOD", "size": 11.25, "installation": 27, "node": 9}, "10": {"order": "OD_SOD", "size": 15.0, "installation": 27, "node": 10}, "11": {"order": "MD_SEQ", "size": 30.0, "installation": 7, "node": 11}, "12": {"order": "OP_SEQ", "size": 25.0, "installation": 7, "node": 12}, "13": {"order": "MD_OSB", "size": 15.0, "installation": 9, "node": 13}, "14": {"order": "OD_OSB", "size": 18.75, "installation": 9, "node": 14}}}, "voyages": {"0": {"0": [9, [63, 78, 83], 10.0, [93.75, 0], [418.0250000000001, 0.0]], "5": [6, [131, 131, 139], 0, [18.74989292974533, 24.999892652245325], [93.84, 0.0]], "6": [15, [139, 156, 156], 10.0, [0, 24.99978558199067], [407.2916666666668, 0.0]], "9": [10, [83, 83, 89], 0, [82.49967861397414, 0], [70.38000000000001, 0.0]], "10": [11, [89, 90, 102], 10.0, [67.49978557073024, 0], [164.71833333333336, 0.0]], "11": [12, [102, 102, 103], 0, [37.49978557073023, 0], [11.73, 0.0]], "12": [5, [103, 109, 131], 10.0, [37.49978558449066, 24.999892918484903], [353.5100000000001, 0.0]]}, "1": {"0": [13, [63, 91, 97], 10.0, [88.75, 0], [741.2133333333336, 0.0]], "1": [2, [117, 117, 125], 0, [43.74999999999996, 0], [93.84, 0.0]], "2": [7, [125, 127, 131], 11.0, [24.999999999999954, 0], [110.69708333333332, 0.0]], "3": [4, [143, 143, 144], 0, [0, 9.999999999993051], [11.73, 0.0]], "4": [15, [144, 176, 176], 10.0, [0, 32.499999999992966], [766.6666666666669, 0.0]], "7": [8, [131, 131, 132], 0, [14.999999999999957, 0], [11.73, 0.0]], "8": [3, [132, 137, 143], 10.0, [14.999999999999986, 10.0], [190.1716666666667, 0.0]], "13": [14, [97, 97, 105], 0, [73.74999999999994, 0], [93.84, 0.0]], "14": [1, [105, 112, 117], 10.0, [54.99999999999994, 0], [226.3583333333334, 0.0]]}, "2": {"0": [15, [63, 63, 63], 0, [0, 0], [0, 0]]}}, "order_fulfillment": {"postponed_orders": [], "serviced_orders": [1, 2, 3, 4, 5, 6, 7, 8, 9, 10, 11, 12, 13, 14]}, "vessels": {"fleet_vessels": 2, "chartered_vessels": 0}, "objective": {"objective_bound": 3765.7406, "fuel_costs": 3765.7421, "charter_costs": 0.0, "penalty_costs": 0.0015, "optimality_gap": 0.0}, "variables": {"number_of_variables": 179541, "number_of_bin_variables": 179445, "number_of_arcs": 179397, "number_of_cont_variables": 96}, "runtime": {"preprocess_runtime": 15.2891, "model_runtime": 445.5359}}