{"instance_info": {"installation_ordering": "Random", "number_of_installations": 0, "weather_scenario": 0, "fleet_size": 2, "order_composition": {"1": {"order": "MD_WEL", "size": 22.5, "installation": 17, "node": 1}, "2": {"order": "OD_WEL", "size": 18.75, "installation": 17, "node": 2}, "3": {"order": "MD_SEQ", "size": 20.0, "installation": 7, "node": 3}, "4": {"order": "OP_SEQ", "size": 15.0, "installation": 7, "node": 4}, "5": {"order": "MD_OSB", "size": 11.25, "installation": 9, "node": 5}, "6": {"order": "OD_OSB", "size": 22.5, "installation": 9, "node": 6}, "7": {"order": "MD_STB", "size": 13.125, "installation": 22, "node": 7}, "8": {"order": "OP_STB", "size": 21.875, "installation": 22, "node": 8}, "9": {"order": "MD_TRO", "size": 18.75, "installation": 1, "node": 9}, "10": {"order": "OD_TRO", "size": 11.25, "installation": 1, "node": 10}, "11": {"order": "MD_SEN", "size": 20.0, "installation": 5, "node": 11}, "12": {"order": "OP_SEN", "size": 25.0, "installation": 5, "node": 12}, "13": {"order": "MD_CPR", "size": 10.0, "installation": 4, "node": 13}, "14": {"order": "OD_CPR", "size": 15.0, "installation": 4, "node": 14}}}, "voyages": {"0": {"0": [5, [63, 91, 96], 10.0, [108.125, 0], [729.4833333333336, 0.0]], "1": [2, [128, 128, 136], 0, [51.875, 0], [93.84, 0.0]], "2": [7, [136, 143, 149], 10.0, [33.125, 0], [238.08833333333342, 0.0]], "5": [6, [96, 96, 105], 0, [96.875, 0], [105.57000000000001, 0.0]], "6": [1, [105, 119, 128], 10.0, [74.375, 0], [440.9866666666668, 0.0]], "7": [8, [149, 149, 150], 0, [20.0, 0], [11.73, 0.0]], "8": [11, [150, 171, 179], 10.0, [19.99999999991152, 21.875], [596.9650000000001, 0.0]], "11": [12, [179, 179, 180], 0, [0, 21.87499999991152], [11.73, 0.0]], "12": [15, [180, 197, 197], 10.0, [0, 46.87499999980056], [407.2916666666668, 0.0]]}, "1": {"0": [3, [63, 79, 87], 10.0, [75.0, 0], [477.1733333333334, 0.0]], "3": [4, [87, 87, 88], 0, [54.9999999999998, 0], [11.73, 0.0]], "4": [13, [88, 91, 95], 10.0, [54.9999999999998, 14.99999999999535], [118.79500000000003, 0.0]], "9": [10, [131, 131, 136], 0, [11.249999999999998, 15.000000000012115], [58.650000000000006, 0.0]], "10": [15, [136, 153, 153], 10.0, [0, 15.000000000012115], [407.2916666666668, 0.0]], "13": [14, [95, 95, 101], 0, [44.99999999984424, 14.999999999995353], [70.38000000000001, 0.0]], "14": [9, [101, 103, 131], 10.0, [30.00000000002499, 14.999999999814596], [307.3566666666667, 0.0]]}, "2": {"0": [15, [63, 63, 63], 0, [0, 0], [0, 0]]}}, "order_fulfillment": {"postponed_orders": [], "serviced_orders": [1, 2, 3, 4, 5, 6, 7, 8, 9, 10, 11, 12, 13, 14]}, "vessels": {"fleet_vessels": 2, "chartered_vessels": 0}, "objective": {"objective_bound": 4087.0617, "fuel_costs": 4087.0617, "charter_costs": 0.0, "penalty_costs": 0.0, "optimality_gap": 0.0}, "variables": {"number_of_variables": 187686, "number_of_bin_variables": 187590, "number_of_arcs": 187542, "number_of_cont_variables": 96}, "runtime": {"preprocess_runtime": 14.8535, "model_runtime": 509.6329}}