{"instance_info": {"installation_ordering": "Random", "number_of_installations": 0, "weather_scenario": 0, "fleet_size": 3, "order_composition": {"1": {"order": "MD_STB", "size": 8.75, "installation": 22, "node": 1}, "2": {"order": "OD_STB", "size": 21.875, "installation": 22, "node": 2}, "3": {"order": "MD_GFC", "size": 13.125, "installation": 26, "node": 3}, "4": {"order": "OP_GFC", "size": 17.5, "installation": 26, "node": 4}, "5": {"order": "MD_SSC", "size": 7.5, "installation": 12, "node": 5}, "6": {"order": "OD_SSC", "size": 9.375, "installation": 12, "node": 6}, "7": {"order": "MD_OSC", "size": 22.5, "installation": 10, "node": 7}, "8": {"order": "OP_OSC", "size": 15.0, "installation": 10, "node": 8}, "9": {"order": "MD_STC", "size": 21.875, "installation": 23, "node": 9}, "10": {"order": "OD_STC", "size": 21.875, "installation": 23, "node": 10}, "11": {"order": "MD_SDO", "size": 20.0, "installation": 6, "node": 11}, "12": {"order": "OP_SDO", "size": 20.0, "installation": 6, "node": 12}, "13": {"order": "MD_OSE", "size": 11.25, "installation": 8, "node": 13}, "14": {"order": "OD_OSE", "size": 11.25, "installation": 8, "node": 14}, "15": {"order": "MD_SOD", "size": 15.0, "installation": 27, "node": 15}, "16": {"order": "OP_SOD", "size": 15.0, "installation": 27, "node": 16}}}, "voyages": {"0": {"0": [13, [63, 91, 96], 10.0, [81.875, 0], [729.4833333333336, 0.0]], "5": [6, [118, 118, 122], 0, [29.374999999998934, 14.999999999999275], [46.92, 0.0]], "6": [11, [122, 130, 138], 10.0, [19.999999999999503, 14.999999999999275], [285.5066666666667, 0.0]], "7": [8, [112, 112, 113], 0, [36.874999999997144, 0], [11.73, 0.0]], "8": [5, [113, 115, 118], 11.0, [36.87499999999734, 14.999999999999998], [98.96708333333333, 0.0]], "11": [12, [138, 138, 139], 0, [0, 14.999999999998977], [11.73, 0.0]], "12": [17, [139, 156, 156], 10.0, [0, 34.99999999999898], [407.2916666666668, 0.0]], "13": [14, [96, 96, 101], 0, [70.62499999999716, 0], [58.650000000000006, 0.0]], "14": [7, [101, 103, 112], 10.0, [59.37499999999715, 0], [153.48666666666668, 0.0]]}, "1": {"0": [9, [63, 101, 110], 10.0, [102.5, 0], [1015.986666666667, 0.0]], "1": [2, [124, 124, 133], 0, [49.99974539664808, 0], [105.57000000000001, 0.0]], "2": [3, [133, 138, 144], 10.0, [28.124830243245, 0], [190.1716666666667, 0.0]], "3": [4, [144, 144, 145], 0, [14.999830749506202, 0], [11.73, 0.0]], "4": [15, [145, 164, 170], 10.0, [14.999915111003105, 17.499915638503097], [525.5883333333335, 0.0]], "9": [10, [110, 110, 119], 0, [80.62466052369481, 0], [105.57000000000001, 0.0]], "10": [1, [119, 120, 124], 12.0, [58.74966049899033, 0], [88.32000000000001, 0.0]], "15": [16, [170, 170, 171], 0, [0, 17.499830752006204], [11.73, 0.0]], "16": [17, [171, 186, 186], 10.0, [0, 32.4997463905093], [359.3750000000001, 0.0]]}, "2": {"0": [17, [63, 63, 63], 0, [0, 0], [0, 0]]}, "3": {"0": [17, [63, 63, 63], 0, [0, 0], [0, 0]]}}, "order_fulfillment": {"postponed_orders": [], "serviced_orders": [1, 2, 3, 4, 5, 6, 7, 8, 9, 10, 11, 12, 13, 14, 15, 16]}, "vessels": {"fleet_vessels": 2, "chartered_vessels": 0}, "objective": {"objective_bound": 3567.9578, "fuel_costs": 4217.8071, "charter_costs": 0.0, "penalty_costs": 0.002, "optimality_gap": 0.12660671798750092}, "variables": {"number_of_variables": 368760, "number_of_bin_variables": 368616, "number_of_arcs": 368544, "number_of_cont_variables": 144}, "runtime": {"preprocess_runtime": 25.8003, "model_runtime": 3600.1699}}