{"instance_info": {"installation_ordering": "Random", "number_of_installations": 0, "weather_scenario": 0, "fleet_size": 3, "order_composition": {"1": {"order": "MD_STC", "size": 8.75, "installation": 23, "node": 1}, "2": {"order": "OD_STC", "size": 17.5, "installation": 23, "node": 2}, "3": {"order": "MD_TRB", "size": 20.0, "installation": 2, "node": 3}, "4": {"order": "OP_TRB", "size": 25.0, "installation": 2, "node": 4}, "5": {"order": "MD_SSC", "size": 7.5, "installation": 12, "node": 5}, "6": {"order": "OD_SSC", "size": 5.625, "installation": 12, "node": 6}, "7": {"order": "MD_GFC", "size": 17.5, "installation": 26, "node": 7}, "8": {"order": "OP_GFC", "size": 17.5, "installation": 26, "node": 8}, "9": {"order": "MD_SDO", "size": 25.0, "installation": 6, "node": 9}, "10": {"order": "OD_SDO", "size": 20.0, "installation": 6, "node": 10}, "11": {"order": "MD_WEL", "size": 18.75, "installation": 17, "node": 11}, "12": {"order": "OP_WEL", "size": 15.0, "installation": 17, "node": 12}, "13": {"order": "MD_GFB", "size": 13.125, "installation": 25, "node": 13}, "14": {"order": "OD_GFB", "size": 13.125, "installation": 25, "node": 14}, "15": {"order": "MD_DSD", "size": 20.0, "installation": 14, "node": 15}, "16": {"order": "OP_DSD", "size": 25.0, "installation": 14, "node": 16}}}, "voyages": {"0": {"0": [9, [63, 80, 90], 10.0, [98.125, 0], [524.5916666666668, 0.0]], "3": [4, [163, 163, 164], 0, [0, 25.0], [11.73, 0.0]], "4": [17, [164, 182, 182], 10.0, [0, 49.99999999999907], [431.25000000000017, 0.0]], "5": [6, [109, 109, 112], 0, [45.62499999999996, 0], [35.190000000000005, 0.0]], "6": [15, [112, 127, 135], 10.0, [39.99999999999996, 0], [453.21500000000015, 0.0]], "9": [10, [90, 90, 98], 0, [73.12499999999997, 0], [93.84, 0.0]], "10": [5, [98, 106, 109], 10.0, [53.124999999999936, 0], [226.8566666666667, 0.0]], "15": [16, [135, 135, 136], 0, [19.999999999999957, 0], [11.73, 0.0]], "16": [3, [136, 155, 163], 10.0, [20.0, 25.0], [549.0483333333335, 0.0]]}, "1": {"0": [1, [63, 101, 105], 10.0, [88.75, 0], [957.3366666666669, 0.0]], "1": [2, [105, 105, 112], 0, [79.99928752839378, 0], [82.11000000000001, 0.0]], "2": [13, [112, 115, 121], 11.0, [62.499347049225435, 0], [166.04562500000003, 0.0]], "7": [8, [134, 134, 135], 0, [18.749869626323562, 0], [11.73, 0.0]], "8": [11, [135, 138, 146], 10.0, [18.749600538199743, 17.499940958788827], [165.71500000000003, 0.0]], "11": [12, [146, 146, 147], 0, [0, 17.49954149698857], [11.73, 0.0]], "12": [17, [147, 179, 179], 10.0, [0, 32.499478167259056], [766.6666666666669, 0.0]], "13": [14, [121, 121, 127], 0, [49.37474246368312, 0], [70.38000000000001, 0.0]], "14": [7, [127, 127, 134], 10.0, [36.249746810745236, 0], [82.11000000000001, 0.0]]}, "2": {"0": [17, [63, 63, 63], 0, [0, 0], [0, 0]]}, "3": {"0": [17, [63, 63, 63], 0, [0, 0], [0, 0]]}}, "order_fulfillment": {"postponed_orders": [], "serviced_orders": [1, 2, 3, 4, 5, 6, 7, 8, 9, 10, 11, 12, 13, 14, 15, 16]}, "vessels": {"fleet_vessels": 2, "chartered_vessels": 0}, "objective": {"objective_bound": 3686.6007, "fuel_costs": 4651.2756, "charter_costs": 0.0, "penalty_costs": 0.0009, "optimality_gap": 0.17208970544163676}, "variables": {"number_of_variables": 326564, "number_of_bin_variables": 326420, "number_of_arcs": 326348, "number_of_cont_variables": 144}, "runtime": {"preprocess_runtime": 25.6317, "model_runtime": 3600.1876}}