{
  "instance_info": {
    "installation_ordering": "Random",
    "number_of_installations": 2,
    "weather_scenario": 0,
    "fleet_size": 1,
    "order_composition": {
      "1": {
        "order": "MD_VFB",
        "size": 15.0,
        "installation": 18,
        "node": 1
      },
      "2": {
        "order": "OD_VFB",
        "size": 11.25,
        "installation": 18,
        "node": 2
      },
      "3": {
        "order": "MD_VMO",
        "size": 15.0,
        "installation": 16,
        "node": 3
      },
      "4": {
        "order": "OP_VMO",
        "size": 11.25,
        "installation": 16,
        "node": 4
      }
    }
  },
  "voyages": {
    "0": {
      "0": [
        1,
        [
          63,
          88,
          94
        ],
        10.0,
        [
          41.25,
          0
        ],
        [
          669.3383333333335,
          0.0
        ]
      ],
      "1": [
        2,
        [
          94,
          94,
          99
        ],
        0,
        [
          26.25000000000005,
          0
        ],
        [
          58.650000000000006,
          0.0
        ]
      ],
      "2": [
        3,
        [
          99,
          107,
          113
        ],
        10.0,
        [
          14.999999999999998,
          0
        ],
        [
          262.04666666666674,
          0.0
        ]
      ],
      "3": [
        4,
        [
          113,
          113,
          114
        ],
        0,
        [
          0,
          0
        ],
        [
          11.73,
          0.0
        ]
      ],
      "4": [
        5,
        [
          114,
          146,
          146
        ],
        10.0,
        [
          0,
          11.25
        ],
        [
          766.6666666666669,
          0.0
        ]
      ]
    },
    "1": {
      "0": [
        5,
        [
          63,
          63,
          63
        ],
        0,
        [
          0,
          0
        ],
        [
          0,
          0
        ]
      ]
    }
  },
  "order_fulfillment": {
    "postponed_orders": [],
    "serviced_orders": [
      1,
      2,
      3,
      4
    ]
  },
  "vessels": {
    "fleet_vessels": 1,
    "chartered_vessels": 0
  },
  "objective": {
    "objective_bound": 1768.4317,
    "fuel_costs": 1768.4317,
    "charter_costs": 0.0,
    "penalty_costs": 0.0,
    "optimality_gap": 0.0
  },
  "variables": {
    "number_of_variables": 7438,
    "number_of_bin_variables": 7414,
    "number_of_arcs": 7402,
    "number_of_cont_variables": 24
  },
  "runtime": {
    "preprocess_runtime": 0.6901,
    "model_runtime": 0.6869
  }
}