{"instance_info": {"installation_ordering": "Random", "number_of_installations": 4, "weather_scenario": 0, "fleet_size": 1, "order_composition": {"1": {"order": "MD_WEL", "size": 15.0, "installation": 17, "node": 1}, "2": {"order": "OD_WEL", "size": 15.0, "installation": 17, "node": 2}, "3": {"order": "MD_SEQ", "size": 22.5, "installation": 7, "node": 3}, "4": {"order": "OP_SEQ", "size": 20.0, "installation": 7, "node": 4}, "5": {"order": "MD_OSB", "size": 20.0, "installation": 9, "node": 5}, "6": {"order": "OD_OSB", "size": 15.0, "installation": 9, "node": 6}, "7": {"order": "MD_STB", "size": 20.0, "installation": 22, "node": 7}, "8": {"order": "OP_STB", "size": 8.75, "installation": 22, "node": 8}}}, "voyages": {"0": {"0": [5, [63, 91, 99], 10.0, [107.5, 0], [764.6733333333336, 0.0]], "1": [2, [125, 125, 131], 0, [57.5, 0], [70.38000000000001, 0.0]], "2": [7, [131, 138, 146], 10.0, [42.5, 0], [261.5483333333334, 0.0]], "3": [4, [178, 178, 179], 0, [0, 8.75], [11.73, 0.0]], "4": [9, [179, 195, 195], 10.0, [0, 28.75], [383.3333333333334, 0.0]], "5": [6, [99, 99, 105], 0, [87.5, 0], [70.38000000000001, 0.0]], "6": [1, [105, 119, 125], 10.0, [72.5, 0], [405.7966666666668, 0.0]], "7": [8, [146, 146, 147], 0, [22.5, 0], [11.73, 0.0]], "8": [3, [147, 169, 178], 10.0, [22.5, 8.75], [632.6533333333335, 0.0]]}, "1": {"0": [9, [63, 63, 63], 0, [0, 0], [0, 0]]}}, "order_fulfillment": {"postponed_orders": [], "serviced_orders": [1, 2, 3, 4, 5, 6, 7, 8]}, "vessels": {"fleet_vessels": 1, "chartered_vessels": 0}, "objective": {"objective_bound": 2612.225, "fuel_costs": 2612.225, "charter_costs": 0.0, "penalty_costs": 0.0, "optimality_gap": 0.0}, "variables": {"number_of_variables": 47006, "number_of_bin_variables": 46966, "number_of_arcs": 46946, "number_of_cont_variables": 40}, "runtime": {"preprocess_runtime": 3.5939, "model_runtime": 12.6923}}