{"instance_info": {"installation_ordering": "Random", "number_of_installations": 3, "weather_scenario": 3, "fleet_size": 1, "order_composition": {"1": {"order": "MD_STB", "size": 17.5, "installation": 22, "node": 1}, "2": {"order": "MD_KVB", "size": 5.0, "installation": 15, "node": 2}, "3": {"order": "MD_VMO", "size": 11.25, "installation": 16, "node": 3}, "4": {"order": "MD_GFC", "size": 8.75, "installation": 26, "node": 4}, "5": {"order": "MD_HUL", "size": 5.0, "installation": 20, "node": 5}, "6": {"order": "OD_CPR", "size": 20.0, "installation": 4, "node": 6}, "7": {"order": "OD_DSD", "size": 20.0, "installation": 14, "node": 7}}}, "voyages": {"0": {"0": [6, [63, 80, 88], 10.0, [67.5, 0], [613.7979333333335, 0.0]], "1": [8, [130, 169, 169], 10.0, [0, 0], [1326.2648809523814, 0.0]], "2": [3, [106, 107, 112], 10.0, [37.499999999998735, 0], [129.0664166666667, 0.0]], "3": [4, [112, 115, 119], 10.0, [26.249999999998735, 0], [169.13855000000004, 0.0]], "4": [1, [119, 123, 130], 11.0, [17.499999999998735, 0], [294.66543703703707, 0.0]], "5": [2, [100, 104, 106], 12.0, [42.49999999999874, 0], [238.36740000000003, 0.0]], "6": [5, [88, 98, 100], 11.0, [47.49999999999874, 0], [429.39624259259256, 0.0]]}, "1": {"0": [8, [63, 63, 63], 0, [0, 0], [0, 0]]}}, "order_fulfillment": {"postponed_orders": [7], "serviced_orders": [1, 2, 3, 4, 5, 6]}, "vessels": {"fleet_vessels": 1, "chartered_vessels": 0}, "objective": {"objective_bound": 5506.4177, "fuel_costs": 3200.6969, "charter_costs": 0.0, "penalty_costs": 2305.7208, "optimality_gap": 0.0}, "variables": {"number_of_variables": 6908, "number_of_bin_variables": 6872, "number_of_arcs": 6854, "number_of_cont_variables": 36}, "runtime": {"preprocess_runtime": 1.6024, "model_runtime": 0.5377}}