{"instance_info": {"installation_ordering": "Random", "number_of_installations": 3, "weather_scenario": 3, "fleet_size": 1, "order_composition": {"1": {"order": "MD_STB", "size": 21.875, "installation": 22, "node": 1}, "2": {"order": "MD_KVB", "size": 5.0, "installation": 15, "node": 2}, "3": {"order": "MD_VMO", "size": 11.25, "installation": 16, "node": 3}, "4": {"order": "MD_GFC", "size": 8.75, "installation": 26, "node": 4}, "5": {"order": "MD_HUL", "size": 7.5, "installation": 20, "node": 5}, "6": {"order": "MD_CPR", "size": 25.0, "installation": 4, "node": 6}, "7": {"order": "MD_DSD", "size": 15.0, "installation": 14, "node": 7}}}, "voyages": {"0": {"0": [6, [63, 76, 86], 13.0, [79.375, 0], [920.7920189393939, 0.0]], "1": [8, [130, 169, 169], 10.0, [0, 0], [1326.2648809523814, 0.0]], "2": [3, [104, 105, 110], 10.0, [41.87499999999954, 0], [129.0664166666667, 0.0]], "3": [4, [110, 113, 117], 10.0, [30.624999999999766, 0], [169.13855000000004, 0.0]], "4": [1, [117, 121, 130], 11.0, [21.875, 0], [334.31283703703707, 0.0]], "5": [2, [98, 102, 104], 12.0, [46.87499999999936, 0], [238.36740000000003, 0.0]], "6": [5, [86, 95, 98], 12.0, [54.374999999999375, 0], [506.5911000000001, 0.0]]}, "1": {"0": [7, [63, 91, 97], 12.5, [15.0, 0], [1598.5118924603178, 5168.0]], "7": [8, [97, 126, 126], 11.972222222222221, [0, 0], [1431.4023656876518, 4408.0]]}}, "order_fulfillment": {"postponed_orders": [], "serviced_orders": [1, 2, 3, 4, 5, 6, 7]}, "vessels": {"fleet_vessels": 1, "chartered_vessels": 1}, "objective": {"objective_bound": 16230.4475, "fuel_costs": 6654.4475, "charter_costs": 9576.0, "penalty_costs": 0.0, "optimality_gap": 0.0}, "variables": {"number_of_variables": 6812, "number_of_bin_variables": 6776, "number_of_arcs": 6758, "number_of_cont_variables": 36}, "runtime": {"preprocess_runtime": 1.5252, "model_runtime": 2.7353}}