{"instance_info": {"installation_ordering": "Random", "number_of_installations": 5, "weather_scenario": 0, "fleet_size": 2, "order_composition": {"1": {"order": "MD_TRO", "size": 7.5, "installation": 1, "node": 1}, "2": {"order": "OD_TRO", "size": 15.0, "installation": 1, "node": 2}, "3": {"order": "MD_STC", "size": 21.875, "installation": 23, "node": 3}, "4": {"order": "OP_STC", "size": 21.875, "installation": 23, "node": 4}, "5": {"order": "MD_DSD", "size": 25.0, "installation": 14, "node": 5}, "6": {"order": "OD_DSD", "size": 15.0, "installation": 14, "node": 6}, "7": {"order": "MD_TRC", "size": 18.75, "installation": 3, "node": 7}, "8": {"order": "OP_TRC", "size": 18.75, "installation": 3, "node": 8}, "9": {"order": "MD_GFC", "size": 17.5, "installation": 26, "node": 9}, "10": {"order": "OD_GFC", "size": 13.125, "installation": 26, "node": 10}}}, "voyages": {"0": {"0": [5, [63, 98, 108], 10.0, [62.5, 0], [955.8416666666669, 0.0]], "1": [2, [135, 135, 141], 0, [15.0, 0], [70.38000000000001, 0.0]], "2": [11, [141, 158, 158], 10.0, [0, 0], [407.2916666666668, 0.0]], "5": [6, [108, 108, 114], 0, [37.5, 0], [70.38000000000001, 0.0]], "6": [1, [114, 132, 135], 10.0, [22.5, 0], [466.44000000000017, 0.0]]}, "1": {"0": [9, [63, 97, 104], 10.0, [71.25, 0], [896.6933333333336, 0.0]], "3": [4, [123, 123, 124], 0, [18.75, 0], [11.73, 0.0]], "4": [7, [124, 146, 154], 10.0, [18.75, 21.875], [620.9233333333335, 0.0]], "7": [8, [154, 154, 155], 0, [0, 21.875], [11.73, 0.0]], "8": [11, [155, 172, 172], 10.0, [0, 40.625], [407.2916666666668, 0.0]], "9": [10, [104, 104, 110], 0, [53.75, 0], [70.38000000000001, 0.0]], "10": [3, [110, 114, 123], 10.0, [40.625, 0], [201.40333333333336, 0.0]]}, "2": {"0": [11, [63, 63, 63], 0, [0, 0], [0, 0]]}}, "order_fulfillment": {"postponed_orders": [], "serviced_orders": [1, 2, 3, 4, 5, 6, 7, 8, 9, 10]}, "vessels": {"fleet_vessels": 2, "chartered_vessels": 0}, "objective": {"objective_bound": 4190.485, "fuel_costs": 4190.485, "charter_costs": 0.0, "penalty_costs": 0.0, "optimality_gap": 0.0}, "variables": {"number_of_variables": 69606, "number_of_bin_variables": 69534, "number_of_arcs": 69498, "number_of_cont_variables": 72}, "runtime": {"preprocess_runtime": 6.788, "model_runtime": 27.5115}}