{"instance_info": {"installation_ordering": "Random", "number_of_installations": 5, "weather_scenario": 0, "fleet_size": 2, "order_composition": {"1": {"order": "MD_SOD", "size": 15.0, "installation": 27, "node": 1}, "2": {"order": "OD_SOD", "size": 7.5, "installation": 27, "node": 2}, "3": {"order": "MD_SEQ", "size": 20.0, "installation": 7, "node": 3}, "4": {"order": "OP_SEQ", "size": 10.0, "installation": 7, "node": 4}, "5": {"order": "MD_TRO", "size": 7.5, "installation": 1, "node": 5}, "6": {"order": "OP_TRO", "size": 15.0, "installation": 1, "node": 6}, "7": {"order": "MD_SDO", "size": 20.0, "installation": 6, "node": 7}, "8": {"order": "OD_SDO", "size": 25.0, "installation": 6, "node": 8}, "9": {"order": "MD_SEN", "size": 10.0, "installation": 5, "node": 9}, "10": {"order": "OP_SEN", "size": 25.0, "installation": 5, "node": 10}}}, "voyages": {"0": {"0": [1, [63, 78, 84], 10.0, [105.0, 0], [429.7550000000001, 0.0]], "1": [2, [84, 84, 87], 0, [90.00000000000016, 0], [35.190000000000005, 0.0]], "2": [7, [87, 89, 97], 10.0, [82.50000000000018, 0], [141.7566666666667, 0.0]], "3": [4, [115, 115, 116], 0, [17.500000000000007, 0], [11.73, 0.0]], "4": [9, [116, 117, 121], 10.0, [17.500000000000007, 10.0], [70.87833333333334, 0.0]], "5": [6, [132, 132, 133], 0, [0, 35.0], [11.73, 0.0]], "6": [11, [133, 150, 150], 10.0, [0, 50.0], [407.2916666666668, 0.0]], "7": [8, [97, 97, 107], 0, [62.50000000000013, 0], [117.30000000000001, 0.0]], "8": [3, [107, 107, 115], 12.0, [37.5, 0], [93.84, 0.0]], "9": [10, [121, 121, 122], 0, [7.5, 10.0], [11.73, 0.0]], "10": [5, [122, 129, 132], 10.0, [7.5, 35.0], [202.8983333333334, 0.0]]}, "1": {"0": [11, [63, 63, 63], 0, [0, 0], [0, 0]]}, "2": {"0": [11, [63, 63, 63], 0, [0, 0], [0, 0]]}}, "order_fulfillment": {"postponed_orders": [], "serviced_orders": [1, 2, 3, 4, 5, 6, 7, 8, 9, 10]}, "vessels": {"fleet_vessels": 1, "chartered_vessels": 0}, "objective": {"objective_bound": 1534.1, "fuel_costs": 1534.1, "charter_costs": 0.0, "penalty_costs": 0.0, "optimality_gap": 0.0}, "variables": {"number_of_variables": 49449, "number_of_bin_variables": 49377, "number_of_arcs": 49341, "number_of_cont_variables": 72}, "runtime": {"preprocess_runtime": 5.1939, "model_runtime": 142.508}}