{"instance_info": {"installation_ordering": "Random", "number_of_installations": 6, "weather_scenario": 0, "fleet_size": 2, "order_composition": {"1": {"order": "MD_SOD", "size": 18.75, "installation": 27, "node": 1}, "2": {"order": "OD_SOD", "size": 15.0, "installation": 27, "node": 2}, "3": {"order": "MD_SEQ", "size": 20.0, "installation": 7, "node": 3}, "4": {"order": "OP_SEQ", "size": 20.0, "installation": 7, "node": 4}, "5": {"order": "MD_TRO", "size": 15.0, "installation": 1, "node": 5}, "6": {"order": "OP_TRO", "size": 11.25, "installation": 1, "node": 6}, "7": {"order": "MD_SDO", "size": 25.0, "installation": 6, "node": 7}, "8": {"order": "OD_SDO", "size": 20.0, "installation": 6, "node": 8}, "9": {"order": "MD_SEN", "size": 30.0, "installation": 5, "node": 9}, "10": {"order": "OP_SEN", "size": 30.0, "installation": 5, "node": 10}, "11": {"order": "MD_TRB", "size": 20.0, "installation": 2, "node": 11}, "12": {"order": "OD_TRB", "size": 25.0, "installation": 2, "node": 12}}}, "voyages": {"0": {"0": [7, [63, 80, 90], 10.0, [105.0, 0], [524.5916666666668, 0.0]], "5": [6, [150, 150, 151], 0, [0, 0], [11.73, 0.0]], "6": [13, [151, 168, 168], 10.0, [0, 11.25], [407.2916666666668, 0.0]], "7": [8, [90, 90, 98], 0, [79.99999944370258, 0], [93.84, 0.0]], "8": [11, [98, 100, 131], 10.0, [59.99999944370258, 0], [332.1966666666667, 0.0]], "11": [12, [131, 131, 141], 0, [39.999999443702706, 0], [117.30000000000001, 0.0]], "12": [5, [141, 144, 150], 11.0, [14.999999443702748, 0], [166.04562500000003, 0.0]]}, "1": {"0": [1, [63, 78, 86], 10.0, [83.75, 0], [453.21500000000015, 0.0]], "1": [2, [86, 86, 92], 0, [64.99999999999945, 0], [70.38000000000001, 0.0]], "2": [3, [92, 93, 101], 10.0, [49.999999999999545, 0], [117.79833333333335, 0.0]], "3": [4, [101, 101, 102], 0, [29.999999999999744, 0], [11.73, 0.0]], "4": [9, [102, 103, 115], 10.0, [30.0, 20.0], [164.71833333333336, 0.0]], "9": [10, [115, 115, 116], 0, [0, 19.99999999999999], [11.73, 0.0]], "10": [13, [116, 133, 133], 10.0, [0, 49.999999999999986], [407.2916666666668, 0.0]]}, "2": {"0": [13, [63, 63, 63], 0, [0, 0], [0, 0]]}}, "order_fulfillment": {"postponed_orders": [], "serviced_orders": [1, 2, 3, 4, 5, 6, 7, 8, 9, 10, 11, 12]}, "vessels": {"fleet_vessels": 2, "chartered_vessels": 0}, "objective": {"objective_bound": 2889.859, "fuel_costs": 2889.859, "charter_costs": 0.0, "penalty_costs": 0.0, "optimality_gap": 0.0}, "variables": {"number_of_variables": 63537, "number_of_bin_variables": 63453, "number_of_arcs": 63411, "number_of_cont_variables": 84}, "runtime": {"preprocess_runtime": 7.395, "model_runtime": 180.7206}}