{"instance_info": {"installation_ordering": "Random", "number_of_installations": 6, "weather_scenario": 0, "fleet_size": 2, "order_composition": {"1": {"order": "MD_TRO", "size": 18.75, "installation": 1, "node": 1}, "2": {"order": "OD_TRO", "size": 7.5, "installation": 1, "node": 2}, "3": {"order": "MD_STC", "size": 26.25, "installation": 23, "node": 3}, "4": {"order": "OP_STC", "size": 17.5, "installation": 23, "node": 4}, "5": {"order": "MD_DSD", "size": 20.0, "installation": 14, "node": 5}, "6": {"order": "OD_DSD", "size": 15.0, "installation": 14, "node": 6}, "7": {"order": "MD_TRC", "size": 15.0, "installation": 3, "node": 7}, "8": {"order": "OP_TRC", "size": 11.25, "installation": 3, "node": 8}, "9": {"order": "MD_GFC", "size": 13.125, "installation": 26, "node": 9}, "10": {"order": "OD_GFC", "size": 26.25, "installation": 26, "node": 10}, "11": {"order": "MD_OSS", "size": 15.0, "installation": 13, "node": 11}, "12": {"order": "OP_OSS", "size": 22.5, "installation": 13, "node": 12}}}, "voyages": {"0": {"0": [9, [63, 97, 103], 10.0, [80.625, 0], [884.9633333333336, 0.0]], "3": [4, [129, 129, 130], 0, [15.0, 0], [11.73, 0.0]], "4": [7, [130, 152, 158], 10.0, [15.0, 17.5], [597.4633333333335, 0.0]], "7": [8, [158, 158, 159], 0, [0, 17.5], [11.73, 0.0]], "8": [13, [159, 176, 176], 10.0, [0, 28.75], [407.2916666666668, 0.0]], "9": [10, [103, 103, 114], 0, [67.5, 0], [129.03, 0.0]], "10": [3, [114, 118, 129], 10.0, [41.25, 0], [224.86333333333334, 0.0]]}, "1": {"0": [5, [63, 98, 106], 10.0, [76.25, 0], [932.381666666667, 0.0]], "1": [2, [146, 146, 149], 0, [7.5, 22.5], [35.190000000000005, 0.0]], "2": [13, [149, 166, 166], 10.0, [0, 22.5], [407.2916666666668, 0.0]], "5": [6, [106, 106, 112], 0, [56.25, 0], [70.38000000000001, 0.0]], "6": [11, [112, 119, 125], 10.0, [41.25, 0], [238.08833333333342, 0.0]], "11": [12, [125, 125, 126], 0, [26.25, 0], [11.73, 0.0]], "12": [1, [126, 138, 146], 10.0, [26.25, 22.5], [381.34000000000015, 0.0]]}, "2": {"0": [13, [63, 63, 63], 0, [0, 0], [0, 0]]}}, "order_fulfillment": {"postponed_orders": [], "serviced_orders": [1, 2, 3, 4, 5, 6, 7, 8, 9, 10, 11, 12]}, "vessels": {"fleet_vessels": 2, "chartered_vessels": 0}, "objective": {"objective_bound": 4343.4733, "fuel_costs": 4343.4733, "charter_costs": 0.0, "penalty_costs": 0.0, "optimality_gap": 0.0}, "variables": {"number_of_variables": 110754, "number_of_bin_variables": 110670, "number_of_arcs": 110628, "number_of_cont_variables": 84}, "runtime": {"preprocess_runtime": 10.5393, "model_runtime": 55.447}}