{"instance_info": {"installation_ordering": "Random", "number_of_installations": 9, "weather_scenario": 0, "fleet_size": 3, "order_composition": {"1": {"order": "MD_SOD", "size": 11.25, "installation": 27, "node": 1}, "2": {"order": "OD_SOD", "size": 18.75, "installation": 27, "node": 2}, "3": {"order": "MD_SEQ", "size": 20.0, "installation": 7, "node": 3}, "4": {"order": "OP_SEQ", "size": 30.0, "installation": 7, "node": 4}, "5": {"order": "MD_TRO", "size": 15.0, "installation": 1, "node": 5}, "6": {"order": "OP_TRO", "size": 15.0, "installation": 1, "node": 6}, "7": {"order": "MD_SDO", "size": 20.0, "installation": 6, "node": 7}, "8": {"order": "OD_SDO", "size": 25.0, "installation": 6, "node": 8}, "9": {"order": "MD_SEN", "size": 15.0, "installation": 5, "node": 9}, "10": {"order": "OP_SEN", "size": 30.0, "installation": 5, "node": 10}, "11": {"order": "MD_TRB", "size": 10.0, "installation": 2, "node": 11}, "12": {"order": "OD_TRB", "size": 20.0, "installation": 2, "node": 12}, "13": {"order": "MD_CPR", "size": 20.0, "installation": 4, "node": 13}, "14": {"order": "OP_CPR", "size": 10.0, "installation": 4, "node": 14}, "15": {"order": "MD_TRC", "size": 18.75, "installation": 3, "node": 15}, "16": {"order": "OD_TRC", "size": 11.25, "installation": 3, "node": 16}, "17": {"order": "MD_OSO", "size": 7.5, "installation": 11, "node": 17}, "18": {"order": "OP_OSO", "size": 18.75, "installation": 11, "node": 18}}}, "voyages": {"0": {"0": [7, [63, 80, 88], 10.0, [110.0, 0], [501.1316666666668, 0.0]], "3": [4, [106, 106, 107], 0, [44.99982281516877, 0], [11.73, 0.0]], "4": [15, [107, 107, 131], 10.0, [44.99988191340181, 29.999940901766962], [226.32000000000002, 0.0]], "7": [8, [88, 88, 98], 0, [89.99982280168874, 0], [117.30000000000001, 0.0]], "8": [3, [98, 98, 106], 12.0, [64.99976370488426, 0], [93.84, 0.0]], "9": [10, [143, 143, 144], 0, [0, 29.999881911068474], [11.73, 0.0]], "10": [19, [144, 161, 161], 10.0, [0, 59.999823300515516], [407.2916666666668, 0.0]], "15": [16, [131, 131, 136], 0, [26.2498822442697, 29.99988169353392], [58.650000000000006, 0.0]], "16": [9, [136, 137, 143], 10.0, [14.999941121634848, 29.99982281616877], [94.33833333333335, 0.0]]}, "1": {"0": [1, [63, 78, 83], 10.0, [102.5, 0], [418.0250000000001, 0.0]], "1": [2, [83, 83, 91], 0, [91.24999999999949, 0], [93.84, 0.0]], "2": [13, [91, 95, 103], 10.0, [72.49999999999949, 0], [189.67333333333335, 0.0]], "5": [6, [144, 144, 145], 0, [0, 28.74999999999337], [11.73, 0.0]], "6": [19, [145, 162, 162], 10.0, [0, 43.74999999999338], [407.2916666666668, 0.0]], "11": [12, [127, 127, 135], 0, [35.0, 28.74999999999507], [93.84, 0.0]], "12": [5, [135, 138, 144], 11.0, [15.0, 28.749999999995026], [166.04562500000003, 0.0]], "13": [14, [103, 103, 104], 0, [52.49999999999948, 0], [11.73, 0.0]], "14": [17, [104, 112, 115], 10.0, [52.49999999999948, 10.0], [226.8566666666667, 0.0]], "17": [18, [115, 115, 116], 0, [44.99999999999999, 9.99999999999531], [11.73, 0.0]], "18": [11, [116, 122, 127], 10.0, [44.99999999999999, 28.74999999999531], [198.95000000000005, 0.0]]}, "2": {"0": [19, [63, 63, 63], 0, [0, 0], [0, 0]]}, "3": {"0": [19, [63, 63, 63], 0, [0, 0], [0, 0]]}}, "order_fulfillment": {"postponed_orders": [], "serviced_orders": [1, 2, 3, 4, 5, 6, 7, 8, 9, 10, 11, 12, 13, 14, 15, 16, 17, 18]}, "vessels": {"fleet_vessels": 2, "chartered_vessels": 0}, "objective": {"objective_bound": 2611.8362, "fuel_costs": 3352.044, "charter_costs": 0.0, "penalty_costs": 0.0005, "optimality_gap": 0.1567557669707503}, "variables": {"number_of_variables": 226360, "number_of_bin_variables": 226200, "number_of_arcs": 226120, "number_of_cont_variables": 160}, "runtime": {"preprocess_runtime": 22.8008, "model_runtime": 3600.1425}}