{"instance_info": {"installation_ordering": "Random", "number_of_installations": 2, "weather_scenario": 0, "fleet_size": 1, "order_composition": {"1": {"order": "MD_TRO", "size": 11.25, "installation": 1, "node": 1}, "2": {"order": "OD_TRO", "size": 15.0, "installation": 1, "node": 2}, "3": {"order": "MD_STC", "size": 17.5, "installation": 23, "node": 3}, "4": {"order": "OP_STC", "size": 8.75, "installation": 23, "node": 4}}}, "voyages": {"0": {"0": [3, [63, 101, 108], 10.0, [43.75, 0], [992.526666666667, 0.0]], "1": [2, [140, 140, 146], 0, [15.0, 8.74999999999946], [70.38000000000001, 0.0]], "2": [5, [146, 163, 163], 10.0, [0, 8.749999999999261], [407.2916666666668, 0.0]], "3": [4, [108, 108, 109], 0, [26.25, 0], [11.73, 0.0]], "4": [1, [109, 135, 140], 10.0, [26.250000000000007, 8.75], [681.5666666666668, 0.0]]}, "1": {"0": [5, [63, 63, 63], 0, [0, 0], [0, 0]]}}, "order_fulfillment": {"postponed_orders": [], "serviced_orders": [1, 2, 3, 4]}, "vessels": {"fleet_vessels": 1, "chartered_vessels": 0}, "objective": {"objective_bound": 2163.495, "fuel_costs": 2163.495, "charter_costs": 0.0, "penalty_costs": 0.0, "optimality_gap": 0.0}, "variables": {"number_of_variables": 5646, "number_of_bin_variables": 5622, "number_of_arcs": 5610, "number_of_cont_variables": 24}, "runtime": {"preprocess_runtime": 0.6458, "model_runtime": 0.2414}}