{"instance_info": {"installation_ordering": "Random", "number_of_installations": 3, "weather_scenario": 0, "fleet_size": 1, "order_composition": {"1": {"order": "MD_SOD", "size": 22.5, "installation": 27, "node": 1}, "2": {"order": "OD_SOD", "size": 18.75, "installation": 27, "node": 2}, "3": {"order": "MD_SEQ", "size": 20.0, "installation": 7, "node": 3}, "4": {"order": "OP_SEQ", "size": 20.0, "installation": 7, "node": 4}, "5": {"order": "MD_TRO", "size": 18.75, "installation": 1, "node": 5}, "6": {"order": "OP_TRO", "size": 11.25, "installation": 1, "node": 6}}}, "voyages": {"0": {"0": [1, [63, 78, 87], 10.0, [80.0, 0], [464.9450000000001, 0.0]], "1": [2, [87, 87, 95], 0, [57.5, 0], [93.84, 0.0]], "2": [3, [95, 96, 104], 10.0, [38.749999999999645, 0], [117.79833333333335, 0.0]], "3": [4, [104, 104, 105], 0, [18.749999999999645, 0], [11.73, 0.0]], "4": [5, [105, 111, 131], 10.0, [18.75, 20.0], [336.95000000000005, 0.0]], "5": [6, [131, 131, 132], 0, [0, 19.999999999999417], [11.73, 0.0]], "6": [7, [132, 149, 149], 10.0, [0, 31.249999999999417], [407.2916666666668, 0.0]]}, "1": {"0": [7, [63, 63, 63], 0, [0, 0], [0, 0]]}}, "order_fulfillment": {"postponed_orders": [], "serviced_orders": [1, 2, 3, 4, 5, 6]}, "vessels": {"fleet_vessels": 1, "chartered_vessels": 0}, "objective": {"objective_bound": 1444.285, "fuel_costs": 1444.285, "charter_costs": 0.0, "penalty_costs": 0.0, "optimality_gap": 0.0}, "variables": {"number_of_variables": 10326, "number_of_bin_variables": 10294, "number_of_arcs": 10278, "number_of_cont_variables": 32}, "runtime": {"preprocess_runtime": 1.3119, "model_runtime": 1.7809}}