{"instance_info": {"installation_ordering": "Random", "number_of_installations": 4, "weather_scenario": 0, "fleet_size": 1, "order_composition": {"1": {"order": "MD_SOD", "size": 15.0, "installation": 27, "node": 1}, "2": {"order": "OD_SOD", "size": 15.0, "installation": 27, "node": 2}, "3": {"order": "MD_SEQ", "size": 15.0, "installation": 7, "node": 3}, "4": {"order": "OP_SEQ", "size": 15.0, "installation": 7, "node": 4}, "5": {"order": "MD_TRO", "size": 15.0, "installation": 1, "node": 5}, "6": {"order": "OP_TRO", "size": 15.0, "installation": 1, "node": 6}, "7": {"order": "MD_SDO", "size": 15.0, "installation": 6, "node": 7}, "8": {"order": "OD_SDO", "size": 20.0, "installation": 6, "node": 8}}}, "voyages": {"0": {"0": [1, [63, 78, 84], 10.0, [95.0, 0], [429.7550000000001, 0.0]], "1": [2, [84, 84, 90], 0, [80.0, 0], [70.38000000000001, 0.0]], "2": [7, [90, 92, 98], 10.0, [65.00000000000021, 0], [118.29666666666668, 0.0]], "3": [4, [112, 112, 113], 0, [14.999999999999957, 0], [11.73, 0.0]], "4": [5, [113, 119, 129], 10.0, [15.0, 15.0], [247.25000000000006, 0.0]], "5": [6, [129, 129, 130], 0, [0, 14.999999999999702], [11.73, 0.0]], "6": [9, [130, 147, 147], 10.0, [0, 29.9999999999997], [407.2916666666668, 0.0]], "7": [8, [98, 98, 106], 0, [49.99999999999996, 0], [93.84, 0.0]], "8": [3, [106, 106, 112], 12.0, [29.99999999999994, 0], [70.38000000000001, 0.0]]}, "1": {"0": [9, [63, 63, 63], 0, [0, 0], [0, 0]]}}, "order_fulfillment": {"postponed_orders": [], "serviced_orders": [1, 2, 3, 4, 5, 6, 7, 8]}, "vessels": {"fleet_vessels": 1, "chartered_vessels": 0}, "objective": {"objective_bound": 1460.6533, "fuel_costs": 1460.6533, "charter_costs": 0.0, "penalty_costs": 0.0, "optimality_gap": 0.0}, "variables": {"number_of_variables": 21618, "number_of_bin_variables": 21578, "number_of_arcs": 21558, "number_of_cont_variables": 40}, "runtime": {"preprocess_runtime": 2.3688, "model_runtime": 5.1264}}