{"instance_info": {"installation_ordering": "Random", "number_of_installations": 4, "weather_scenario": 0, "fleet_size": 1, "order_composition": {"1": {"order": "MD_TRO", "size": 11.25, "installation": 1, "node": 1}, "2": {"order": "OD_TRO", "size": 15.0, "installation": 1, "node": 2}, "3": {"order": "MD_STC", "size": 17.5, "installation": 23, "node": 3}, "4": {"order": "OP_STC", "size": 21.875, "installation": 23, "node": 4}, "5": {"order": "MD_DSD", "size": 25.0, "installation": 14, "node": 5}, "6": {"order": "OD_DSD", "size": 15.0, "installation": 14, "node": 6}, "7": {"order": "MD_TRC", "size": 11.25, "installation": 3, "node": 7}, "8": {"order": "OP_TRC", "size": 15.0, "installation": 3, "node": 8}}}, "voyages": {"0": {"0": [5, [63, 98, 108], 10.0, [95.0, 0], [955.8416666666669, 0.0]], "1": [2, [137, 137, 143], 0, [43.74999999999976, 0], [70.38000000000001, 0.0]], "2": [7, [143, 148, 153], 10.0, [28.74999999999976, 0], [178.44166666666672, 0.0]], "3": [4, [183, 183, 184], 0, [0, 15.0], [11.73, 0.0]], "4": [9, [184, 222, 222], 10.0, [0, 36.875], [910.416666666667, 0.0]], "5": [6, [108, 108, 114], 0, [69.99999999999977, 0], [70.38000000000001, 0.0]], "6": [1, [114, 132, 137], 10.0, [54.99999999999977, 0], [489.9000000000002, 0.0]], "7": [8, [153, 153, 154], 0, [17.499999999999957, 0], [11.73, 0.0]], "8": [3, [154, 176, 183], 10.0, [17.499999999999957, 15.0], [609.1933333333335, 0.0]]}, "1": {"0": [9, [63, 63, 63], 0, [0, 0], [0, 0]]}}, "order_fulfillment": {"postponed_orders": [], "serviced_orders": [1, 2, 3, 4, 5, 6, 7, 8]}, "vessels": {"fleet_vessels": 1, "chartered_vessels": 0}, "objective": {"objective_bound": 3308.0133, "fuel_costs": 3308.0133, "charter_costs": 0.0, "penalty_costs": 0.0, "optimality_gap": 0.0}, "variables": {"number_of_variables": 27360, "number_of_bin_variables": 27320, "number_of_arcs": 27300, "number_of_cont_variables": 40}, "runtime": {"preprocess_runtime": 2.8656, "model_runtime": 3.3123}}