{"instance_info": {"installation_ordering": "Random", "number_of_installations": 5, "weather_scenario": 0, "fleet_size": 4, "order_composition": {"1": {"order": "MD_WEL", "size": 15.0, "installation": 17, "node": 1}, "2": {"order": "OD_WEL", "size": 15.0, "installation": 17, "node": 2}, "3": {"order": "MD_SEQ", "size": 30.0, "installation": 7, "node": 3}, "4": {"order": "OP_SEQ", "size": 15.0, "installation": 7, "node": 4}, "5": {"order": "MD_OSB", "size": 22.5, "installation": 9, "node": 5}, "6": {"order": "OD_OSB", "size": 18.75, "installation": 9, "node": 6}, "7": {"order": "MD_STB", "size": 17.5, "installation": 22, "node": 7}, "8": {"order": "OP_STB", "size": 21.875, "installation": 22, "node": 8}, "9": {"order": "MD_TRO", "size": 11.25, "installation": 1, "node": 9}, "10": {"order": "OD_TRO", "size": 15.0, "installation": 1, "node": 10}}}, "voyages": {"0": {"0": [5, [63, 91, 100], 10.0, [67.5, 0], [776.4033333333336, 0.0]], "5": [6, [100, 100, 108], 0, [45.00000000000001, 0], [93.84, 0.0]], "6": [9, [108, 119, 128], 10.0, [26.250000000000004, 0], [355.3116666666667, 0.0]], "9": [10, [128, 128, 134], 0, [15.0, 0], [70.38000000000001, 0.0]], "10": [11, [134, 151, 151], 10.0, [0, 0], [407.2916666666668, 0.0]]}, "1": {"0": [11, [63, 63, 63], 0, [0, 0], [0, 0]]}, "2": {"0": [11, [63, 63, 63], 0, [0, 0], [0, 0]]}, "3": {"0": [3, [63, 79, 91], 10.0, [77.5, 0], [524.0933333333335, 0.0]], "1": [2, [113, 113, 119], 0, [32.49999999999998, 15.0], [70.38000000000001, 0.0]], "2": [7, [119, 126, 133], 10.0, [17.5, 14.999999999996888], [249.8183333333334, 0.0]], "3": [4, [91, 91, 92], 0, [47.49999999999998, 0], [11.73, 0.0]], "4": [1, [92, 107, 113], 10.0, [47.49999999999997, 15.0], [429.7550000000001, 0.0]], "7": [8, [133, 133, 134], 0, [0, 14.999999999996845], [11.73, 0.0]], "8": [11, [134, 173, 173], 10.0, [0, 36.87499999999679], [934.3750000000003, 0.0]]}, "4": {"0": [11, [63, 63, 63], 0, [0, 0], [0, 0]]}}, "order_fulfillment": {"postponed_orders": [], "serviced_orders": [1, 2, 3, 4, 5, 6, 7, 8, 9, 10]}, "vessels": {"fleet_vessels": 2, "chartered_vessels": 0}, "objective": {"objective_bound": 3935.1083, "fuel_costs": 3935.1083, "charter_costs": 0.0, "penalty_costs": 0.0, "optimality_gap": 0.0}, "variables": {"number_of_variables": 152790, "number_of_bin_variables": 152670, "number_of_arcs": 152610, "number_of_cont_variables": 120}, "runtime": {"preprocess_runtime": 12.9144, "model_runtime": 393.5479}}