{"instance_info": {"installation_ordering": "Random", "number_of_installations": 5, "weather_scenario": 0, "fleet_size": 5, "order_composition": {"1": {"order": "MD_WEL", "size": 15.0, "installation": 17, "node": 1}, "2": {"order": "OD_WEL", "size": 15.0, "installation": 17, "node": 2}, "3": {"order": "MD_SEQ", "size": 25.0, "installation": 7, "node": 3}, "4": {"order": "OP_SEQ", "size": 20.0, "installation": 7, "node": 4}, "5": {"order": "MD_OSB", "size": 22.5, "installation": 9, "node": 5}, "6": {"order": "OD_OSB", "size": 11.25, "installation": 9, "node": 6}, "7": {"order": "MD_STB", "size": 21.875, "installation": 22, "node": 7}, "8": {"order": "OP_STB", "size": 8.75, "installation": 22, "node": 8}, "9": {"order": "MD_TRO", "size": 11.25, "installation": 1, "node": 9}, "10": {"order": "OD_TRO", "size": 15.0, "installation": 1, "node": 10}}}, "voyages": {"0": {"0": [1, [63, 95, 101], 10.0, [76.875, 0], [837.0466666666669, 0.0]], "1": [2, [101, 101, 107], 0, [61.875, 0], [70.38000000000001, 0.0]], "2": [7, [107, 114, 123], 10.0, [46.875, 0], [273.2783333333334, 0.0]], "3": [4, [156, 156, 157], 0, [0, 8.75], [11.73, 0.0]], "4": [11, [157, 173, 173], 10.0, [0, 28.75], [383.3333333333334, 0.0]], "7": [8, [123, 123, 124], 0, [25.0, 0], [11.73, 0.0]], "8": [3, [124, 146, 156], 10.0, [25.0, 8.75], [644.3833333333334, 0.0]]}, "1": {"0": [11, [63, 63, 63], 0, [0, 0], [0, 0]]}, "2": {"0": [11, [63, 63, 63], 0, [0, 0], [0, 0]]}, "3": {"0": [11, [63, 63, 63], 0, [0, 0], [0, 0]]}, "4": {"0": [5, [63, 91, 100], 10.0, [60.0, 0], [776.4033333333336, 0.0]], "5": [6, [100, 100, 105], 0, [37.5, 0], [58.650000000000006, 0.0]], "6": [9, [105, 116, 128], 10.0, [26.25, 0], [380.15166666666676, 0.0]], "9": [10, [128, 128, 134], 0, [15.0, 0], [70.38000000000001, 0.0]], "10": [11, [134, 151, 151], 10.0, [0, 0], [407.2916666666668, 0.0]]}, "5": {"0": [11, [63, 63, 63], 0, [0, 0], [0, 0]]}}, "order_fulfillment": {"postponed_orders": [], "serviced_orders": [1, 2, 3, 4, 5, 6, 7, 8, 9, 10]}, "vessels": {"fleet_vessels": 2, "chartered_vessels": 0}, "objective": {"objective_bound": 3924.7583, "fuel_costs": 3924.7583, "charter_costs": 0.0, "penalty_costs": 0.0, "optimality_gap": 0.0}, "variables": {"number_of_variables": 183270, "number_of_bin_variables": 183126, "number_of_arcs": 183054, "number_of_cont_variables": 144}, "runtime": {"preprocess_runtime": 16.0592, "model_runtime": 633.0445}}