{"instance_info": {"installation_ordering": "Random", "number_of_installations": 5, "weather_scenario": 0, "fleet_size": 5, "order_composition": {"1": {"order": "MD_STC", "size": 21.875, "installation": 23, "node": 1}, "2": {"order": "OD_STC", "size": 8.75, "installation": 23, "node": 2}, "3": {"order": "MD_TRB", "size": 30.0, "installation": 2, "node": 3}, "4": {"order": "OP_TRB", "size": 30.0, "installation": 2, "node": 4}, "5": {"order": "MD_SSC", "size": 7.5, "installation": 12, "node": 5}, "6": {"order": "OD_SSC", "size": 7.5, "installation": 12, "node": 6}, "7": {"order": "MD_GFC", "size": 13.125, "installation": 26, "node": 7}, "8": {"order": "OP_GFC", "size": 17.5, "installation": 26, "node": 8}, "9": {"order": "MD_SDO", "size": 10.0, "installation": 6, "node": 9}, "10": {"order": "OD_SDO", "size": 15.0, "installation": 6, "node": 10}}}, "voyages": {"0": {"0": [11, [63, 63, 63], 0, [0, 0], [0, 0]]}, "1": {"0": [9, [63, 80, 84], 10.0, [25.0, 0], [454.2116666666668, 0.0]], "9": [10, [84, 84, 90], 0, [15.0, 0], [70.38000000000001, 0.0]], "10": [11, [90, 107, 107], 10.0, [0, 0], [407.2916666666668, 0.0]]}, "2": {"0": [11, [63, 63, 63], 0, [0, 0], [0, 0]]}, "3": {"0": [1, [63, 101, 110], 10.0, [88.75, 0], [1015.986666666667, 0.0]], "1": [2, [110, 110, 114], 0, [66.87475393571208, 0], [46.92, 0.0]], "2": [7, [114, 118, 124], 10.0, [58.1248287956134, 0], [166.21333333333337, 0.0]], "3": [4, [163, 163, 164], 0, [0, 17.499857620125717], [11.73, 0.0]], "4": [11, [164, 182, 182], 10.0, [0, 47.49979034388767], [431.25000000000017, 0.0]], "5": [6, [142, 142, 145], 0, [37.49997861881374, 17.49992503470956], [35.190000000000005, 0.0]], "6": [3, [145, 151, 163], 10.0, [29.99993258544781, 17.4999249505515], [284.5100000000001, 0.0]], "7": [8, [124, 124, 125], 0, [44.99982884496787, 0], [11.73, 0.0]], "8": [5, [125, 139, 142], 10.0, [44.99990365352331, 17.499925107786495], [370.6066666666668, 0.0]]}, "4": {"0": [11, [63, 63, 63], 0, [0, 0], [0, 0]]}, "5": {"0": [11, [63, 63, 63], 0, [0, 0], [0, 0]]}}, "order_fulfillment": {"postponed_orders": [], "serviced_orders": [1, 2, 3, 4, 5, 6, 7, 8, 9, 10]}, "vessels": {"fleet_vessels": 2, "chartered_vessels": 0}, "objective": {"objective_bound": 3306.0187, "fuel_costs": 3306.02, "charter_costs": 0.0, "penalty_costs": 0.0013, "optimality_gap": 0.0}, "variables": {"number_of_variables": 165276, "number_of_bin_variables": 165132, "number_of_arcs": 165060, "number_of_cont_variables": 144}, "runtime": {"preprocess_runtime": 14.8152, "model_runtime": 674.0658}}