{"instance_info": {"installation_ordering": "Random", "number_of_installations": 5, "weather_scenario": 0, "fleet_size": 3, "order_composition": {"1": {"order": "MD_STC", "size": 13.125, "installation": 23, "node": 1}, "2": {"order": "OD_STC", "size": 8.75, "installation": 23, "node": 2}, "3": {"order": "MD_TRB", "size": 25.0, "installation": 2, "node": 3}, "4": {"order": "OP_TRB", "size": 15.0, "installation": 2, "node": 4}, "5": {"order": "MD_SSC", "size": 3.75, "installation": 12, "node": 5}, "6": {"order": "OD_SSC", "size": 5.625, "installation": 12, "node": 6}, "7": {"order": "MD_GFC", "size": 21.875, "installation": 26, "node": 7}, "8": {"order": "OP_GFC", "size": 17.5, "installation": 26, "node": 8}, "9": {"order": "MD_SDO", "size": 15.0, "installation": 6, "node": 9}, "10": {"order": "OD_SDO", "size": 30.0, "installation": 6, "node": 10}}}, "voyages": {"0": {"0": [1, [63, 101, 107], 10.0, [78.125, 0], [980.796666666667, 0.0]], "1": [2, [107, 107, 111], 0, [64.99996850000001, 0], [46.92, 0.0]], "2": [7, [111, 115, 124], 10.0, [56.24996850000001, 0], [201.40333333333336, 0.0]], "3": [4, [160, 160, 161], 0, [0, 17.499948675111447], [11.73, 0.0]], "4": [11, [161, 179, 179], 10.0, [0, 32.49994867521245], [431.25000000000017, 0.0]], "5": [6, [141, 141, 144], 0, [30.624994165399407, 17.49997433335267], [35.190000000000005, 0.0]], "6": [3, [144, 150, 160], 10.0, [24.99997434175878, 17.49997433208539], [261.05000000000007, 0.0]], "7": [8, [124, 124, 125], 0, [34.37496850000001, 0], [11.73, 0.0]], "8": [5, [125, 139, 141], 10.0, [34.37496849875208, 17.499999999999996], [358.8766666666668, 0.0]]}, "1": {"0": [9, [63, 80, 86], 10.0, [45.0, 0], [477.6716666666668, 0.0]], "9": [10, [86, 86, 98], 0, [30.0, 0], [140.76000000000002, 0.0]], "10": [11, [98, 115, 115], 10.0, [0, 0], [407.2916666666668, 0.0]]}, "2": {"0": [11, [63, 63, 63], 0, [0, 0], [0, 0]]}, "3": {"0": [11, [63, 63, 63], 0, [0, 0], [0, 0]]}}, "order_fulfillment": {"postponed_orders": [], "serviced_orders": [1, 2, 3, 4, 5, 6, 7, 8, 9, 10]}, "vessels": {"fleet_vessels": 2, "chartered_vessels": 0}, "objective": {"objective_bound": 3364.6701, "fuel_costs": 3364.67, "charter_costs": 0.0, "penalty_costs": 0.0001, "optimality_gap": 0.0}, "variables": {"number_of_variables": 110584, "number_of_bin_variables": 110488, "number_of_arcs": 110440, "number_of_cont_variables": 96}, "runtime": {"preprocess_runtime": 9.84, "model_runtime": 312.734}}