{"instance_info": {"installation_ordering": "Random", "number_of_installations": 5, "weather_scenario": 0, "fleet_size": 4, "order_composition": {"1": {"order": "MD_STC", "size": 13.125, "installation": 23, "node": 1}, "2": {"order": "OD_STC", "size": 8.75, "installation": 23, "node": 2}, "3": {"order": "MD_TRB", "size": 25.0, "installation": 2, "node": 3}, "4": {"order": "OP_TRB", "size": 15.0, "installation": 2, "node": 4}, "5": {"order": "MD_SSC", "size": 9.375, "installation": 12, "node": 5}, "6": {"order": "OD_SSC", "size": 9.375, "installation": 12, "node": 6}, "7": {"order": "MD_GFC", "size": 21.875, "installation": 26, "node": 7}, "8": {"order": "OP_GFC", "size": 13.125, "installation": 26, "node": 8}, "9": {"order": "MD_SDO", "size": 30.0, "installation": 6, "node": 9}, "10": {"order": "OD_SDO", "size": 20.0, "installation": 6, "node": 10}}}, "voyages": {"0": {"0": [11, [63, 63, 63], 0, [0, 0], [0, 0]]}, "1": {"0": [9, [63, 80, 92], 10.0, [50.0, 0], [548.0516666666668, 0.0]], "9": [10, [92, 92, 100], 0, [20.0, 0], [93.84, 0.0]], "10": [11, [100, 117, 117], 10.0, [0, 0], [407.2916666666668, 0.0]]}, "2": {"0": [1, [63, 101, 107], 10.0, [87.5, 0], [980.796666666667, 0.0]], "1": [2, [107, 107, 111], 0, [74.37470842915315, 0], [46.92, 0.0]], "2": [7, [111, 115, 124], 10.0, [65.62470867682175, 0], [201.40333333333336, 0.0]], "3": [4, [163, 163, 164], 0, [0, 13.12479731126844], [11.73, 0.0]], "4": [11, [164, 182, 182], 10.0, [0, 28.124797311268438], [431.25000000000017, 0.0]], "5": [6, [143, 143, 147], 0, [34.375, 13.124797311268438], [46.92, 0.0]], "6": [3, [147, 153, 163], 10.0, [25.0, 13.124797311268438], [261.05000000000007, 0.0]], "7": [8, [124, 124, 125], 0, [43.749797124293806, 0], [11.73, 0.0]], "8": [5, [125, 139, 143], 10.0, [43.749797311268416, 13.124999813025397], [382.3366666666668, 0.0]]}, "3": {"0": [11, [63, 63, 63], 0, [0, 0], [0, 0]]}, "4": {"0": [11, [63, 63, 63], 0, [0, 0], [0, 0]]}}, "order_fulfillment": {"postponed_orders": [], "serviced_orders": [1, 2, 3, 4, 5, 6, 7, 8, 9, 10]}, "vessels": {"fleet_vessels": 2, "chartered_vessels": 0}, "objective": {"objective_bound": 3423.32, "fuel_costs": 3423.32, "charter_costs": 0.0, "penalty_costs": 0.0, "optimality_gap": 0.0}, "variables": {"number_of_variables": 137225, "number_of_bin_variables": 137105, "number_of_arcs": 137045, "number_of_cont_variables": 120}, "runtime": {"preprocess_runtime": 12.1447, "model_runtime": 414.9058}}