{"instance_info": {"installation_ordering": "Random", "number_of_installations": 5, "weather_scenario": 0, "fleet_size": 5, "order_composition": {"1": {"order": "MD_STB", "size": 17.5, "installation": 22, "node": 1}, "2": {"order": "OD_STB", "size": 26.25, "installation": 22, "node": 2}, "3": {"order": "MD_GFC", "size": 17.5, "installation": 26, "node": 3}, "4": {"order": "OP_GFC", "size": 21.875, "installation": 26, "node": 4}, "5": {"order": "MD_SSC", "size": 7.5, "installation": 12, "node": 5}, "6": {"order": "OD_SSC", "size": 7.5, "installation": 12, "node": 6}, "7": {"order": "MD_OSC", "size": 18.75, "installation": 10, "node": 7}, "8": {"order": "OP_OSC", "size": 11.25, "installation": 10, "node": 8}, "9": {"order": "MD_STC", "size": 13.125, "installation": 23, "node": 9}, "10": {"order": "OD_STC", "size": 17.5, "installation": 23, "node": 10}}}, "voyages": {"0": {"0": [5, [63, 88, 91], 10.0, [33.75, 0], [634.1483333333335, 0.0]], "5": [6, [91, 91, 94], 0, [26.25, 0], [35.190000000000005, 0.0]], "6": [7, [94, 96, 104], 11.0, [18.750000000000004, 0], [157.61708333333334, 0.0]], "7": [8, [104, 104, 105], 0, [0, 0], [11.73, 0.0]], "8": [11, [105, 133, 133], 10.0, [0, 11.25], [670.8333333333336, 0.0]]}, "1": {"0": [11, [63, 63, 63], 0, [0, 0], [0, 0]]}, "2": {"0": [1, [63, 102, 109], 10.0, [91.875, 0], [1016.4850000000004, 0.0]], "1": [2, [109, 109, 120], 0, [74.375, 0], [129.03, 0.0]], "2": [9, [120, 121, 127], 12.0, [48.125, 0], [111.78000000000002, 0.0]], "3": [4, [145, 145, 146], 0, [0, 0], [11.73, 0.0]], "4": [11, [146, 180, 180], 10.0, [0, 21.875], [814.5833333333336, 0.0]], "9": [10, [127, 127, 134], 0, [35.0, 0], [82.11000000000001, 0.0]], "10": [3, [134, 138, 145], 10.0, [17.5, 0], [177.94333333333338, 0.0]]}, "3": {"0": [11, [63, 63, 63], 0, [0, 0], [0, 0]]}, "4": {"0": [11, [63, 63, 63], 0, [0, 0], [0, 0]]}, "5": {"0": [11, [63, 63, 63], 0, [0, 0], [0, 0]]}}, "order_fulfillment": {"postponed_orders": [], "serviced_orders": [1, 2, 3, 4, 5, 6, 7, 8, 9, 10]}, "vessels": {"fleet_vessels": 2, "chartered_vessels": 0}, "objective": {"objective_bound": 3853.1804, "fuel_costs": 3853.1804, "charter_costs": 0.0, "penalty_costs": 0.0, "optimality_gap": 0.0}, "variables": {"number_of_variables": 188808, "number_of_bin_variables": 188664, "number_of_arcs": 188592, "number_of_cont_variables": 144}, "runtime": {"preprocess_runtime": 14.2046, "model_runtime": 1211.6161}}