{"instance_info": {"installation_ordering": "Random", "number_of_installations": 5, "weather_scenario": 0, "fleet_size": 4, "order_composition": {"1": {"order": "MD_VFB", "size": 15.0, "installation": 18, "node": 1}, "2": {"order": "OD_VFB", "size": 18.75, "installation": 18, "node": 2}, "3": {"order": "MD_VMO", "size": 15.0, "installation": 16, "node": 3}, "4": {"order": "OP_VMO", "size": 18.75, "installation": 16, "node": 4}, "5": {"order": "MD_TRO", "size": 15.0, "installation": 1, "node": 5}, "6": {"order": "OD_TRO", "size": 15.0, "installation": 1, "node": 6}, "7": {"order": "MD_HUL", "size": 12.5, "installation": 20, "node": 7}, "8": {"order": "OP_HUL", "size": 7.5, "installation": 20, "node": 8}, "9": {"order": "MD_SOD", "size": 11.25, "installation": 27, "node": 9}, "10": {"order": "OD_SOD", "size": 15.0, "installation": 27, "node": 10}}}, "voyages": {"0": {"0": [1, [63, 88, 94], 10.0, [91.25, 0], [669.3383333333335, 0.0]], "1": [2, [94, 94, 102], 0, [76.2499567652416, 0], [93.84, 0.0]], "2": [7, [102, 104, 109], 11.0, [57.49996753167265, 0], [122.42708333333334, 0.0]], "3": [4, [121, 121, 122], 0, [29.99997886152243, 7.499989182960304], [11.73, 0.0]], "4": [5, [122, 140, 146], 10.0, [29.999989150956246, 26.24997889352649], [501.63000000000017, 0.0]], "5": [6, [146, 146, 152], 0, [14.99998940220209, 26.249968054092655], [70.38000000000001, 0.0]], "6": [11, [152, 169, 169], 10.0, [0, 26.249957456294744], [407.2916666666668, 0.0]], "7": [8, [109, 109, 110], 0, [44.999968066801706, 0], [11.73, 0.0]], "8": [3, [110, 115, 121], 10.0, [44.999968044482735, 7.499989732922742], [190.1716666666667, 0.0]]}, "1": {"0": [11, [63, 63, 63], 0, [0, 0], [0, 0]]}, "2": {"0": [11, [63, 63, 63], 0, [0, 0], [0, 0]]}, "3": {"0": [9, [63, 78, 83], 10.0, [26.25, 0], [418.0250000000001, 0.0]], "9": [10, [83, 83, 89], 0, [15.0, 0], [70.38000000000001, 0.0]], "10": [11, [89, 104, 104], 10.0, [0, 0], [359.3750000000001, 0.0]]}, "4": {"0": [11, [63, 63, 63], 0, [0, 0], [0, 0]]}}, "order_fulfillment": {"postponed_orders": [], "serviced_orders": [1, 2, 3, 4, 5, 6, 7, 8, 9, 10]}, "vessels": {"fleet_vessels": 2, "chartered_vessels": 0}, "objective": {"objective_bound": 2926.3185, "fuel_costs": 2926.3188, "charter_costs": 0.0, "penalty_costs": 0.0003, "optimality_gap": 0.0}, "variables": {"number_of_variables": 140110, "number_of_bin_variables": 139990, "number_of_arcs": 139930, "number_of_cont_variables": 120}, "runtime": {"preprocess_runtime": 12.5355, "model_runtime": 551.2148}}