{"instance_info": {"installation_ordering": "Random", "number_of_installations": 0, "weather_scenario": 0, "fleet_size": 2, "order_composition": {"1": {"order": "MD_STB", "size": 13.125, "installation": 22, "node": 1}, "2": {"order": "OD_STB", "size": 21.875, "installation": 22, "node": 2}, "3": {"order": "MD_GFC", "size": 13.125, "installation": 26, "node": 3}, "4": {"order": "OP_GFC", "size": 17.5, "installation": 26, "node": 4}, "5": {"order": "MD_SSC", "size": 11.25, "installation": 12, "node": 5}, "6": {"order": "OD_SSC", "size": 5.625, "installation": 12, "node": 6}, "7": {"order": "MD_OSC", "size": 15.0, "installation": 10, "node": 7}, "8": {"order": "OP_OSC", "size": 15.0, "installation": 10, "node": 8}, "9": {"order": "MD_STC", "size": 13.125, "installation": 23, "node": 9}, "10": {"order": "OD_STC", "size": 26.25, "installation": 23, "node": 10}}}, "voyages": {"0": {"0": [9, [63, 101, 107], 10.0, [87.5, 0], [980.796666666667, 0.0]], "1": [2, [125, 125, 134], 0, [35.0, 0], [105.57000000000001, 0.0]], "2": [3, [134, 139, 145], 10.0, [13.125, 0], [190.1716666666667, 0.0]], "3": [4, [145, 145, 146], 0, [0, 0], [11.73, 0.0]], "4": [11, [146, 180, 180], 10.0, [0, 17.5], [814.5833333333336, 0.0]], "9": [10, [107, 107, 118], 0, [74.375, 0], [129.03, 0.0]], "10": [1, [118, 119, 125], 12.0, [48.125, 0], [111.78000000000002, 0.0]]}, "1": {"0": [5, [63, 88, 93], 10.0, [31.875, 0], [657.6083333333335, 0.0]], "5": [6, [93, 93, 96], 0, [20.625, 0], [35.190000000000005, 0.0]], "6": [7, [96, 98, 104], 11.0, [15.0, 0], [134.15708333333333, 0.0]], "7": [8, [104, 104, 105], 0, [0, 0], [11.73, 0.0]], "8": [11, [105, 133, 133], 10.0, [0, 15.0], [670.8333333333336, 0.0]]}, "2": {"0": [11, [63, 63, 63], 0, [0, 0], [0, 0]]}}, "order_fulfillment": {"postponed_orders": [], "serviced_orders": [1, 2, 3, 4, 5, 6, 7, 8, 9, 10]}, "vessels": {"fleet_vessels": 2, "chartered_vessels": 0}, "objective": {"objective_bound": 3853.1804, "fuel_costs": 3853.1804, "charter_costs": 0.0, "penalty_costs": 0.0, "optimality_gap": 0.0}, "variables": {"number_of_variables": 94566, "number_of_bin_variables": 94494, "number_of_arcs": 94458, "number_of_cont_variables": 72}, "runtime": {"preprocess_runtime": 7.2162, "model_runtime": 149.3468}}