{"instance_info": {"installation_ordering": "Random", "number_of_installations": 5, "weather_scenario": 0, "fleet_size": 3, "order_composition": {"1": {"order": "MD_VFB", "size": 18.75, "installation": 18, "node": 1}, "2": {"order": "OD_VFB", "size": 18.75, "installation": 18, "node": 2}, "3": {"order": "MD_VMO", "size": 11.25, "installation": 16, "node": 3}, "4": {"order": "OP_VMO", "size": 7.5, "installation": 16, "node": 4}, "5": {"order": "MD_TRO", "size": 15.0, "installation": 1, "node": 5}, "6": {"order": "OD_TRO", "size": 15.0, "installation": 1, "node": 6}, "7": {"order": "MD_HUL", "size": 5.0, "installation": 20, "node": 7}, "8": {"order": "OP_HUL", "size": 15.0, "installation": 20, "node": 8}, "9": {"order": "MD_SOD", "size": 18.75, "installation": 27, "node": 9}, "10": {"order": "OD_SOD", "size": 15.0, "installation": 27, "node": 10}}}, "voyages": {"0": {"0": [9, [63, 78, 86], 10.0, [33.75, 0], [453.21500000000015, 0.0]], "9": [10, [86, 86, 92], 0, [15.0, 0], [70.38000000000001, 0.0]], "10": [11, [92, 107, 107], 10.0, [0, 0], [359.3750000000001, 0.0]]}, "1": {"0": [1, [63, 88, 96], 10.0, [83.75, 0], [692.7983333333335, 0.0]], "1": [2, [96, 96, 104], 0, [64.99993217442722, 0], [93.84, 0.0]], "2": [3, [104, 112, 117], 10.0, [46.249932174427215, 0], [250.31666666666672, 0.0]], "3": [4, [117, 117, 118], 0, [34.99993236638538, 0], [11.73, 0.0]], "4": [7, [118, 123, 125], 10.0, [34.99995473570836, 7.499977630677023], [143.2516666666667, 0.0]], "5": [6, [145, 145, 151], 0, [14.999977527219869, 22.49995473987504], [70.38000000000001, 0.0]], "6": [11, [151, 168, 168], 10.0, [0, 22.49993226709491], [407.2916666666668, 0.0]], "7": [8, [125, 125, 126], 0, [29.99995512238578, 7.499955051354036], [11.73, 0.0]], "8": [5, [126, 139, 145], 10.0, [29.999954947896864, 22.4999328570418], [381.8383333333334, 0.0]]}, "2": {"0": [11, [63, 63, 63], 0, [0, 0], [0, 0]]}, "3": {"0": [11, [63, 63, 63], 0, [0, 0], [0, 0]]}}, "order_fulfillment": {"postponed_orders": [], "serviced_orders": [1, 2, 3, 4, 5, 6, 7, 8, 9, 10]}, "vessels": {"fleet_vessels": 2, "chartered_vessels": 0}, "objective": {"objective_bound": 2946.1464, "fuel_costs": 2946.1467, "charter_costs": 0.0, "penalty_costs": 0.0003, "optimality_gap": 0.0}, "variables": {"number_of_variables": 111864, "number_of_bin_variables": 111768, "number_of_arcs": 111720, "number_of_cont_variables": 96}, "runtime": {"preprocess_runtime": 9.7989, "model_runtime": 506.8378}}