{"instance_info": {"installation_ordering": "Random", "number_of_installations": 5, "weather_scenario": 0, "fleet_size": 3, "order_composition": {"1": {"order": "MD_WEL", "size": 15.0, "installation": 17, "node": 1}, "2": {"order": "OD_WEL", "size": 15.0, "installation": 17, "node": 2}, "3": {"order": "MD_SEQ", "size": 20.0, "installation": 7, "node": 3}, "4": {"order": "OP_SEQ", "size": 20.0, "installation": 7, "node": 4}, "5": {"order": "MD_OSB", "size": 15.0, "installation": 9, "node": 5}, "6": {"order": "OD_OSB", "size": 15.0, "installation": 9, "node": 6}, "7": {"order": "MD_STB", "size": 17.5, "installation": 22, "node": 7}, "8": {"order": "OP_STB", "size": 17.5, "installation": 22, "node": 8}, "9": {"order": "MD_TRO", "size": 11.25, "installation": 1, "node": 9}, "10": {"order": "OD_TRO", "size": 18.75, "installation": 1, "node": 10}}}, "voyages": {"0": {"0": [11, [63, 63, 63], 0, [0, 0], [0, 0]]}, "1": {"0": [5, [63, 91, 97], 10.0, [60.0, 0], [741.2133333333336, 0.0]], "5": [6, [97, 97, 103], 0, [44.99999999999942, 0], [70.38000000000001, 0.0]], "6": [9, [103, 114, 128], 10.0, [29.99999999999942, 0], [396.7116666666667, 0.0]], "9": [10, [128, 128, 136], 0, [18.75, 0], [93.84, 0.0]], "10": [11, [136, 153, 153], 10.0, [0, 0], [407.2916666666668, 0.0]]}, "2": {"0": [1, [63, 95, 101], 10.0, [67.5, 0], [837.0466666666669, 0.0]], "1": [2, [101, 101, 107], 0, [52.5, 0], [70.38000000000001, 0.0]], "2": [7, [107, 114, 121], 10.0, [37.5, 0], [249.8183333333334, 0.0]], "3": [4, [152, 152, 153], 0, [0, 17.5], [11.73, 0.0]], "4": [11, [153, 169, 169], 10.0, [0, 37.5], [383.3333333333334, 0.0]], "7": [8, [121, 121, 122], 0, [20.0, 0], [11.73, 0.0]], "8": [3, [122, 144, 152], 10.0, [20.0, 17.5], [620.9233333333335, 0.0]]}, "3": {"0": [11, [63, 63, 63], 0, [0, 0], [0, 0]]}}, "order_fulfillment": {"postponed_orders": [], "serviced_orders": [1, 2, 3, 4, 5, 6, 7, 8, 9, 10]}, "vessels": {"fleet_vessels": 2, "chartered_vessels": 0}, "objective": {"objective_bound": 3894.3983, "fuel_costs": 3894.3983, "charter_costs": 0.0, "penalty_costs": 0.0, "optimality_gap": 0.0}, "variables": {"number_of_variables": 123008, "number_of_bin_variables": 122912, "number_of_arcs": 122864, "number_of_cont_variables": 96}, "runtime": {"preprocess_runtime": 10.6631, "model_runtime": 238.0698}}