{"instance_info": {"installation_ordering": "Random", "number_of_installations": 5, "weather_scenario": 0, "fleet_size": 3, "order_composition": {"1": {"order": "MD_STB", "size": 13.125, "installation": 22, "node": 1}, "2": {"order": "OD_STB", "size": 21.875, "installation": 22, "node": 2}, "3": {"order": "MD_GFC", "size": 17.5, "installation": 26, "node": 3}, "4": {"order": "OP_GFC", "size": 21.875, "installation": 26, "node": 4}, "5": {"order": "MD_SSC", "size": 11.25, "installation": 12, "node": 5}, "6": {"order": "OD_SSC", "size": 9.375, "installation": 12, "node": 6}, "7": {"order": "MD_OSC", "size": 11.25, "installation": 10, "node": 7}, "8": {"order": "OP_OSC", "size": 11.25, "installation": 10, "node": 8}, "9": {"order": "MD_STC", "size": 17.5, "installation": 23, "node": 9}, "10": {"order": "OD_STC", "size": 21.875, "installation": 23, "node": 10}}}, "voyages": {"0": {"0": [9, [63, 101, 108], 10.0, [91.875, 0], [992.526666666667, 0.0]], "1": [2, [124, 124, 133], 0, [39.37493910264044, 0], [105.57000000000001, 0.0]], "2": [3, [133, 138, 145], 10.0, [17.499947444117534, 0], [201.9016666666667, 0.0]], "3": [4, [145, 145, 146], 0, [0, 0], [11.73, 0.0]], "4": [11, [146, 180, 180], 10.0, [0, 21.87494779713228], [814.5833333333336, 0.0]], "9": [10, [108, 108, 117], 0, [74.37488647140884, 0], [105.57000000000001, 0.0]], "10": [1, [117, 118, 124], 12.0, [52.49988650967463, 0], [111.78000000000002, 0.0]]}, "1": {"0": [11, [63, 63, 63], 0, [0, 0], [0, 0]]}, "2": {"0": [5, [63, 88, 93], 10.0, [31.87499595666301, 0], [657.6083333333335, 0.0]], "5": [6, [93, 93, 97], 0, [20.624984699147927, 0], [46.92, 0.0]], "6": [7, [97, 99, 104], 11.0, [11.249985896629513, 0], [122.42708333333334, 0.0]], "7": [8, [104, 104, 105], 0, [0, 0], [11.73, 0.0]], "8": [11, [105, 133, 133], 10.0, [0, 11.249986013601903], [670.8333333333336, 0.0]]}, "3": {"0": [11, [63, 63, 63], 0, [0, 0], [0, 0]]}}, "order_fulfillment": {"postponed_orders": [], "serviced_orders": [1, 2, 3, 4, 5, 6, 7, 8, 9, 10]}, "vessels": {"fleet_vessels": 2, "chartered_vessels": 0}, "objective": {"objective_bound": 3853.1794, "fuel_costs": 3853.1804, "charter_costs": 0.0, "penalty_costs": 0.0006, "optimality_gap": 8.528561454613573e-08}, "variables": {"number_of_variables": 126004, "number_of_bin_variables": 125908, "number_of_arcs": 125860, "number_of_cont_variables": 96}, "runtime": {"preprocess_runtime": 9.6573, "model_runtime": 261.3106}}