{"instance_info": {"installation_ordering": "Random", "number_of_installations": 5, "weather_scenario": 0, "fleet_size": 5, "order_composition": {"1": {"order": "MD_VFB", "size": 15.0, "installation": 18, "node": 1}, "2": {"order": "OD_VFB", "size": 18.75, "installation": 18, "node": 2}, "3": {"order": "MD_VMO", "size": 11.25, "installation": 16, "node": 3}, "4": {"order": "OP_VMO", "size": 18.75, "installation": 16, "node": 4}, "5": {"order": "MD_TRO", "size": 22.5, "installation": 1, "node": 5}, "6": {"order": "OD_TRO", "size": 18.75, "installation": 1, "node": 6}, "7": {"order": "MD_HUL", "size": 10.0, "installation": 20, "node": 7}, "8": {"order": "OP_HUL", "size": 15.0, "installation": 20, "node": 8}, "9": {"order": "MD_SOD", "size": 15.0, "installation": 27, "node": 9}, "10": {"order": "OD_SOD", "size": 11.25, "installation": 27, "node": 10}}}, "voyages": {"0": {"0": [11, [63, 63, 63], 0, [0, 0], [0, 0]]}, "1": {"0": [11, [63, 63, 63], 0, [0, 0], [0, 0]]}, "2": {"0": [1, [63, 88, 94], 10.0, [96.25, 0], [669.3383333333335, 0.0]], "1": [2, [94, 94, 102], 0, [81.2495786528248, 0], [93.84, 0.0]], "2": [7, [102, 104, 108], 11.0, [62.499578652824795, 0], [110.69708333333332, 0.0]], "3": [4, [119, 119, 120], 0, [41.24974133277581, 14.999838857560473], [11.73, 0.0]], "4": [5, [120, 138, 147], 10.0, [41.249819689451016, 33.749760500885266], [536.8200000000002, 0.0]], "5": [6, [147, 147, 155], 0, [18.749921769051568, 33.749580190336275], [93.84, 0.0]], "6": [11, [155, 172, 172], 10.0, [0, 33.74950195938783], [407.2916666666668, 0.0]], "7": [8, [108, 108, 109], 0, [52.499667404821544, 0], [11.73, 0.0]], "8": [3, [109, 114, 119], 10.0, [52.499561060968446, 14.99992205516748], [178.44166666666672, 0.0]]}, "3": {"0": [9, [63, 78, 84], 10.0, [26.25, 0], [429.7550000000001, 0.0]], "9": [10, [84, 84, 89], 0, [11.25, 0], [58.650000000000006, 0.0]], "10": [11, [89, 104, 104], 10.0, [0, 0], [359.3750000000001, 0.0]]}, "4": {"0": [11, [63, 63, 63], 0, [0, 0], [0, 0]]}, "5": {"0": [11, [63, 63, 63], 0, [0, 0], [0, 0]]}}, "order_fulfillment": {"postponed_orders": [], "serviced_orders": [1, 2, 3, 4, 5, 6, 7, 8, 9, 10]}, "vessels": {"fleet_vessels": 2, "chartered_vessels": 0}, "objective": {"objective_bound": 2961.5077, "fuel_costs": 2961.5088, "charter_costs": 0.0, "penalty_costs": 0.0011, "optimality_gap": 0.0}, "variables": {"number_of_variables": 167082, "number_of_bin_variables": 166938, "number_of_arcs": 166866, "number_of_cont_variables": 144}, "runtime": {"preprocess_runtime": 15.1608, "model_runtime": 1024.8978}}