{"instance_info": {"installation_ordering": "Random", "number_of_installations": 5, "weather_scenario": 0, "fleet_size": 4, "order_composition": {"1": {"order": "MD_STB", "size": 17.5, "installation": 22, "node": 1}, "2": {"order": "OD_STB", "size": 21.875, "installation": 22, "node": 2}, "3": {"order": "MD_GFC", "size": 13.125, "installation": 26, "node": 3}, "4": {"order": "OP_GFC", "size": 17.5, "installation": 26, "node": 4}, "5": {"order": "MD_SSC", "size": 7.5, "installation": 12, "node": 5}, "6": {"order": "OD_SSC", "size": 7.5, "installation": 12, "node": 6}, "7": {"order": "MD_OSC", "size": 15.0, "installation": 10, "node": 7}, "8": {"order": "OP_OSC", "size": 11.25, "installation": 10, "node": 8}, "9": {"order": "MD_STC", "size": 26.25, "installation": 23, "node": 9}, "10": {"order": "OD_STC", "size": 17.5, "installation": 23, "node": 10}}}, "voyages": {"0": {"0": [11, [63, 63, 63], 0, [0, 0], [0, 0]]}, "1": {"0": [9, [63, 101, 112], 10.0, [96.25, 0], [1039.446666666667, 0.0]], "1": [2, [127, 127, 136], 0, [34.999926304193266, 0], [105.57000000000001, 0.0]], "2": [3, [136, 141, 147], 10.0, [13.124934504471764, 0], [190.1716666666667, 0.0]], "3": [4, [147, 147, 148], 0, [0, 0], [11.73, 0.0]], "4": [11, [148, 182, 182], 10.0, [0, 17.4999349509078], [814.5833333333336, 0.0]], "9": [10, [112, 112, 119], 0, [69.99986079233335, 0], [82.11000000000001, 0.0]], "10": [1, [119, 120, 127], 12.0, [52.49986076628961, 0], [123.51000000000002, 0.0]]}, "2": {"0": [5, [63, 88, 91], 10.0, [30.0, 0], [634.1483333333335, 0.0]], "5": [6, [91, 91, 94], 0, [22.5, 0], [35.190000000000005, 0.0]], "6": [7, [94, 96, 102], 11.0, [15.0, 0], [134.15708333333333, 0.0]], "7": [8, [102, 102, 103], 0, [0, 0], [11.73, 0.0]], "8": [11, [103, 131, 131], 10.0, [0, 11.25], [670.8333333333336, 0.0]]}, "3": {"0": [11, [63, 63, 63], 0, [0, 0], [0, 0]]}, "4": {"0": [11, [63, 63, 63], 0, [0, 0], [0, 0]]}}, "order_fulfillment": {"postponed_orders": [], "serviced_orders": [1, 2, 3, 4, 5, 6, 7, 8, 9, 10]}, "vessels": {"fleet_vessels": 2, "chartered_vessels": 0}, "objective": {"objective_bound": 3853.1789, "fuel_costs": 3853.1804, "charter_costs": 0.0, "penalty_costs": 0.0015, "optimality_gap": 0.0}, "variables": {"number_of_variables": 157100, "number_of_bin_variables": 156980, "number_of_arcs": 156920, "number_of_cont_variables": 120}, "runtime": {"preprocess_runtime": 11.8684, "model_runtime": 671.7377}}