{"instance_info": {"installation_ordering": "Random", "number_of_installations": 0, "weather_scenario": 0, "fleet_size": 2, "order_composition": {"1": {"order": "MD_WEL", "size": 15.0, "installation": 17, "node": 1}, "2": {"order": "OD_WEL", "size": 15.0, "installation": 17, "node": 2}, "3": {"order": "MD_SEQ", "size": 20.0, "installation": 7, "node": 3}, "4": {"order": "OP_SEQ", "size": 30.0, "installation": 7, "node": 4}, "5": {"order": "MD_OSB", "size": 22.5, "installation": 9, "node": 5}, "6": {"order": "OD_OSB", "size": 15.0, "installation": 9, "node": 6}, "7": {"order": "MD_STB", "size": 13.125, "installation": 22, "node": 7}, "8": {"order": "OP_STB", "size": 17.5, "installation": 22, "node": 8}, "9": {"order": "MD_TRO", "size": 15.0, "installation": 1, "node": 9}, "10": {"order": "OD_TRO", "size": 11.25, "installation": 1, "node": 10}}}, "voyages": {"0": {"0": [5, [63, 91, 100], 10.0, [63.75, 0], [776.4033333333336, 0.0]], "5": [6, [100, 100, 106], 0, [41.24999999999994, 0], [70.38000000000001, 0.0]], "6": [9, [106, 117, 129], 10.0, [26.249999999999993, 0], [383.60166666666674, 0.0]], "9": [10, [129, 129, 134], 0, [11.25, 0], [58.650000000000006, 0.0]], "10": [11, [134, 151, 151], 10.0, [0, 0], [407.2916666666668, 0.0]]}, "1": {"0": [1, [63, 95, 101], 10.0, [63.125, 0], [837.0466666666669, 0.0]], "1": [2, [101, 101, 107], 0, [48.12499999999962, 0], [70.38000000000001, 0.0]], "2": [7, [107, 114, 120], 10.0, [33.12499999999969, 0], [238.08833333333342, 0.0]], "3": [4, [151, 151, 152], 0, [0, 17.499999999999886], [11.73, 0.0]], "4": [11, [152, 168, 168], 10.0, [0, 47.499999999999744], [383.3333333333334, 0.0]], "7": [8, [120, 120, 121], 0, [19.999999999999858, 0], [11.73, 0.0]], "8": [3, [121, 143, 151], 10.0, [19.9999999999999, 17.5], [620.9233333333335, 0.0]]}, "2": {"0": [11, [63, 63, 63], 0, [0, 0], [0, 0]]}}, "order_fulfillment": {"postponed_orders": [], "serviced_orders": [1, 2, 3, 4, 5, 6, 7, 8, 9, 10]}, "vessels": {"fleet_vessels": 2, "chartered_vessels": 0}, "objective": {"objective_bound": 3869.5583, "fuel_costs": 3869.5583, "charter_costs": 0.0, "penalty_costs": 0.0, "optimality_gap": 0.0}, "variables": {"number_of_variables": 91950, "number_of_bin_variables": 91878, "number_of_arcs": 91842, "number_of_cont_variables": 72}, "runtime": {"preprocess_runtime": 7.9026, "model_runtime": 113.8922}}