{"instance_info": {"installation_ordering": "Random", "number_of_installations": 6, "weather_scenario": 0, "fleet_size": 5, "order_composition": {"1": {"order": "MD_STB", "size": 21.875, "installation": 22, "node": 1}, "2": {"order": "OD_STB", "size": 17.5, "installation": 22, "node": 2}, "3": {"order": "MD_GFC", "size": 17.5, "installation": 26, "node": 3}, "4": {"order": "OP_GFC", "size": 17.5, "installation": 26, "node": 4}, "5": {"order": "MD_SSC", "size": 7.5, "installation": 12, "node": 5}, "6": {"order": "OD_SSC", "size": 11.25, "installation": 12, "node": 6}, "7": {"order": "MD_OSC", "size": 15.0, "installation": 10, "node": 7}, "8": {"order": "OP_OSC", "size": 18.75, "installation": 10, "node": 8}, "9": {"order": "MD_STC", "size": 26.25, "installation": 23, "node": 9}, "10": {"order": "OD_STC", "size": 17.5, "installation": 23, "node": 10}, "11": {"order": "MD_SDO", "size": 15.0, "installation": 6, "node": 11}, "12": {"order": "OP_SDO", "size": 30.0, "installation": 6, "node": 12}}}, "voyages": {"0": {"0": [9, [63, 101, 112], 10.0, [100.625, 0], [1039.446666666667, 0.0]], "1": [2, [129, 129, 136], 0, [34.99978831381806, 0], [82.11000000000001, 0.0]], "2": [3, [136, 141, 148], 10.0, [17.499894098654817, 0], [201.9016666666667, 0.0]], "3": [4, [148, 148, 149], 0, [0, 0], [11.73, 0.0]], "4": [13, [149, 183, 183], 10.0, [0, 17.499894359920816], [814.5833333333336, 0.0]], "9": [10, [112, 112, 119], 0, [74.37468242210379, 0], [82.11000000000001, 0.0]], "10": [1, [119, 120, 129], 12.0, [56.87468245398884, 0], [146.97000000000003, 0.0]]}, "1": {"0": [5, [63, 88, 91], 10.0, [48.75, 0], [634.1483333333335, 0.0]], "5": [6, [91, 91, 96], 0, [41.24996026887969, 0], [58.650000000000006, 0.0]], "6": [7, [96, 98, 104], 11.0, [29.999973395359024, 0], [134.15708333333333, 0.0]], "7": [8, [104, 104, 105], 0, [14.99997348571409, 0], [11.73, 0.0]], "8": [11, [105, 116, 122], 10.0, [14.999986654107044, 18.749986831607046], [333.92166666666674, 0.0]], "11": [12, [122, 122, 123], 0, [0, 18.749973488214096], [11.73, 0.0]], "12": [13, [123, 140, 140], 10.0, [0, 48.74996027607115], [407.2916666666668, 0.0]]}, "2": {"0": [13, [63, 63, 63], 0, [0, 0], [0, 0]]}, "3": {"0": [13, [63, 63, 63], 0, [0, 0], [0, 0]]}, "4": {"0": [13, [63, 63, 63], 0, [0, 0], [0, 0]]}, "5": {"0": [13, [63, 63, 63], 0, [0, 0], [0, 0]]}}, "order_fulfillment": {"postponed_orders": [], "serviced_orders": [1, 2, 3, 4, 5, 6, 7, 8, 9, 10, 11, 12]}, "vessels": {"fleet_vessels": 2, "chartered_vessels": 0}, "objective": {"objective_bound": 3970.4779, "fuel_costs": 3970.4804, "charter_costs": 0.0, "penalty_costs": 0.0025, "optimality_gap": 0.0}, "variables": {"number_of_variables": 296742, "number_of_bin_variables": 296574, "number_of_arcs": 296490, "number_of_cont_variables": 168}, "runtime": {"preprocess_runtime": 21.9175, "model_runtime": 2505.726}}