{"instance_info": {"installation_ordering": "Random", "number_of_installations": 6, "weather_scenario": 0, "fleet_size": 4, "order_composition": {"1": {"order": "MD_STC", "size": 17.5, "installation": 23, "node": 1}, "2": {"order": "OD_STC", "size": 13.125, "installation": 23, "node": 2}, "3": {"order": "MD_TRB", "size": 20.0, "installation": 2, "node": 3}, "4": {"order": "OP_TRB", "size": 10.0, "installation": 2, "node": 4}, "5": {"order": "MD_SSC", "size": 5.625, "installation": 12, "node": 5}, "6": {"order": "OD_SSC", "size": 7.5, "installation": 12, "node": 6}, "7": {"order": "MD_GFC", "size": 21.875, "installation": 26, "node": 7}, "8": {"order": "OP_GFC", "size": 17.5, "installation": 26, "node": 8}, "9": {"order": "MD_SDO", "size": 20.0, "installation": 6, "node": 9}, "10": {"order": "OD_SDO", "size": 15.0, "installation": 6, "node": 10}, "11": {"order": "MD_WEL", "size": 11.25, "installation": 17, "node": 11}, "12": {"order": "OP_WEL", "size": 15.0, "installation": 17, "node": 12}}}, "voyages": {"0": {"0": [9, [63, 80, 88], 10.0, [35.0, 0], [501.1316666666668, 0.0]], "9": [10, [88, 88, 94], 0, [15.0, 0], [70.38000000000001, 0.0]], "10": [13, [94, 111, 111], 10.0, [0, 0], [407.2916666666668, 0.0]]}, "1": {"0": [13, [63, 63, 63], 0, [0, 0], [0, 0]]}, "2": {"0": [1, [63, 101, 108], 10.0, [96.875, 0], [992.526666666667, 0.0]], "1": [2, [108, 108, 114], 0, [79.37455436982917, 0], [70.38000000000001, 0.0]], "2": [7, [114, 118, 127], 10.0, [66.24959188354254, 0], [201.40333333333336, 0.0]], "3": [4, [167, 167, 168], 0, [0, 32.499758367754566], [11.73, 0.0]], "4": [13, [168, 186, 186], 10.0, [0, 42.499721013666345], [431.25000000000017, 0.0]], "5": [6, [150, 150, 153], 0, [27.499924946335394, 32.49979592910601], [35.190000000000005, 0.0]], "6": [3, [153, 159, 167], 10.0, [19.999962438618876, 32.49975843682254], [237.59000000000006, 0.0]], "7": [8, [127, 127, 128], 0, [44.37472106286168, 0], [11.73, 0.0]], "8": [11, [128, 131, 136], 10.0, [44.374758368141556, 17.49996265903073], [130.52500000000003, 0.0]], "11": [12, [136, 136, 137], 0, [33.12488752314955, 17.499796149934525], [11.73, 0.0]], "12": [5, [137, 147, 150], 10.0, [33.12488738506296, 32.4997587958463], [274.7733333333334, 0.0]]}, "3": {"0": [13, [63, 63, 63], 0, [0, 0], [0, 0]]}, "4": {"0": [13, [63, 63, 63], 0, [0, 0], [0, 0]]}}, "order_fulfillment": {"postponed_orders": [], "serviced_orders": [1, 2, 3, 4, 5, 6, 7, 8, 9, 10, 11, 12]}, "vessels": {"fleet_vessels": 2, "chartered_vessels": 0}, "objective": {"objective_bound": 3387.6308, "fuel_costs": 3387.6317, "charter_costs": 0.0, "penalty_costs": 0.0009, "optimality_gap": 0.0}, "variables": {"number_of_variables": 206825, "number_of_bin_variables": 206685, "number_of_arcs": 206615, "number_of_cont_variables": 140}, "runtime": {"preprocess_runtime": 17.8079, "model_runtime": 3148.2029}}