{"instance_info": {"installation_ordering": "Random", "number_of_installations": 6, "weather_scenario": 0, "fleet_size": 3, "order_composition": {"1": {"order": "MD_WEL", "size": 15.0, "installation": 17, "node": 1}, "2": {"order": "OD_WEL", "size": 18.75, "installation": 17, "node": 2}, "3": {"order": "MD_SEQ", "size": 20.0, "installation": 7, "node": 3}, "4": {"order": "OP_SEQ", "size": 10.0, "installation": 7, "node": 4}, "5": {"order": "MD_OSB", "size": 15.0, "installation": 9, "node": 5}, "6": {"order": "OD_OSB", "size": 18.75, "installation": 9, "node": 6}, "7": {"order": "MD_STB", "size": 13.125, "installation": 22, "node": 7}, "8": {"order": "OP_STB", "size": 8.75, "installation": 22, "node": 8}, "9": {"order": "MD_TRO", "size": 11.25, "installation": 1, "node": 9}, "10": {"order": "OD_TRO", "size": 15.0, "installation": 1, "node": 10}, "11": {"order": "MD_SEN", "size": 20.0, "installation": 5, "node": 11}, "12": {"order": "OP_SEN", "size": 30.0, "installation": 5, "node": 12}}}, "voyages": {"0": {"0": [3, [63, 79, 87], 10.0, [80.0, 0], [477.1733333333334, 0.0]], "3": [4, [87, 87, 88], 0, [59.99987132090648, 0], [11.73, 0.0]], "4": [5, [88, 102, 108], 10.0, [59.99992875467217, 9.99994256623431], [405.7966666666668, 0.0]], "5": [6, [108, 108, 116], 0, [44.999986031340846, 9.999885047899967], [93.84, 0.0]], "6": [9, [116, 127, 132], 10.0, [26.249942518496532, 9.999884806187568], [322.1916666666667, 0.0]], "9": [10, [132, 132, 138], 0, [14.999942453932988, 9.99982732468411], [70.38000000000001, 0.0]], "10": [13, [138, 155, 155], 10.0, [0, 9.999769778617098], [407.2916666666668, 0.0]]}, "1": {"0": [13, [63, 63, 63], 0, [0, 0], [0, 0]]}, "2": {"0": [1, [63, 95, 101], 10.0, [66.875, 0], [837.0466666666669, 0.0]], "1": [2, [101, 101, 109], 0, [51.87499999999979, 0], [93.84, 0.0]], "2": [7, [109, 116, 122], 10.0, [33.12499999999979, 0], [238.08833333333342, 0.0]], "7": [8, [122, 122, 123], 0, [19.99999999999979, 0], [11.73, 0.0]], "8": [11, [123, 144, 152], 10.0, [19.99999999999979, 8.75], [596.9650000000001, 0.0]], "11": [12, [152, 152, 153], 0, [0, 8.749999999999998], [11.73, 0.0]], "12": [13, [153, 170, 170], 10.0, [0, 38.75], [407.2916666666668, 0.0]]}, "3": {"0": [13, [63, 63, 63], 0, [0, 0], [0, 0]]}}, "order_fulfillment": {"postponed_orders": [], "serviced_orders": [1, 2, 3, 4, 5, 6, 7, 8, 9, 10, 11, 12]}, "vessels": {"fleet_vessels": 2, "chartered_vessels": 0}, "objective": {"objective_bound": 3985.0945, "fuel_costs": 3985.095, "charter_costs": 0.0, "penalty_costs": 0.0005, "optimality_gap": 0.0}, "variables": {"number_of_variables": 182428, "number_of_bin_variables": 182316, "number_of_arcs": 182260, "number_of_cont_variables": 112}, "runtime": {"preprocess_runtime": 15.2015, "model_runtime": 766.4332}}