{"instance_info": {"installation_ordering": "Random", "number_of_installations": 6, "weather_scenario": 0, "fleet_size": 4, "order_composition": {"1": {"order": "MD_STB", "size": 17.5, "installation": 22, "node": 1}, "2": {"order": "OD_STB", "size": 13.125, "installation": 22, "node": 2}, "3": {"order": "MD_GFC", "size": 21.875, "installation": 26, "node": 3}, "4": {"order": "OP_GFC", "size": 17.5, "installation": 26, "node": 4}, "5": {"order": "MD_SSC", "size": 5.625, "installation": 12, "node": 5}, "6": {"order": "OD_SSC", "size": 9.375, "installation": 12, "node": 6}, "7": {"order": "MD_OSC", "size": 15.0, "installation": 10, "node": 7}, "8": {"order": "OP_OSC", "size": 15.0, "installation": 10, "node": 8}, "9": {"order": "MD_STC", "size": 17.5, "installation": 23, "node": 9}, "10": {"order": "OD_STC", "size": 8.75, "installation": 23, "node": 10}, "11": {"order": "MD_SDO", "size": 15.0, "installation": 6, "node": 11}, "12": {"order": "OP_SDO", "size": 30.0, "installation": 6, "node": 12}}}, "voyages": {"0": {"0": [1, [63, 102, 109], 10.0, [108.75, 0], [1016.4850000000004, 0.0]], "1": [2, [109, 109, 115], 0, [91.24999999998991, 0], [70.38000000000001, 0.0]], "2": [9, [115, 116, 123], 12.0, [78.12499999998991, 0], [123.51000000000002, 0.0]], "3": [4, [140, 140, 141], 0, [29.999999999989907, 0], [11.73, 0.0]], "4": [7, [141, 156, 162], 10.0, [29.999999999989907, 17.5], [429.7550000000001, 0.0]], "5": [6, [168, 168, 172], 0, [9.375, 32.49999999999983], [46.92, 0.0]], "6": [13, [172, 197, 197], 10.0, [0, 32.49999999999959], [598.9583333333335, 0.0]], "7": [8, [162, 162, 163], 0, [14.999999999989907, 17.49999999999983], [11.73, 0.0]], "8": [5, [163, 165, 168], 11.0, [15.0, 32.49999999999983], [98.96708333333333, 0.0]], "9": [10, [123, 123, 127], 0, [60.62499999998991, 0], [46.92, 0.0]], "10": [3, [127, 131, 140], 10.0, [51.87499999998991, 0], [201.40333333333336, 0.0]]}, "1": {"0": [11, [63, 80, 86], 10.0, [15.0, 0], [477.6716666666668, 0.0]], "11": [12, [86, 86, 87], 0, [0, 0], [11.73, 0.0]], "12": [13, [87, 104, 104], 10.0, [0, 30.000000000000007], [407.2916666666668, 0.0]]}, "2": {"0": [13, [63, 63, 63], 0, [0, 0], [0, 0]]}, "3": {"0": [13, [63, 63, 63], 0, [0, 0], [0, 0]]}, "4": {"0": [13, [63, 63, 63], 0, [0, 0], [0, 0]]}}, "order_fulfillment": {"postponed_orders": [], "serviced_orders": [1, 2, 3, 4, 5, 6, 7, 8, 9, 10, 11, 12]}, "vessels": {"fleet_vessels": 2, "chartered_vessels": 0}, "objective": {"objective_bound": 3553.4521, "fuel_costs": 3553.4521, "charter_costs": 0.0, "penalty_costs": 0.0, "optimality_gap": 0.0}, "variables": {"number_of_variables": 248110, "number_of_bin_variables": 247970, "number_of_arcs": 247900, "number_of_cont_variables": 140}, "runtime": {"preprocess_runtime": 18.0349, "model_runtime": 2175.5775}}