{"instance_info": {"installation_ordering": "Random", "number_of_installations": 6, "weather_scenario": 0, "fleet_size": 4, "order_composition": {"1": {"order": "MD_VFB", "size": 18.75, "installation": 18, "node": 1}, "2": {"order": "OD_VFB", "size": 15.0, "installation": 18, "node": 2}, "3": {"order": "MD_VMO", "size": 22.5, "installation": 16, "node": 3}, "4": {"order": "OP_VMO", "size": 15.0, "installation": 16, "node": 4}, "5": {"order": "MD_TRO", "size": 15.0, "installation": 1, "node": 5}, "6": {"order": "OD_TRO", "size": 22.5, "installation": 1, "node": 6}, "7": {"order": "MD_HUL", "size": 10.0, "installation": 20, "node": 7}, "8": {"order": "OP_HUL", "size": 10.0, "installation": 20, "node": 8}, "9": {"order": "MD_SOD", "size": 15.0, "installation": 27, "node": 9}, "10": {"order": "OD_SOD", "size": 15.0, "installation": 27, "node": 10}, "11": {"order": "MD_SEQ", "size": 20.0, "installation": 7, "node": 11}, "12": {"order": "OP_SEQ", "size": 20.0, "installation": 7, "node": 12}}}, "voyages": {"0": {"0": [1, [63, 88, 96], 10.0, [103.75, 0], [692.7983333333335, 0.0]], "1": [2, [96, 96, 102], 0, [84.99967212844979, 0], [70.38000000000001, 0.0]], "2": [3, [102, 110, 119], 10.0, [69.99975402479463, 0], [297.23666666666674, 0.0]], "3": [4, [119, 119, 120], 0, [47.49975414706252, 0], [11.73, 0.0]], "4": [7, [120, 125, 129], 10.0, [47.49983598951931, 14.999918157543204], [166.7116666666667, 0.0]], "5": [6, [149, 149, 158], 0, [22.499918120790937, 24.999835991492972], [105.57000000000001, 0.0]], "6": [13, [158, 175, 175], 10.0, [0, 24.999754112283938], [407.2916666666668, 0.0]], "7": [8, [129, 129, 130], 0, [37.49983637826518, 14.999836192864189], [11.73, 0.0]], "8": [5, [130, 143, 149], 10.0, [37.49983615611195, 24.999754594851844], [381.8383333333334, 0.0]]}, "1": {"0": [9, [63, 78, 84], 10.0, [50.0, 0], [429.7550000000001, 0.0]], "9": [10, [84, 84, 90], 0, [34.9999999999994, 0], [70.38000000000001, 0.0]], "10": [11, [90, 91, 99], 10.0, [20.0, 0], [117.79833333333335, 0.0]], "11": [12, [99, 99, 100], 0, [0, 0], [11.73, 0.0]], "12": [13, [100, 116, 116], 10.0, [0, 20.0], [383.3333333333334, 0.0]]}, "2": {"0": [13, [63, 63, 63], 0, [0, 0], [0, 0]]}, "3": {"0": [13, [63, 63, 63], 0, [0, 0], [0, 0]]}, "4": {"0": [13, [63, 63, 63], 0, [0, 0], [0, 0]]}}, "order_fulfillment": {"postponed_orders": [], "serviced_orders": [1, 2, 3, 4, 5, 6, 7, 8, 9, 10, 11, 12]}, "vessels": {"fleet_vessels": 2, "chartered_vessels": 0}, "objective": {"objective_bound": 3158.2817, "fuel_costs": 3158.2833, "charter_costs": 0.0, "penalty_costs": 0.0016, "optimality_gap": 0.0}, "variables": {"number_of_variables": 207515, "number_of_bin_variables": 207375, "number_of_arcs": 207305, "number_of_cont_variables": 140}, "runtime": {"preprocess_runtime": 17.7078, "model_runtime": 1115.2252}}