{"instance_info": {"installation_ordering": "Random", "number_of_installations": 6, "weather_scenario": 0, "fleet_size": 5, "order_composition": {"1": {"order": "MD_WEL", "size": 15.0, "installation": 17, "node": 1}, "2": {"order": "OD_WEL", "size": 7.5, "installation": 17, "node": 2}, "3": {"order": "MD_SEQ", "size": 20.0, "installation": 7, "node": 3}, "4": {"order": "OP_SEQ", "size": 20.0, "installation": 7, "node": 4}, "5": {"order": "MD_OSB", "size": 15.0, "installation": 9, "node": 5}, "6": {"order": "OD_OSB", "size": 15.0, "installation": 9, "node": 6}, "7": {"order": "MD_STB", "size": 13.125, "installation": 22, "node": 7}, "8": {"order": "OP_STB", "size": 21.875, "installation": 22, "node": 8}, "9": {"order": "MD_TRO", "size": 15.0, "installation": 1, "node": 9}, "10": {"order": "OD_TRO", "size": 7.5, "installation": 1, "node": 10}, "11": {"order": "MD_SEN", "size": 10.0, "installation": 5, "node": 11}, "12": {"order": "OP_SEN", "size": 30.0, "installation": 5, "node": 12}}}, "voyages": {"0": {"0": [13, [63, 63, 63], 0, [0, 0], [0, 0]]}, "1": {"0": [1, [63, 95, 101], 10.0, [88.125, 0], [837.0466666666669, 0.0]], "1": [2, [101, 101, 104], 0, [73.12492955073239, 0], [35.190000000000005, 0.0]], "2": [7, [104, 111, 117], 10.0, [65.62495122058934, 0], [238.08833333333342, 0.0]], "5": [6, [144, 144, 150], 0, [37.4999734196999, 21.874977950666622], [70.38000000000001, 0.0]], "6": [9, [150, 161, 167], 10.0, [22.499977967015838, 21.87495609198812], [333.92166666666674, 0.0]], "7": [8, [117, 117, 118], 0, [52.49995170837833, 0], [11.73, 0.0]], "8": [5, [118, 138, 144], 10.0, [52.499951372199874, 21.87497847749998], [549.5466666666669, 0.0]], "9": [10, [167, 167, 170], 0, [7.499978317015831, 21.874934059003966], [35.190000000000005, 0.0]], "10": [13, [170, 187, 187], 10.0, [0, 21.874912376019797], [407.2916666666668, 0.0]]}, "2": {"0": [3, [63, 79, 87], 10.0, [30.0, 0], [477.1733333333334, 0.0]], "3": [4, [87, 87, 88], 0, [10.0, 0], [11.73, 0.0]], "4": [11, [88, 89, 93], 10.0, [10.0, 20.0], [70.87833333333334, 0.0]], "11": [12, [93, 93, 94], 0, [0, 20.000000000000004], [11.73, 0.0]], "12": [13, [94, 111, 111], 10.0, [0, 49.999999999999865], [407.2916666666668, 0.0]]}, "3": {"0": [13, [63, 63, 63], 0, [0, 0], [0, 0]]}, "4": {"0": [13, [63, 63, 63], 0, [0, 0], [0, 0]]}, "5": {"0": [13, [63, 63, 63], 0, [0, 0], [0, 0]]}}, "order_fulfillment": {"postponed_orders": [], "serviced_orders": [1, 2, 3, 4, 5, 6, 7, 8, 9, 10, 11, 12]}, "vessels": {"fleet_vessels": 2, "chartered_vessels": 0}, "objective": {"objective_bound": 2644.61, "fuel_costs": 3497.1883, "charter_costs": 0.0, "penalty_costs": 0.0005, "optimality_gap": 0.20213745356412077}, "variables": {"number_of_variables": 274068, "number_of_bin_variables": 273900, "number_of_arcs": 273816, "number_of_cont_variables": 168}, "runtime": {"preprocess_runtime": 22.9892, "model_runtime": 3600.1611}}