{"instance_info": {"installation_ordering": "Random", "number_of_installations": 6, "weather_scenario": 0, "fleet_size": 5, "order_composition": {"1": {"order": "MD_VFB", "size": 11.25, "installation": 18, "node": 1}, "2": {"order": "OD_VFB", "size": 22.5, "installation": 18, "node": 2}, "3": {"order": "MD_VMO", "size": 15.0, "installation": 16, "node": 3}, "4": {"order": "OP_VMO", "size": 15.0, "installation": 16, "node": 4}, "5": {"order": "MD_TRO", "size": 18.75, "installation": 1, "node": 5}, "6": {"order": "OD_TRO", "size": 15.0, "installation": 1, "node": 6}, "7": {"order": "MD_HUL", "size": 15.0, "installation": 20, "node": 7}, "8": {"order": "OP_HUL", "size": 7.5, "installation": 20, "node": 8}, "9": {"order": "MD_SOD", "size": 11.25, "installation": 27, "node": 9}, "10": {"order": "OD_SOD", "size": 11.25, "installation": 27, "node": 10}, "11": {"order": "MD_SEQ", "size": 20.0, "installation": 7, "node": 11}, "12": {"order": "OP_SEQ", "size": 20.0, "installation": 7, "node": 12}}}, "voyages": {"0": {"0": [1, [63, 88, 93], 10.0, [97.5, 0], [657.6083333333335, 0.0]], "1": [2, [93, 93, 102], 0, [86.2498076036203, 0], [105.57000000000001, 0.0]], "2": [7, [102, 104, 110], 11.0, [63.749855676997846, 0], [134.15708333333333, 0.0]], "3": [4, [122, 122, 123], 0, [33.749904203950116, 7.499951879715105], [11.73, 0.0]], "4": [5, [123, 141, 149], 10.0, [33.7499518822524, 22.49990420141285], [525.0900000000001, 0.0]], "5": [6, [149, 149, 155], 0, [14.999952012309905, 22.499856085665247], [70.38000000000001, 0.0]], "6": [13, [155, 172, 172], 10.0, [0, 22.49980809797515], [407.2916666666668, 0.0]], "7": [8, [110, 110, 111], 0, [48.74985582479373, 0], [11.73, 0.0]], "8": [3, [111, 116, 122], 10.0, [48.74985608366521, 7.499952063048443], [190.1716666666667, 0.0]]}, "1": {"0": [9, [63, 78, 83], 10.0, [42.5, 0], [418.0250000000001, 0.0]], "9": [10, [83, 83, 88], 0, [31.249999999996856, 0], [58.650000000000006, 0.0]], "10": [11, [88, 89, 97], 10.0, [20.000000000000007, 0], [117.79833333333335, 0.0]], "11": [12, [97, 97, 98], 0, [0, 0], [11.73, 0.0]], "12": [13, [98, 114, 114], 10.0, [0, 20.0], [383.3333333333334, 0.0]]}, "2": {"0": [13, [63, 63, 63], 0, [0, 0], [0, 0]]}, "3": {"0": [13, [63, 63, 63], 0, [0, 0], [0, 0]]}, "4": {"0": [13, [63, 63, 63], 0, [0, 0], [0, 0]]}, "5": {"0": [13, [63, 63, 63], 0, [0, 0], [0, 0]]}}, "order_fulfillment": {"postponed_orders": [], "serviced_orders": [1, 2, 3, 4, 5, 6, 7, 8, 9, 10, 11, 12]}, "vessels": {"fleet_vessels": 2, "chartered_vessels": 0}, "objective": {"objective_bound": 3103.2645, "fuel_costs": 3103.2654, "charter_costs": 0.0, "penalty_costs": 0.0009, "optimality_gap": 0.0}, "variables": {"number_of_variables": 249126, "number_of_bin_variables": 248958, "number_of_arcs": 248874, "number_of_cont_variables": 168}, "runtime": {"preprocess_runtime": 21.7441, "model_runtime": 2365.535}}