{"instance_info": {"installation_ordering": "Random", "number_of_installations": 6, "weather_scenario": 0, "fleet_size": 3, "order_composition": {"1": {"order": "MD_VFB", "size": 7.5, "installation": 18, "node": 1}, "2": {"order": "OD_VFB", "size": 15.0, "installation": 18, "node": 2}, "3": {"order": "MD_VMO", "size": 7.5, "installation": 16, "node": 3}, "4": {"order": "OP_VMO", "size": 11.25, "installation": 16, "node": 4}, "5": {"order": "MD_TRO", "size": 7.5, "installation": 1, "node": 5}, "6": {"order": "OD_TRO", "size": 15.0, "installation": 1, "node": 6}, "7": {"order": "MD_HUL", "size": 12.5, "installation": 20, "node": 7}, "8": {"order": "OP_HUL", "size": 12.5, "installation": 20, "node": 8}, "9": {"order": "MD_SOD", "size": 11.25, "installation": 27, "node": 9}, "10": {"order": "OD_SOD", "size": 7.5, "installation": 27, "node": 10}, "11": {"order": "MD_SEQ", "size": 20.0, "installation": 7, "node": 11}, "12": {"order": "OP_SEQ", "size": 30.0, "installation": 7, "node": 12}}}, "voyages": {"0": {"0": [13, [63, 63, 63], 0, [0, 0], [0, 0]]}, "1": {"0": [9, [63, 78, 83], 10.0, [103.75, 0], [418.0250000000001, 0.0]], "1": [2, [100, 100, 106], 0, [77.5, 0], [70.38000000000001, 0.0]], "2": [7, [106, 108, 113], 11.0, [62.5, 0], [122.42708333333334, 0.0]], "3": [4, [122, 122, 123], 0, [42.5, 12.5], [11.73, 0.0]], "4": [5, [123, 141, 144], 10.0, [42.5, 23.75], [466.44000000000017, 0.0]], "5": [6, [144, 144, 150], 0, [35.0, 23.75], [70.38000000000001, 0.0]], "6": [11, [150, 156, 164], 10.0, [20.0, 23.75], [237.59000000000006, 0.0]], "7": [8, [113, 113, 114], 0, [50.0, 0], [11.73, 0.0]], "8": [3, [114, 119, 122], 10.0, [50.0, 12.5], [154.9816666666667, 0.0]], "9": [10, [83, 83, 86], 0, [92.5, 0], [35.190000000000005, 0.0]], "10": [1, [86, 97, 100], 10.0, [85.0, 0], [298.73166666666674, 0.0]], "11": [12, [164, 164, 165], 0, [0, 23.75], [11.73, 0.0]], "12": [13, [165, 181, 181], 10.0, [0, 53.75], [383.3333333333334, 0.0]]}, "2": {"0": [13, [63, 63, 63], 0, [0, 0], [0, 0]]}, "3": {"0": [13, [63, 63, 63], 0, [0, 0], [0, 0]]}}, "order_fulfillment": {"postponed_orders": [], "serviced_orders": [1, 2, 3, 4, 5, 6, 7, 8, 9, 10, 11, 12]}, "vessels": {"fleet_vessels": 1, "chartered_vessels": 0}, "objective": {"objective_bound": 2292.6662, "fuel_costs": 2292.6688, "charter_costs": 0.0, "penalty_costs": 0.0, "optimality_gap": 8.013807146088428e-07}, "variables": {"number_of_variables": 168192, "number_of_bin_variables": 168080, "number_of_arcs": 168024, "number_of_cont_variables": 112}, "runtime": {"preprocess_runtime": 13.8736, "model_runtime": 3542.9321}}