{"instance_info": {"installation_ordering": "Random", "number_of_installations": 6, "weather_scenario": 0, "fleet_size": 5, "order_composition": {"1": {"order": "MD_STC", "size": 17.5, "installation": 23, "node": 1}, "2": {"order": "OD_STC", "size": 21.875, "installation": 23, "node": 2}, "3": {"order": "MD_TRB", "size": 25.0, "installation": 2, "node": 3}, "4": {"order": "OP_TRB", "size": 25.0, "installation": 2, "node": 4}, "5": {"order": "MD_SSC", "size": 11.25, "installation": 12, "node": 5}, "6": {"order": "OD_SSC", "size": 7.5, "installation": 12, "node": 6}, "7": {"order": "MD_GFC", "size": 17.5, "installation": 26, "node": 7}, "8": {"order": "OP_GFC", "size": 21.875, "installation": 26, "node": 8}, "9": {"order": "MD_SDO", "size": 20.0, "installation": 6, "node": 9}, "10": {"order": "OD_SDO", "size": 20.0, "installation": 6, "node": 10}, "11": {"order": "MD_WEL", "size": 15.0, "installation": 17, "node": 11}, "12": {"order": "OP_WEL", "size": 11.25, "installation": 17, "node": 12}}}, "voyages": {"0": {"0": [9, [63, 80, 88], 10.0, [83.75, 0], [501.1316666666668, 0.0]], "3": [4, [133, 133, 134], 0, [0, 0], [11.73, 0.0]], "4": [13, [134, 152, 152], 10.0, [0, 25.0], [431.25000000000017, 0.0]], "5": [6, [109, 109, 112], 0, [32.5, 0], [35.190000000000005, 0.0]], "6": [3, [112, 118, 133], 10.0, [25.0, 0], [302.45000000000005, 0.0]], "9": [10, [88, 88, 96], 0, [63.75, 0], [93.84, 0.0]], "10": [5, [96, 104, 109], 10.0, [43.75, 0], [250.31666666666672, 0.0]]}, "1": {"0": [13, [63, 63, 63], 0, [0, 0], [0, 0]]}, "2": {"0": [13, [63, 63, 63], 0, [0, 0], [0, 0]]}, "3": {"0": [13, [63, 63, 63], 0, [0, 0], [0, 0]]}, "4": {"0": [1, [63, 101, 108], 10.0, [71.875, 0], [992.526666666667, 0.0]], "1": [2, [108, 108, 117], 0, [54.37500000000004, 0], [105.57000000000001, 0.0]], "2": [7, [117, 121, 128], 10.0, [32.50000000000001, 0], [177.94333333333338, 0.0]], "7": [8, [128, 128, 129], 0, [15.000000000000007, 0], [11.73, 0.0]], "8": [11, [129, 132, 138], 10.0, [15.000000000000007, 21.875], [142.25500000000005, 0.0]], "11": [12, [138, 138, 139], 0, [0, 21.875], [11.73, 0.0]], "12": [13, [139, 171, 171], 10.0, [0, 33.125], [766.6666666666669, 0.0]]}, "5": {"0": [13, [63, 63, 63], 0, [0, 0], [0, 0]]}}, "order_fulfillment": {"postponed_orders": [], "serviced_orders": [1, 2, 3, 4, 5, 6, 7, 8, 9, 10, 11, 12]}, "vessels": {"fleet_vessels": 2, "chartered_vessels": 0}, "objective": {"objective_bound": 3834.33, "fuel_costs": 3834.33, "charter_costs": 0.0, "penalty_costs": 0.0, "optimality_gap": 0.0}, "variables": {"number_of_variables": 247080, "number_of_bin_variables": 246912, "number_of_arcs": 246828, "number_of_cont_variables": 168}, "runtime": {"preprocess_runtime": 21.2144, "model_runtime": 1802.6968}}