{"instance_info": {"installation_ordering": "Random", "number_of_installations": 6, "weather_scenario": 0, "fleet_size": 4, "order_composition": {"1": {"order": "MD_WEL", "size": 22.5, "installation": 17, "node": 1}, "2": {"order": "OD_WEL", "size": 18.75, "installation": 17, "node": 2}, "3": {"order": "MD_SEQ", "size": 25.0, "installation": 7, "node": 3}, "4": {"order": "OP_SEQ", "size": 25.0, "installation": 7, "node": 4}, "5": {"order": "MD_OSB", "size": 15.0, "installation": 9, "node": 5}, "6": {"order": "OD_OSB", "size": 15.0, "installation": 9, "node": 6}, "7": {"order": "MD_STB", "size": 21.875, "installation": 22, "node": 7}, "8": {"order": "OP_STB", "size": 17.5, "installation": 22, "node": 8}, "9": {"order": "MD_TRO", "size": 15.0, "installation": 1, "node": 9}, "10": {"order": "OD_TRO", "size": 15.0, "installation": 1, "node": 10}, "11": {"order": "MD_SEN", "size": 30.0, "installation": 5, "node": 11}, "12": {"order": "OP_SEN", "size": 30.0, "installation": 5, "node": 12}}}, "voyages": {"0": {"0": [3, [63, 79, 89], 10.0, [85.0, 0], [500.63333333333344, 0.0]], "3": [4, [89, 89, 90], 0, [59.99999999999997, 0], [11.73, 0.0]], "4": [11, [90, 91, 103], 10.0, [59.99999999999997, 25.0], [164.71833333333336, 0.0]], "9": [10, [129, 129, 135], 0, [15.0, 54.999999999996], [70.38000000000001, 0.0]], "10": [13, [135, 152, 152], 10.0, [0, 54.999999999996], [407.2916666666668, 0.0]], "11": [12, [103, 103, 104], 0, [29.99999999999997, 24.999999999996184], [11.73, 0.0]], "12": [9, [104, 111, 129], 10.0, [30.0, 54.99999999999612], [337.4483333333334, 0.0]]}, "1": {"0": [13, [63, 63, 63], 0, [0, 0], [0, 0]]}, "2": {"0": [13, [63, 63, 63], 0, [0, 0], [0, 0]]}, "3": {"0": [5, [63, 91, 97], 10.0, [93.125, 0], [741.2133333333336, 0.0]], "1": [2, [126, 126, 134], 0, [40.625, 0], [93.84, 0.0]], "2": [7, [134, 141, 150], 10.0, [21.875, 0], [273.2783333333334, 0.0]], "5": [6, [97, 97, 103], 0, [78.12500000000001, 0], [70.38000000000001, 0.0]], "6": [1, [103, 117, 126], 10.0, [63.12500000000001, 0], [440.9866666666668, 0.0]], "7": [8, [150, 150, 151], 0, [0, 0], [11.73, 0.0]], "8": [13, [151, 190, 190], 10.0, [0, 17.5], [934.3750000000003, 0.0]]}, "4": {"0": [13, [63, 63, 63], 0, [0, 0], [0, 0]]}}, "order_fulfillment": {"postponed_orders": [], "serviced_orders": [1, 2, 3, 4, 5, 6, 7, 8, 9, 10, 11, 12]}, "vessels": {"fleet_vessels": 2, "chartered_vessels": 0}, "objective": {"objective_bound": 4069.735, "fuel_costs": 4069.735, "charter_costs": 0.0, "penalty_costs": 0.0, "optimality_gap": 0.0}, "variables": {"number_of_variables": 225525, "number_of_bin_variables": 225385, "number_of_arcs": 225315, "number_of_cont_variables": 140}, "runtime": {"preprocess_runtime": 18.9666, "model_runtime": 1259.4801}}