{"instance_info": {"installation_ordering": "Random", "number_of_installations": 6, "weather_scenario": 0, "fleet_size": 3, "order_composition": {"1": {"order": "MD_STB", "size": 8.75, "installation": 22, "node": 1}, "2": {"order": "OD_STB", "size": 21.875, "installation": 22, "node": 2}, "3": {"order": "MD_GFC", "size": 8.75, "installation": 26, "node": 3}, "4": {"order": "OP_GFC", "size": 17.5, "installation": 26, "node": 4}, "5": {"order": "MD_SSC", "size": 9.375, "installation": 12, "node": 5}, "6": {"order": "OD_SSC", "size": 9.375, "installation": 12, "node": 6}, "7": {"order": "MD_OSC", "size": 22.5, "installation": 10, "node": 7}, "8": {"order": "OP_OSC", "size": 15.0, "installation": 10, "node": 8}, "9": {"order": "MD_STC", "size": 13.125, "installation": 23, "node": 9}, "10": {"order": "OD_STC", "size": 21.875, "installation": 23, "node": 10}, "11": {"order": "MD_SDO", "size": 15.0, "installation": 6, "node": 11}, "12": {"order": "OP_SDO", "size": 25.0, "installation": 6, "node": 12}}}, "voyages": {"0": {"0": [5, [63, 88, 92], 10.0, [56.25, 0], [645.8783333333334, 0.0]], "5": [6, [92, 92, 96], 0, [46.875, 0], [46.92, 0.0]], "6": [7, [96, 98, 107], 11.0, [37.5, 0], [169.34708333333333, 0.0]], "7": [8, [107, 107, 108], 0, [15.0, 0], [11.73, 0.0]], "8": [11, [108, 119, 125], 10.0, [15.0, 15.0], [333.92166666666674, 0.0]], "11": [12, [125, 125, 126], 0, [0, 14.999999999999888], [11.73, 0.0]], "12": [13, [126, 143, 143], 10.0, [0, 39.99999999999942], [407.2916666666668, 0.0]]}, "1": {"0": [9, [63, 101, 107], 10.0, [74.375, 0], [980.796666666667, 0.0]], "1": [2, [121, 121, 130], 0, [30.6248090061498, 0], [105.57000000000001, 0.0]], "2": [3, [130, 135, 139], 10.0, [8.749895063220205, 0], [166.7116666666667, 0.0]], "3": [4, [139, 139, 140], 0, [0, 0], [11.73, 0.0]], "4": [13, [140, 174, 174], 10.0, [0, 17.5], [814.5833333333336, 0.0]], "9": [10, [107, 107, 116], 0, [61.24977129085047, 0], [105.57000000000001, 0.0]], "10": [1, [116, 117, 121], 12.0, [39.37470427174873, 0], [88.32000000000001, 0.0]]}, "2": {"0": [13, [63, 63, 63], 0, [0, 0], [0, 0]]}, "3": {"0": [13, [63, 63, 63], 0, [0, 0], [0, 0]]}}, "order_fulfillment": {"postponed_orders": [], "serviced_orders": [1, 2, 3, 4, 5, 6, 7, 8, 9, 10, 11, 12]}, "vessels": {"fleet_vessels": 2, "chartered_vessels": 0}, "objective": {"objective_bound": 3900.1001, "fuel_costs": 3900.1004, "charter_costs": 0.0, "penalty_costs": 0.0003, "optimality_gap": 0.0}, "variables": {"number_of_variables": 199176, "number_of_bin_variables": 199064, "number_of_arcs": 199008, "number_of_cont_variables": 112}, "runtime": {"preprocess_runtime": 14.5788, "model_runtime": 1158.8945}}