{"instance_info": {"installation_ordering": "Random", "number_of_installations": 0, "weather_scenario": 0, "fleet_size": 2, "order_composition": {"1": {"order": "MD_VFB", "size": 22.5, "installation": 18, "node": 1}, "2": {"order": "OD_VFB", "size": 15.0, "installation": 18, "node": 2}, "3": {"order": "MD_VMO", "size": 15.0, "installation": 16, "node": 3}, "4": {"order": "OP_VMO", "size": 15.0, "installation": 16, "node": 4}, "5": {"order": "MD_TRO", "size": 15.0, "installation": 1, "node": 5}, "6": {"order": "OD_TRO", "size": 15.0, "installation": 1, "node": 6}, "7": {"order": "MD_HUL", "size": 15.0, "installation": 20, "node": 7}, "8": {"order": "OP_HUL", "size": 5.0, "installation": 20, "node": 8}, "9": {"order": "MD_SOD", "size": 15.0, "installation": 27, "node": 9}, "10": {"order": "OD_SOD", "size": 15.0, "installation": 27, "node": 10}, "11": {"order": "MD_SEQ", "size": 10.0, "installation": 7, "node": 11}, "12": {"order": "OP_SEQ", "size": 20.0, "installation": 7, "node": 12}}}, "voyages": {"0": {"0": [9, [63, 78, 84], 10.0, [40.0, 0], [429.7550000000001, 0.0]], "9": [10, [84, 84, 90], 0, [24.99999999999992, 0], [70.38000000000001, 0.0]], "10": [11, [90, 91, 95], 10.0, [10.0, 0], [70.87833333333334, 0.0]], "11": [12, [95, 95, 96], 0, [0, 0], [11.73, 0.0]], "12": [13, [96, 112, 112], 10.0, [0, 20.0], [383.3333333333334, 0.0]]}, "1": {"0": [1, [63, 88, 97], 10.0, [97.5, 0], [704.5283333333335, 0.0]], "1": [2, [97, 97, 103], 0, [74.99957974731998, 0], [70.38000000000001, 0.0]], "2": [7, [103, 105, 111], 11.0, [59.999580239632394, 0], [134.15708333333333, 0.0]], "3": [4, [123, 123, 124], 0, [29.999859697109468, 4.99986003337519], [11.73, 0.0]], "4": [5, [124, 142, 148], 10.0, [29.99986002794824, 19.999859702536416], [501.63000000000017, 0.0]], "5": [6, [148, 148, 154], 0, [14.999999508054643, 19.999719733818], [70.38000000000001, 0.0]], "6": [13, [154, 171, 171], 10.0, [0, 19.999719241872643], [407.2916666666668, 0.0]], "7": [8, [111, 111, 112], 0, [44.99972005008152, 0], [11.73, 0.0]], "8": [3, [112, 117, 123], 10.0, [44.999719731317995, 4.9999999912581075], [190.1716666666667, 0.0]]}, "2": {"0": [13, [63, 63, 63], 0, [0, 0], [0, 0]]}}, "order_fulfillment": {"postponed_orders": [], "serviced_orders": [1, 2, 3, 4, 5, 6, 7, 8, 9, 10, 11, 12]}, "vessels": {"fleet_vessels": 2, "chartered_vessels": 0}, "objective": {"objective_bound": 3068.0754, "fuel_costs": 3068.0754, "charter_costs": 0.0, "penalty_costs": 0.0, "optimality_gap": 0.0}, "variables": {"number_of_variables": 124893, "number_of_bin_variables": 124809, "number_of_arcs": 124767, "number_of_cont_variables": 84}, "runtime": {"preprocess_runtime": 10.428, "model_runtime": 179.4989}}