{"instance_info": {"installation_ordering": "Random", "number_of_installations": 6, "weather_scenario": 0, "fleet_size": 3, "order_composition": {"1": {"order": "MD_STC", "size": 26.25, "installation": 23, "node": 1}, "2": {"order": "OD_STC", "size": 13.125, "installation": 23, "node": 2}, "3": {"order": "MD_TRB", "size": 20.0, "installation": 2, "node": 3}, "4": {"order": "OP_TRB", "size": 20.0, "installation": 2, "node": 4}, "5": {"order": "MD_SSC", "size": 9.375, "installation": 12, "node": 5}, "6": {"order": "OD_SSC", "size": 5.625, "installation": 12, "node": 6}, "7": {"order": "MD_GFC", "size": 17.5, "installation": 26, "node": 7}, "8": {"order": "OP_GFC", "size": 13.125, "installation": 26, "node": 8}, "9": {"order": "MD_SDO", "size": 25.0, "installation": 6, "node": 9}, "10": {"order": "OD_SDO", "size": 25.0, "installation": 6, "node": 10}, "11": {"order": "MD_WEL", "size": 18.75, "installation": 17, "node": 11}, "12": {"order": "OP_WEL", "size": 7.5, "installation": 17, "node": 12}}}, "voyages": {"0": {"0": [9, [63, 80, 90], 10.0, [85.0, 0], [524.5916666666668, 0.0]], "3": [4, [131, 131, 132], 0, [0, 0], [11.73, 0.0]], "4": [13, [132, 150, 150], 10.0, [0, 20.0], [431.25000000000017, 0.0]], "5": [6, [112, 112, 115], 0, [25.62499999999973, 0], [35.190000000000005, 0.0]], "6": [3, [115, 121, 131], 10.0, [19.999999999999943, 0], [254.15000000000006, 0.0]], "9": [10, [90, 90, 100], 0, [59.9999999999996, 0], [117.30000000000001, 0.0]], "10": [5, [100, 108, 112], 10.0, [34.9999999999996, 0], [238.5866666666667, 0.0]]}, "1": {"0": [13, [63, 63, 63], 0, [0, 0], [0, 0]]}, "2": {"0": [1, [63, 101, 112], 10.0, [75.625, 0], [1039.446666666667, 0.0]], "1": [2, [112, 112, 118], 0, [49.37499999999993, 0], [70.38000000000001, 0.0]], "2": [7, [118, 122, 129], 10.0, [36.24999999999993, 0], [177.94333333333338, 0.0]], "7": [8, [129, 129, 130], 0, [18.74999999999993, 0], [11.73, 0.0]], "8": [11, [130, 133, 141], 10.0, [18.74999999999993, 13.125], [165.71500000000003, 0.0]], "11": [12, [141, 141, 142], 0, [0, 13.125], [11.73, 0.0]], "12": [13, [142, 174, 174], 10.0, [0, 20.625], [766.6666666666669, 0.0]]}, "3": {"0": [13, [63, 63, 63], 0, [0, 0], [0, 0]]}}, "order_fulfillment": {"postponed_orders": [], "serviced_orders": [1, 2, 3, 4, 5, 6, 7, 8, 9, 10, 11, 12]}, "vessels": {"fleet_vessels": 2, "chartered_vessels": 0}, "objective": {"objective_bound": 3856.41, "fuel_costs": 3856.41, "charter_costs": 0.0, "penalty_costs": 0.0, "optimality_gap": 0.0}, "variables": {"number_of_variables": 164268, "number_of_bin_variables": 164156, "number_of_arcs": 164100, "number_of_cont_variables": 112}, "runtime": {"preprocess_runtime": 14.0423, "model_runtime": 605.5602}}