{"instance_info": {"installation_ordering": "Random", "number_of_installations": 7, "weather_scenario": 0, "fleet_size": 5, "order_composition": {"1": {"order": "MD_WEL", "size": 15.0, "installation": 17, "node": 1}, "2": {"order": "OD_WEL", "size": 18.75, "installation": 17, "node": 2}, "3": {"order": "MD_SEQ", "size": 15.0, "installation": 7, "node": 3}, "4": {"order": "OP_SEQ", "size": 25.0, "installation": 7, "node": 4}, "5": {"order": "MD_OSB", "size": 15.0, "installation": 9, "node": 5}, "6": {"order": "OD_OSB", "size": 7.5, "installation": 9, "node": 6}, "7": {"order": "MD_STB", "size": 17.5, "installation": 22, "node": 7}, "8": {"order": "OP_STB", "size": 17.5, "installation": 22, "node": 8}, "9": {"order": "MD_TRO", "size": 11.25, "installation": 1, "node": 9}, "10": {"order": "OD_TRO", "size": 11.25, "installation": 1, "node": 10}, "11": {"order": "MD_SEN", "size": 15.0, "installation": 5, "node": 11}, "12": {"order": "OP_SEN", "size": 20.0, "installation": 5, "node": 12}, "13": {"order": "MD_CPR", "size": 20.0, "installation": 4, "node": 13}, "14": {"order": "OD_CPR", "size": 20.0, "installation": 4, "node": 14}}}, "voyages": {"0": {"0": [13, [63, 80, 88], 10.0, [70.0, 0], [501.1316666666668, 0.0]], "3": [4, [105, 105, 106], 0, [14.99983625072877, 0], [11.73, 0.0]], "4": [11, [106, 107, 113], 10.0, [14.999917976588884, 24.999918274139873], [94.33833333333335, 0.0]], "11": [12, [113, 113, 114], 0, [0, 24.999836250772628], [11.73, 0.0]], "12": [15, [114, 131, 131], 10.0, [0, 44.99975432151317], [407.2916666666668, 0.0]], "13": [14, [88, 88, 96], 0, [49.99982429998634, 0], [93.84, 0.0]], "14": [3, [96, 99, 105], 10.0, [29.99975405984639, 0], [142.25500000000005, 0.0]]}, "1": {"0": [1, [63, 95, 101], 10.0, [96.25, 0], [837.0466666666669, 0.0]], "1": [2, [101, 101, 109], 0, [81.24999999999999, 0], [93.84, 0.0]], "2": [7, [109, 114, 121], 12.0, [62.49999999999993, 0], [289.11, 0.0]], "5": [6, [148, 148, 151], 0, [29.999999999999943, 17.499999999999858], [35.190000000000005, 0.0]], "6": [9, [151, 161, 166], 11.0, [22.5, 17.499999999999858], [377.5354166666667, 0.0]], "7": [8, [121, 121, 122], 0, [44.999999999999936, 0], [11.73, 0.0]], "8": [5, [122, 142, 148], 10.0, [44.999999999999936, 17.5], [549.5466666666669, 0.0]], "9": [10, [166, 166, 171], 0, [11.25, 17.499999999999687], [58.650000000000006, 0.0]], "10": [15, [171, 188, 188], 10.0, [0, 17.499999999999687], [407.2916666666668, 0.0]]}, "2": {"0": [15, [63, 63, 63], 0, [0, 0], [0, 0]]}, "3": {"0": [15, [63, 63, 63], 0, [0, 0], [0, 0]]}, "4": {"0": [15, [63, 63, 63], 0, [0, 0], [0, 0]]}, "5": {"0": [15, [63, 63, 63], 0, [0, 0], [0, 0]]}}, "order_fulfillment": {"postponed_orders": [], "serviced_orders": [1, 2, 3, 4, 5, 6, 7, 8, 9, 10, 11, 12, 13, 14]}, "vessels": {"fleet_vessels": 2, "chartered_vessels": 0}, "objective": {"objective_bound": 2918.7669, "fuel_costs": 3922.2571, "charter_costs": 0.0, "penalty_costs": 0.001, "optimality_gap": 0.21166172018711812}, "variables": {"number_of_variables": 376932, "number_of_bin_variables": 376740, "number_of_arcs": 376644, "number_of_cont_variables": 192}, "runtime": {"preprocess_runtime": 31.2173, "model_runtime": 3600.3764}}