{"instance_info": {"installation_ordering": "Random", "number_of_installations": 7, "weather_scenario": 0, "fleet_size": 4, "order_composition": {"1": {"order": "MD_VFB", "size": 18.75, "installation": 18, "node": 1}, "2": {"order": "OD_VFB", "size": 15.0, "installation": 18, "node": 2}, "3": {"order": "MD_VMO", "size": 7.5, "installation": 16, "node": 3}, "4": {"order": "OP_VMO", "size": 11.25, "installation": 16, "node": 4}, "5": {"order": "MD_TRO", "size": 15.0, "installation": 1, "node": 5}, "6": {"order": "OD_TRO", "size": 18.75, "installation": 1, "node": 6}, "7": {"order": "MD_HUL", "size": 15.0, "installation": 20, "node": 7}, "8": {"order": "OP_HUL", "size": 10.0, "installation": 20, "node": 8}, "9": {"order": "MD_SOD", "size": 15.0, "installation": 27, "node": 9}, "10": {"order": "OD_SOD", "size": 18.75, "installation": 27, "node": 10}, "11": {"order": "MD_SEQ", "size": 15.0, "installation": 7, "node": 11}, "12": {"order": "OP_SEQ", "size": 30.0, "installation": 7, "node": 12}, "13": {"order": "MD_OSB", "size": 18.75, "installation": 9, "node": 13}, "14": {"order": "OD_OSB", "size": 18.75, "installation": 9, "node": 14}}}, "voyages": {"0": {"0": [9, [63, 78, 84], 10.0, [82.50001486799195, 0], [429.7550000000001, 0.0]], "5": [6, [129, 129, 137], 0, [18.74992718371277, 29.99983467024096], [93.84, 0.0]], "6": [15, [137, 154, 154], 10.0, [0, 29.999761853953746], [407.2916666666668, 0.0]], "9": [10, [84, 84, 92], 0, [67.49977151313027, 0], [93.84, 0.0]], "10": [11, [92, 93, 99], 10.0, [48.74984434574821, 0], [94.33833333333335, 0.0]], "11": [12, [99, 99, 100], 0, [33.74985433177921, 0], [11.73, 0.0]], "12": [5, [100, 106, 129], 10.0, [33.74985428949129, 29.99990742038551], [354.8900000000001, 0.0]]}, "1": {"0": [13, [63, 91, 99], 10.0, [93.74998508860627, 0], [764.6733333333336, 0.0]], "1": [2, [122, 122, 128], 0, [37.499855999809796, 0], [70.38000000000001, 0.0]], "2": [7, [128, 130, 136], 11.0, [22.499860930497103, 0], [134.15708333333333, 0.0]], "3": [4, [145, 145, 146], 0, [0, 9.99993045818055], [11.73, 0.0]], "4": [15, [146, 178, 178], 10.0, [0, 21.249861131545263], [766.6666666666669, 0.0]], "7": [8, [136, 136, 137], 0, [7.499861092585841, 0], [11.73, 0.0]], "8": [3, [137, 142, 145], 10.0, [7.499930458180539, 9.9999306344053], [154.9816666666667, 0.0]], "13": [14, [99, 99, 107], 0, [74.99977889480076, 0], [93.84, 0.0]], "14": [1, [107, 114, 122], 10.0, [56.24978641868122, 0], [261.5483333333334, 0.0]]}, "2": {"0": [15, [63, 63, 63], 0, [0, 0], [0, 0]]}, "3": {"0": [15, [63, 63, 63], 0, [0, 0], [0, 0]]}, "4": {"0": [15, [63, 63, 63], 0, [0, 0], [0, 0]]}}, "order_fulfillment": {"postponed_orders": [], "serviced_orders": [1, 2, 3, 4, 5, 6, 7, 8, 9, 10, 11, 12, 13, 14]}, "vessels": {"fleet_vessels": 2, "chartered_vessels": 0}, "objective": {"objective_bound": 3052.2441, "fuel_costs": 3755.3921, "charter_costs": 0.0, "penalty_costs": 0.0025, "optimality_gap": 0.1554638669113461}, "variables": {"number_of_variables": 300305, "number_of_bin_variables": 300145, "number_of_arcs": 300065, "number_of_cont_variables": 160}, "runtime": {"preprocess_runtime": 24.3454, "model_runtime": 3600.1646}}