{"instance_info": {"installation_ordering": "Random", "number_of_installations": 7, "weather_scenario": 0, "fleet_size": 4, "order_composition": {"1": {"order": "MD_STB", "size": 13.125, "installation": 22, "node": 1}, "2": {"order": "OD_STB", "size": 13.125, "installation": 22, "node": 2}, "3": {"order": "MD_GFC", "size": 17.5, "installation": 26, "node": 3}, "4": {"order": "OP_GFC", "size": 17.5, "installation": 26, "node": 4}, "5": {"order": "MD_SSC", "size": 9.375, "installation": 12, "node": 5}, "6": {"order": "OD_SSC", "size": 5.625, "installation": 12, "node": 6}, "7": {"order": "MD_OSC", "size": 22.5, "installation": 10, "node": 7}, "8": {"order": "OP_OSC", "size": 11.25, "installation": 10, "node": 8}, "9": {"order": "MD_STC", "size": 17.5, "installation": 23, "node": 9}, "10": {"order": "OD_STC", "size": 17.5, "installation": 23, "node": 10}, "11": {"order": "MD_SDO", "size": 20.0, "installation": 6, "node": 11}, "12": {"order": "OP_SDO", "size": 20.0, "installation": 6, "node": 12}, "13": {"order": "MD_OSE", "size": 18.75, "installation": 8, "node": 13}, "14": {"order": "OD_OSE", "size": 11.25, "installation": 8, "node": 14}}}, "voyages": {"0": {"0": [15, [63, 63, 63], 0, [0, 0], [0, 0]]}, "1": {"0": [9, [63, 101, 108], 10.0, [78.75, 0], [992.526666666667, 0.0]], "1": [2, [122, 122, 128], 0, [30.62471646847516, 0], [70.38000000000001, 0.0]], "2": [3, [128, 133, 140], 10.0, [17.499811176300856, 0], [201.9016666666667, 0.0]], "3": [4, [140, 140, 141], 0, [0, 0], [11.73, 0.0]], "4": [15, [141, 175, 175], 10.0, [0, 17.499905192899703], [814.5833333333336, 0.0]], "9": [10, [108, 108, 115], 0, [61.24962195982057, 0], [82.11000000000001, 0.0]], "10": [1, [115, 116, 122], 12.0, [43.74962167314948, 0], [111.78000000000002, 0.0]]}, "2": {"0": [15, [63, 63, 63], 0, [0, 0], [0, 0]]}, "3": {"0": [13, [63, 91, 99], 10.0, [87.5, 0], [764.6733333333336, 0.0]], "5": [6, [122, 122, 125], 0, [25.625, 11.24999999999487], [35.190000000000005, 0.0]], "6": [11, [125, 133, 141], 10.0, [20.0, 11.24999999999487], [285.5066666666667, 0.0]], "7": [8, [115, 115, 116], 0, [35.0, 0], [11.73, 0.0]], "8": [5, [116, 118, 122], 11.0, [35.0, 11.25], [110.69708333333332, 0.0]], "11": [12, [141, 141, 142], 0, [0, 11.249999999994046], [11.73, 0.0]], "12": [15, [142, 159, 159], 10.0, [0, 31.249999999994046], [407.2916666666668, 0.0]], "13": [14, [99, 99, 104], 0, [68.75, 0], [58.650000000000006, 0.0]], "14": [7, [104, 106, 115], 10.0, [57.5, 0], [153.48666666666668, 0.0]]}, "4": {"0": [15, [63, 63, 63], 0, [0, 0], [0, 0]]}}, "order_fulfillment": {"postponed_orders": [], "serviced_orders": [1, 2, 3, 4, 5, 6, 7, 8, 9, 10, 11, 12, 13, 14]}, "vessels": {"fleet_vessels": 2, "chartered_vessels": 0}, "objective": {"objective_bound": 3432.8487, "fuel_costs": 4123.9671, "charter_costs": 0.0, "penalty_costs": 0.0023, "optimality_gap": 0.1431559921611}, "variables": {"number_of_variables": 338995, "number_of_bin_variables": 338835, "number_of_arcs": 338755, "number_of_cont_variables": 160}, "runtime": {"preprocess_runtime": 25.0976, "model_runtime": 3600.5952}}