{"instance_info": {"installation_ordering": "Random", "number_of_installations": 7, "weather_scenario": 0, "fleet_size": 5, "order_composition": {"1": {"order": "MD_STC", "size": 17.5, "installation": 23, "node": 1}, "2": {"order": "OD_STC", "size": 26.25, "installation": 23, "node": 2}, "3": {"order": "MD_TRB", "size": 20.0, "installation": 2, "node": 3}, "4": {"order": "OP_TRB", "size": 20.0, "installation": 2, "node": 4}, "5": {"order": "MD_SSC", "size": 7.5, "installation": 12, "node": 5}, "6": {"order": "OD_SSC", "size": 7.5, "installation": 12, "node": 6}, "7": {"order": "MD_GFC", "size": 13.125, "installation": 26, "node": 7}, "8": {"order": "OP_GFC", "size": 8.75, "installation": 26, "node": 8}, "9": {"order": "MD_SDO", "size": 15.0, "installation": 6, "node": 9}, "10": {"order": "OD_SDO", "size": 20.0, "installation": 6, "node": 10}, "11": {"order": "MD_WEL", "size": 7.5, "installation": 17, "node": 11}, "12": {"order": "OP_WEL", "size": 15.0, "installation": 17, "node": 12}, "13": {"order": "MD_GFB", "size": 17.5, "installation": 25, "node": 13}, "14": {"order": "OD_GFB", "size": 21.875, "installation": 25, "node": 14}}}, "voyages": {"0": {"0": [9, [63, 80, 86], 10.0, [70.0, 0], [477.6716666666668, 0.0]], "3": [4, [131, 131, 132], 0, [0, 0], [11.73, 0.0]], "4": [15, [132, 150, 150], 10.0, [0, 20.0], [431.25000000000017, 0.0]], "5": [6, [105, 105, 108], 0, [27.499999999999964, 0], [35.190000000000005, 0.0]], "6": [3, [108, 114, 131], 10.0, [20.0, 0], [312.11000000000007, 0.0]], "9": [10, [86, 86, 94], 0, [54.99999999999903, 0], [93.84, 0.0]], "10": [5, [94, 102, 105], 10.0, [34.99999999999903, 0], [226.8566666666667, 0.0]]}, "1": {"0": [1, [63, 101, 108], 10.0, [103.75, 0], [992.526666666667, 0.0]], "1": [2, [108, 108, 119], 0, [86.24999999999997, 0], [129.03, 0.0]], "2": [13, [119, 122, 129], 11.0, [59.99999999999997, 0], [177.77562500000002, 0.0]], "7": [8, [144, 144, 145], 0, [7.499999999999972, 0], [11.73, 0.0]], "8": [11, [145, 148, 151], 10.0, [7.5, 8.75], [107.06500000000003, 0.0]], "11": [12, [151, 151, 152], 0, [0, 8.749999999999872], [11.73, 0.0]], "12": [15, [152, 184, 184], 10.0, [0, 23.749999999999886], [766.6666666666669, 0.0]], "13": [14, [129, 129, 138], 0, [42.49999999999997, 0], [105.57000000000001, 0.0]], "14": [7, [138, 138, 144], 10.0, [20.62499999999997, 0], [70.38000000000001, 0.0]]}, "2": {"0": [15, [63, 63, 63], 0, [0, 0], [0, 0]]}, "3": {"0": [15, [63, 63, 63], 0, [0, 0], [0, 0]]}, "4": {"0": [15, [63, 63, 63], 0, [0, 0], [0, 0]]}, "5": {"0": [15, [63, 63, 63], 0, [0, 0], [0, 0]]}}, "order_fulfillment": {"postponed_orders": [], "serviced_orders": [1, 2, 3, 4, 5, 6, 7, 8, 9, 10, 11, 12, 13, 14]}, "vessels": {"fleet_vessels": 2, "chartered_vessels": 0}, "objective": {"objective_bound": 3039.7842, "fuel_costs": 3961.1223, "charter_costs": 0.0, "penalty_costs": 0.0, "optimality_gap": 0.2002148314557911}, "variables": {"number_of_variables": 345102, "number_of_bin_variables": 344910, "number_of_arcs": 344814, "number_of_cont_variables": 192}, "runtime": {"preprocess_runtime": 28.5504, "model_runtime": 3600.143}}