{"instance_info": {"installation_ordering": "Random", "number_of_installations": 7, "weather_scenario": 0, "fleet_size": 4, "order_composition": {"1": {"order": "MD_WEL", "size": 15.0, "installation": 17, "node": 1}, "2": {"order": "OD_WEL", "size": 15.0, "installation": 17, "node": 2}, "3": {"order": "MD_SEQ", "size": 15.0, "installation": 7, "node": 3}, "4": {"order": "OP_SEQ", "size": 25.0, "installation": 7, "node": 4}, "5": {"order": "MD_OSB", "size": 18.75, "installation": 9, "node": 5}, "6": {"order": "OD_OSB", "size": 11.25, "installation": 9, "node": 6}, "7": {"order": "MD_STB", "size": 8.75, "installation": 22, "node": 7}, "8": {"order": "OP_STB", "size": 21.875, "installation": 22, "node": 8}, "9": {"order": "MD_TRO", "size": 15.0, "installation": 1, "node": 9}, "10": {"order": "OD_TRO", "size": 15.0, "installation": 1, "node": 10}, "11": {"order": "MD_SEN", "size": 10.0, "installation": 5, "node": 11}, "12": {"order": "OP_SEN", "size": 20.0, "installation": 5, "node": 12}, "13": {"order": "MD_CPR", "size": 10.0, "installation": 4, "node": 13}, "14": {"order": "OD_CPR", "size": 20.0, "installation": 4, "node": 14}}}, "voyages": {"0": {"0": [15, [63, 63, 63], 0, [0, 0], [0, 0]]}, "1": {"0": [13, [63, 80, 84], 10.0, [75.0, 0], [454.2116666666668, 0.0]], "3": [4, [147, 147, 148], 0, [0, 0], [11.73, 0.0]], "4": [15, [148, 164, 164], 10.0, [0, 25.0], [383.3333333333334, 0.0]], "9": [10, [129, 129, 135], 0, [30.0, 0], [70.38000000000001, 0.0]], "10": [3, [135, 141, 147], 10.0, [15.0, 0], [214.13000000000005, 0.0]], "13": [14, [84, 84, 92], 0, [64.99999999999977, 0], [93.84, 0.0]], "14": [9, [92, 94, 129], 10.0, [44.99999999999977, 0], [358.4166666666667, 0.0]]}, "2": {"0": [15, [63, 63, 63], 0, [0, 0], [0, 0]]}, "3": {"0": [5, [63, 91, 99], 10.0, [78.75, 0], [764.6733333333336, 0.0]], "1": [2, [124, 124, 130], 0, [33.74991487556521, 0], [70.38000000000001, 0.0]], "2": [7, [130, 137, 141], 10.0, [18.749943179287637, 0], [214.6283333333334, 0.0]], "5": [6, [99, 99, 104], 0, [59.999886684893625, 0], [58.650000000000006, 0.0]], "6": [1, [104, 118, 124], 10.0, [48.749886462988584, 0], [405.7966666666668, 0.0]], "7": [8, [141, 141, 142], 0, [9.999943646327484, 0], [11.73, 0.0]], "8": [11, [142, 163, 167], 10.0, [9.99997158540059, 21.874972060926893], [550.0450000000001, 0.0]], "11": [12, [167, 167, 168], 0, [0, 21.874943647994137], [11.73, 0.0]], "12": [15, [168, 185, 185], 10.0, [0, 41.87491571006137], [407.2916666666668, 0.0]]}, "4": {"0": [15, [63, 63, 63], 0, [0, 0], [0, 0]]}}, "order_fulfillment": {"postponed_orders": [], "serviced_orders": [1, 2, 3, 4, 5, 6, 7, 8, 9, 10, 11, 12, 13, 14]}, "vessels": {"fleet_vessels": 2, "chartered_vessels": 0}, "objective": {"objective_bound": 2965.6105, "fuel_costs": 4080.9667, "charter_costs": 0.0, "penalty_costs": 0.0008, "optimality_gap": 0.23488755133119474}, "variables": {"number_of_variables": 315210, "number_of_bin_variables": 315050, "number_of_arcs": 314970, "number_of_cont_variables": 160}, "runtime": {"preprocess_runtime": 25.1525, "model_runtime": 3600.4008}}