{"instance_info": {"installation_ordering": "Random", "number_of_installations": 7, "weather_scenario": 0, "fleet_size": 5, "order_composition": {"1": {"order": "MD_STB", "size": 17.5, "installation": 22, "node": 1}, "2": {"order": "OD_STB", "size": 8.75, "installation": 22, "node": 2}, "3": {"order": "MD_GFC", "size": 13.125, "installation": 26, "node": 3}, "4": {"order": "OP_GFC", "size": 17.5, "installation": 26, "node": 4}, "5": {"order": "MD_SSC", "size": 5.625, "installation": 12, "node": 5}, "6": {"order": "OD_SSC", "size": 9.375, "installation": 12, "node": 6}, "7": {"order": "MD_OSC", "size": 18.75, "installation": 10, "node": 7}, "8": {"order": "OP_OSC", "size": 15.0, "installation": 10, "node": 8}, "9": {"order": "MD_STC", "size": 13.125, "installation": 23, "node": 9}, "10": {"order": "OD_STC", "size": 21.875, "installation": 23, "node": 10}, "11": {"order": "MD_SDO", "size": 15.0, "installation": 6, "node": 11}, "12": {"order": "OP_SDO", "size": 30.0, "installation": 6, "node": 12}, "13": {"order": "MD_OSE", "size": 11.25, "installation": 8, "node": 13}, "14": {"order": "OD_OSE", "size": 22.5, "installation": 8, "node": 14}}}, "voyages": {"0": {"0": [15, [63, 63, 63], 0, [0, 0], [0, 0]]}, "1": {"0": [13, [63, 91, 96], 10.0, [82.5, 0], [729.4833333333336, 0.0]], "5": [6, [121, 121, 125], 0, [24.37493294561694, 14.999966424599753], [46.92, 0.0]], "6": [11, [125, 133, 139], 10.0, [14.99996636779496, 14.999933002421733], [262.04666666666674, 0.0]], "7": [8, [115, 115, 116], 0, [29.999899391790386, 0], [11.73, 0.0]], "8": [5, [116, 118, 121], 11.0, [29.999899370216674, 14.99996659949771], [98.96708333333333, 0.0]], "11": [12, [139, 139, 140], 0, [0, 14.999899370743002], [11.73, 0.0]], "12": [15, [140, 157, 157], 10.0, [0, 44.99986626406427], [407.2916666666668, 0.0]], "13": [14, [96, 96, 105], 0, [71.24986572028578, 0], [105.57000000000001, 0.0]], "14": [7, [105, 107, 115], 10.0, [48.749865792566204, 0], [141.7566666666667, 0.0]]}, "2": {"0": [9, [63, 101, 107], 10.0, [74.375, 0], [980.796666666667, 0.0]], "1": [2, [124, 124, 128], 0, [21.874999999999986, 0], [46.92, 0.0]], "2": [3, [128, 133, 139], 10.0, [13.124999999999998, 0], [190.1716666666667, 0.0]], "3": [4, [139, 139, 140], 0, [0, 0], [11.73, 0.0]], "4": [15, [140, 174, 174], 10.0, [0, 17.5], [814.5833333333336, 0.0]], "9": [10, [107, 107, 116], 0, [61.25, 0], [105.57000000000001, 0.0]], "10": [1, [116, 117, 124], 12.0, [39.375, 0], [123.51000000000002, 0.0]]}, "3": {"0": [15, [63, 63, 63], 0, [0, 0], [0, 0]]}, "4": {"0": [15, [63, 63, 63], 0, [0, 0], [0, 0]]}, "5": {"0": [15, [63, 63, 63], 0, [0, 0], [0, 0]]}}, "order_fulfillment": {"postponed_orders": [], "serviced_orders": [1, 2, 3, 4, 5, 6, 7, 8, 9, 10, 11, 12, 13, 14]}, "vessels": {"fleet_vessels": 2, "chartered_vessels": 0}, "objective": {"objective_bound": 2915.2482, "fuel_costs": 4088.7771, "charter_costs": 0.0, "penalty_costs": 0.0006, "optimality_gap": 0.2452181339194759}, "variables": {"number_of_variables": 408996, "number_of_bin_variables": 408804, "number_of_arcs": 408708, "number_of_cont_variables": 192}, "runtime": {"preprocess_runtime": 29.601, "model_runtime": 3600.3485}}