{"instance_info": {"installation_ordering": "Random", "number_of_installations": 7, "weather_scenario": 0, "fleet_size": 4, "order_composition": {"1": {"order": "MD_STC", "size": 13.125, "installation": 23, "node": 1}, "2": {"order": "OD_STC", "size": 17.5, "installation": 23, "node": 2}, "3": {"order": "MD_TRB", "size": 20.0, "installation": 2, "node": 3}, "4": {"order": "OP_TRB", "size": 15.0, "installation": 2, "node": 4}, "5": {"order": "MD_SSC", "size": 7.5, "installation": 12, "node": 5}, "6": {"order": "OD_SSC", "size": 3.75, "installation": 12, "node": 6}, "7": {"order": "MD_GFC", "size": 26.25, "installation": 26, "node": 7}, "8": {"order": "OP_GFC", "size": 8.75, "installation": 26, "node": 8}, "9": {"order": "MD_SDO", "size": 15.0, "installation": 6, "node": 9}, "10": {"order": "OD_SDO", "size": 25.0, "installation": 6, "node": 10}, "11": {"order": "MD_WEL", "size": 18.75, "installation": 17, "node": 11}, "12": {"order": "OP_WEL", "size": 15.0, "installation": 17, "node": 12}, "13": {"order": "MD_GFB", "size": 8.75, "installation": 25, "node": 13}, "14": {"order": "OD_GFB", "size": 17.5, "installation": 25, "node": 14}}}, "voyages": {"0": {"0": [1, [63, 101, 107], 10.0, [101.875, 0], [980.796666666667, 0.0]], "1": [2, [107, 107, 114], 0, [88.74990233826757, 0], [82.11000000000001, 0.0]], "2": [13, [114, 117, 121], 11.0, [71.2499331141941, 0], [142.585625, 0.0]], "7": [8, [139, 139, 140], 0, [18.749964288763245, 0], [11.73, 0.0]], "8": [11, [140, 143, 151], 10.0, [18.74996926763101, 8.749969567010965], [165.71500000000003, 0.0]], "11": [12, [151, 151, 152], 0, [0, 8.749938834641958], [11.73, 0.0]], "12": [15, [152, 184, 184], 10.0, [0, 23.74990831183134], [766.6666666666669, 0.0]], "13": [14, [121, 121, 128], 0, [62.49993322299639, 0], [82.11000000000001, 0.0]], "14": [7, [128, 128, 139], 10.0, [44.99993348966308, 0], [129.03, 0.0]]}, "1": {"0": [9, [63, 80, 86], 10.0, [71.25, 0], [477.6716666666668, 0.0]], "3": [4, [131, 131, 132], 0, [0, 0], [11.73, 0.0]], "4": [15, [132, 150, 150], 10.0, [0, 15.0], [431.25000000000017, 0.0]], "5": [6, [107, 107, 109], 0, [23.75, 0], [23.46, 0.0]], "6": [3, [109, 115, 131], 10.0, [20.0, 0], [303.83000000000004, 0.0]], "9": [10, [86, 86, 96], 0, [56.25, 0], [117.30000000000001, 0.0]], "10": [5, [96, 104, 107], 10.0, [31.25, 0], [226.8566666666667, 0.0]]}, "2": {"0": [15, [63, 63, 63], 0, [0, 0], [0, 0]]}, "3": {"0": [15, [63, 63, 63], 0, [0, 0], [0, 0]]}, "4": {"0": [15, [63, 63, 63], 0, [0, 0], [0, 0]]}}, "order_fulfillment": {"postponed_orders": [], "serviced_orders": [1, 2, 3, 4, 5, 6, 7, 8, 9, 10, 11, 12, 13, 14]}, "vessels": {"fleet_vessels": 2, "chartered_vessels": 0}, "objective": {"objective_bound": 3964.5716, "fuel_costs": 3964.5723, "charter_costs": 0.0, "penalty_costs": 0.0007, "optimality_gap": 0.0}, "variables": {"number_of_variables": 286770, "number_of_bin_variables": 286610, "number_of_arcs": 286530, "number_of_cont_variables": 160}, "runtime": {"preprocess_runtime": 23.8131, "model_runtime": 2621.1353}}