{"instance_info": {"installation_ordering": "Random", "number_of_installations": 7, "weather_scenario": 0, "fleet_size": 5, "order_composition": {"1": {"order": "MD_VFB", "size": 18.75, "installation": 18, "node": 1}, "2": {"order": "OD_VFB", "size": 7.5, "installation": 18, "node": 2}, "3": {"order": "MD_VMO", "size": 18.75, "installation": 16, "node": 3}, "4": {"order": "OP_VMO", "size": 15.0, "installation": 16, "node": 4}, "5": {"order": "MD_TRO", "size": 18.75, "installation": 1, "node": 5}, "6": {"order": "OD_TRO", "size": 18.75, "installation": 1, "node": 6}, "7": {"order": "MD_HUL", "size": 10.0, "installation": 20, "node": 7}, "8": {"order": "OP_HUL", "size": 10.0, "installation": 20, "node": 8}, "9": {"order": "MD_SOD", "size": 15.0, "installation": 27, "node": 9}, "10": {"order": "OD_SOD", "size": 15.0, "installation": 27, "node": 10}, "11": {"order": "MD_SEQ", "size": 25.0, "installation": 7, "node": 11}, "12": {"order": "OP_SEQ", "size": 25.0, "installation": 7, "node": 12}, "13": {"order": "MD_OSB", "size": 15.0, "installation": 9, "node": 13}, "14": {"order": "OD_OSB", "size": 18.75, "installation": 9, "node": 14}}}, "voyages": {"0": {"0": [13, [63, 91, 97], 10.0, [88.75000099621384, 0], [741.2133333333336, 0.0]], "1": [2, [120, 120, 123], 0, [36.24996537945288, 0], [35.190000000000005, 0.0]], "2": [7, [123, 125, 129], 11.0, [28.749965458024327, 0], [110.69708333333332, 0.0]], "3": [4, [143, 143, 144], 0, [0, 9.999970536986922], [11.73, 0.0]], "4": [15, [144, 176, 176], 10.0, [0, 24.99997053094297], [766.6666666666669, 0.0]], "7": [8, [129, 129, 130], 0, [18.7499949680659, 0], [11.73, 0.0]], "8": [3, [130, 135, 143], 10.0, [18.749973188814867, 9.999999998450718], [213.63166666666672, 0.0]], "13": [14, [97, 97, 105], 0, [73.74990149048757, 0], [93.84, 0.0]], "14": [1, [105, 112, 120], 10.0, [54.99993589247419, 0], [261.5483333333334, 0.0]]}, "1": {"0": [9, [63, 78, 84], 10.0, [92.49999898975635, 0], [429.7550000000001, 0.0]], "5": [6, [131, 131, 139], 0, [18.749966881149113, 24.999971851447075], [93.84, 0.0]], "6": [15, [139, 156, 156], 10.0, [0, 24.99994375798099], [407.2916666666668, 0.0]], "9": [10, [84, 84, 90], 0, [77.49993368814111, 0], [70.38000000000001, 0.0]], "10": [11, [90, 91, 101], 10.0, [62.49996180732546, 0], [141.25833333333335, 0.0]], "11": [12, [101, 101, 102], 0, [37.49996185083925, 0], [11.73, 0.0]], "12": [5, [102, 108, 131], 10.0, [37.499933707211376, 24.999971909631256], [361.7900000000001, 0.0]]}, "2": {"0": [15, [63, 63, 63], 0, [0, 0], [0, 0]]}, "3": {"0": [15, [63, 63, 63], 0, [0, 0], [0, 0]]}, "4": {"0": [15, [63, 63, 63], 0, [0, 0], [0, 0]]}, "5": {"0": [15, [63, 63, 63], 0, [0, 0], [0, 0]]}}, "order_fulfillment": {"postponed_orders": [], "serviced_orders": [1, 2, 3, 4, 5, 6, 7, 8, 9, 10, 11, 12, 13, 14]}, "vessels": {"fleet_vessels": 2, "chartered_vessels": 0}, "objective": {"objective_bound": 3004.7226, "fuel_costs": 3762.2921, "charter_costs": 0.0, "penalty_costs": 0.0002, "optimality_gap": 0.16546083871202308}, "variables": {"number_of_variables": 358212, "number_of_bin_variables": 358020, "number_of_arcs": 357924, "number_of_cont_variables": 192}, "runtime": {"preprocess_runtime": 29.5577, "model_runtime": 3600.6089}}