{"instance_info": {"installation_ordering": "Random", "number_of_installations": 3, "weather_scenario": 0, "fleet_size": 4, "order_composition": {"1": {"order": "MD_STC", "size": 8.75, "installation": 23, "node": 1}, "2": {"order": "OD_STC", "size": 21.875, "installation": 23, "node": 2}, "3": {"order": "MD_TRB", "size": 30.0, "installation": 2, "node": 3}, "4": {"order": "OP_TRB", "size": 15.0, "installation": 2, "node": 4}, "5": {"order": "MD_SSC", "size": 7.5, "installation": 12, "node": 5}, "6": {"order": "OD_SSC", "size": 7.5, "installation": 12, "node": 6}}}, "voyages": {"0": {"0": [1, [63, 101, 105], 10.0, [75.625, 0], [957.3366666666669, 0.0]], "1": [2, [105, 105, 114], 0, [66.875, 0], [105.57000000000001, 0.0]], "2": [5, [114, 132, 135], 10.0, [45.0, 0], [466.44000000000017, 0.0]], "3": [4, [156, 156, 157], 0, [0, 0], [11.73, 0.0]], "4": [7, [157, 175, 175], 10.0, [0, 15.0], [431.25000000000017, 0.0]], "5": [6, [135, 135, 138], 0, [37.5, 0], [35.190000000000005, 0.0]], "6": [3, [138, 144, 156], 10.0, [30.0, 0], [284.5100000000001, 0.0]]}, "1": {"0": [7, [63, 63, 63], 0, [0, 0], [0, 0]]}, "2": {"0": [7, [63, 63, 63], 0, [0, 0], [0, 0]]}, "3": {"0": [7, [63, 63, 63], 0, [0, 0], [0, 0]]}, "4": {"0": [7, [63, 63, 63], 0, [0, 0], [0, 0]]}}, "order_fulfillment": {"postponed_orders": [], "serviced_orders": [1, 2, 3, 4, 5, 6]}, "vessels": {"fleet_vessels": 1, "chartered_vessels": 0}, "objective": {"objective_bound": 2292.0267, "fuel_costs": 2292.0267, "charter_costs": 0.0, "penalty_costs": 0.0, "optimality_gap": 0.0}, "variables": {"number_of_variables": 42300, "number_of_bin_variables": 42220, "number_of_arcs": 42180, "number_of_cont_variables": 80}, "runtime": {"preprocess_runtime": 4.4132, "model_runtime": 11.5681}}