{"instance_info": {"installation_ordering": "Random", "number_of_installations": 3, "weather_scenario": 0, "fleet_size": 3, "order_composition": {"1": {"order": "MD_WEL", "size": 22.5, "installation": 17, "node": 1}, "2": {"order": "OD_WEL", "size": 11.25, "installation": 17, "node": 2}, "3": {"order": "MD_SEQ", "size": 15.0, "installation": 7, "node": 3}, "4": {"order": "OP_SEQ", "size": 10.0, "installation": 7, "node": 4}, "5": {"order": "MD_OSB", "size": 11.25, "installation": 9, "node": 5}, "6": {"order": "OD_OSB", "size": 11.25, "installation": 9, "node": 6}}}, "voyages": {"0": {"0": [7, [63, 63, 63], 0, [0, 0], [0, 0]]}, "1": {"0": [7, [63, 63, 63], 0, [0, 0], [0, 0]]}, "2": {"0": [5, [63, 91, 96], 10.0, [71.25, 0], [729.4833333333336, 0.0]], "1": [2, [124, 124, 129], 0, [26.25, 0], [58.650000000000006, 0.0]], "2": [3, [129, 144, 150], 10.0, [15.0, 0], [429.7550000000001, 0.0]], "3": [4, [150, 150, 151], 0, [0, 0], [11.73, 0.0]], "4": [7, [151, 167, 167], 10.0, [0, 10.0], [383.3333333333334, 0.0]], "5": [6, [96, 96, 101], 0, [60.0, 0], [58.650000000000006, 0.0]], "6": [1, [101, 115, 124], 10.0, [48.75, 0], [440.9866666666668, 0.0]]}, "3": {"0": [7, [63, 63, 63], 0, [0, 0], [0, 0]]}}, "order_fulfillment": {"postponed_orders": [], "serviced_orders": [1, 2, 3, 4, 5, 6]}, "vessels": {"fleet_vessels": 1, "chartered_vessels": 0}, "objective": {"objective_bound": 2112.5883, "fuel_costs": 2112.5883, "charter_costs": 0.0, "penalty_costs": 0.0, "optimality_gap": 0.0}, "variables": {"number_of_variables": 52712, "number_of_bin_variables": 52648, "number_of_arcs": 52616, "number_of_cont_variables": 64}, "runtime": {"preprocess_runtime": 3.9526, "model_runtime": 28.7313}}