{"instance_info": {"installation_ordering": "Random", "number_of_installations": 3, "weather_scenario": 0, "fleet_size": 2, "order_composition": {"1": {"order": "MD_STC", "size": 17.5, "installation": 23, "node": 1}, "2": {"order": "OD_STC", "size": 21.875, "installation": 23, "node": 2}, "3": {"order": "MD_TRB", "size": 20.0, "installation": 2, "node": 3}, "4": {"order": "OP_TRB", "size": 20.0, "installation": 2, "node": 4}, "5": {"order": "MD_SSC", "size": 5.625, "installation": 12, "node": 5}, "6": {"order": "OD_SSC", "size": 9.375, "installation": 12, "node": 6}}}, "voyages": {"0": {"0": [1, [63, 101, 108], 10.0, [74.375, 0], [992.526666666667, 0.0]], "1": [2, [108, 108, 117], 0, [56.87500000000007, 0], [105.57000000000001, 0.0]], "2": [5, [117, 135, 138], 10.0, [35.00000000000015, 0], [466.44000000000017, 0.0]], "3": [4, [156, 156, 157], 0, [0, 0], [11.73, 0.0]], "4": [7, [157, 175, 175], 10.0, [0, 20.0], [431.25000000000017, 0.0]], "5": [6, [138, 138, 142], 0, [29.375000000000355, 0], [46.92, 0.0]], "6": [3, [142, 148, 156], 10.0, [20.000000000000004, 0], [237.59000000000006, 0.0]]}, "1": {"0": [7, [63, 63, 63], 0, [0, 0], [0, 0]]}, "2": {"0": [7, [63, 63, 63], 0, [0, 0], [0, 0]]}}, "order_fulfillment": {"postponed_orders": [], "serviced_orders": [1, 2, 3, 4, 5, 6]}, "vessels": {"fleet_vessels": 1, "chartered_vessels": 0}, "objective": {"objective_bound": 2292.0267, "fuel_costs": 2292.0267, "charter_costs": 0.0, "penalty_costs": 0.0, "optimality_gap": 0.0}, "variables": {"number_of_variables": 25581, "number_of_bin_variables": 25533, "number_of_arcs": 25509, "number_of_cont_variables": 48}, "runtime": {"preprocess_runtime": 2.5152, "model_runtime": 3.4205}}