{"instance_info": {"installation_ordering": "Random", "number_of_installations": 3, "weather_scenario": 0, "fleet_size": 4, "order_composition": {"1": {"order": "MD_STB", "size": 21.875, "installation": 22, "node": 1}, "2": {"order": "OD_STB", "size": 13.125, "installation": 22, "node": 2}, "3": {"order": "MD_GFC", "size": 17.5, "installation": 26, "node": 3}, "4": {"order": "OP_GFC", "size": 17.5, "installation": 26, "node": 4}, "5": {"order": "MD_SSC", "size": 7.5, "installation": 12, "node": 5}, "6": {"order": "OD_SSC", "size": 3.75, "installation": 12, "node": 6}}}, "voyages": {"0": {"0": [7, [63, 63, 63], 0, [0, 0], [0, 0]]}, "1": {"0": [7, [63, 63, 63], 0, [0, 0], [0, 0]]}, "2": {"0": [7, [63, 63, 63], 0, [0, 0], [0, 0]]}, "3": {"0": [5, [63, 88, 91], 10.0, [63.75, 0], [634.1483333333335, 0.0]], "1": [2, [119, 119, 125], 0, [30.624999999999986, 0], [70.38000000000001, 0.0]], "2": [3, [125, 130, 137], 10.0, [17.499999999999993, 0], [201.9016666666667, 0.0]], "3": [4, [137, 137, 138], 0, [0, 0], [11.73, 0.0]], "4": [7, [138, 172, 172], 10.0, [0, 17.5], [814.5833333333336, 0.0]], "5": [6, [91, 91, 93], 0, [56.25000000001022, 0], [23.46, 0.0]], "6": [1, [93, 110, 119], 10.0, [52.5, 0], [512.8616666666668, 0.0]]}, "4": {"0": [7, [63, 63, 63], 0, [0, 0], [0, 0]]}}, "order_fulfillment": {"postponed_orders": [], "serviced_orders": [1, 2, 3, 4, 5, 6]}, "vessels": {"fleet_vessels": 1, "chartered_vessels": 0}, "objective": {"objective_bound": 2269.065, "fuel_costs": 2269.065, "charter_costs": 0.0, "penalty_costs": 0.0, "optimality_gap": 0.0}, "variables": {"number_of_variables": 55740, "number_of_bin_variables": 55660, "number_of_arcs": 55620, "number_of_cont_variables": 80}, "runtime": {"preprocess_runtime": 4.2797, "model_runtime": 50.3154}}