{"instance_info": {"installation_ordering": "Random", "number_of_installations": 3, "weather_scenario": 0, "fleet_size": 2, "order_composition": {"1": {"order": "MD_VFB", "size": 15.0, "installation": 18, "node": 1}, "2": {"order": "OD_VFB", "size": 15.0, "installation": 18, "node": 2}, "3": {"order": "MD_VMO", "size": 18.75, "installation": 16, "node": 3}, "4": {"order": "OP_VMO", "size": 7.5, "installation": 16, "node": 4}, "5": {"order": "MD_TRO", "size": 15.0, "installation": 1, "node": 5}, "6": {"order": "OD_TRO", "size": 15.0, "installation": 1, "node": 6}}}, "voyages": {"0": {"0": [7, [63, 63, 63], 0, [0, 0], [0, 0]]}, "1": {"0": [1, [63, 88, 94], 10.0, [78.75, 0], [669.3383333333335, 0.0]], "1": [2, [94, 94, 100], 0, [63.75, 0], [70.38000000000001, 0.0]], "2": [3, [100, 108, 116], 10.0, [48.75, 0], [285.5066666666667, 0.0]], "3": [4, [116, 116, 117], 0, [30.0, 0], [11.73, 0.0]], "4": [5, [117, 135, 141], 10.0, [30.0, 7.5], [501.63000000000017, 0.0]], "5": [6, [141, 141, 147], 0, [15.0, 7.5], [70.38000000000001, 0.0]], "6": [7, [147, 164, 164], 10.0, [0, 7.5], [407.2916666666668, 0.0]]}, "2": {"0": [7, [63, 63, 63], 0, [0, 0], [0, 0]]}}, "order_fulfillment": {"postponed_orders": [], "serviced_orders": [1, 2, 3, 4, 5, 6]}, "vessels": {"fleet_vessels": 1, "chartered_vessels": 0}, "objective": {"objective_bound": 2016.2567, "fuel_costs": 2016.2567, "charter_costs": 0.0, "penalty_costs": 0.0, "optimality_gap": 0.0}, "variables": {"number_of_variables": 22803, "number_of_bin_variables": 22755, "number_of_arcs": 22731, "number_of_cont_variables": 48}, "runtime": {"preprocess_runtime": 2.4922, "model_runtime": 3.0991}}