{"instance_info": {"installation_ordering": "Random", "number_of_installations": 3, "weather_scenario": 0, "fleet_size": 3, "order_composition": {"1": {"order": "MD_VFB", "size": 15.0, "installation": 18, "node": 1}, "2": {"order": "OD_VFB", "size": 18.75, "installation": 18, "node": 2}, "3": {"order": "MD_VMO", "size": 11.25, "installation": 16, "node": 3}, "4": {"order": "OP_VMO", "size": 18.75, "installation": 16, "node": 4}, "5": {"order": "MD_TRO", "size": 15.0, "installation": 1, "node": 5}, "6": {"order": "OD_TRO", "size": 22.5, "installation": 1, "node": 6}}}, "voyages": {"0": {"0": [7, [63, 63, 63], 0, [0, 0], [0, 0]]}, "1": {"0": [7, [63, 63, 63], 0, [0, 0], [0, 0]]}, "2": {"0": [1, [63, 88, 94], 10.0, [82.5, 0], [669.3383333333335, 0.0]], "1": [2, [94, 94, 102], 0, [67.5, 0], [93.84, 0.0]], "2": [3, [102, 110, 115], 10.0, [48.75, 0], [250.31666666666672, 0.0]], "3": [4, [115, 115, 116], 0, [37.5, 0], [11.73, 0.0]], "4": [5, [116, 134, 140], 10.0, [37.5, 18.75], [501.63000000000017, 0.0]], "5": [6, [140, 140, 149], 0, [22.5, 18.74999999999993], [105.57000000000001, 0.0]], "6": [7, [149, 166, 166], 10.0, [0, 18.74999999999993], [407.2916666666668, 0.0]]}, "3": {"0": [7, [63, 63, 63], 0, [0, 0], [0, 0]]}}, "order_fulfillment": {"postponed_orders": [], "serviced_orders": [1, 2, 3, 4, 5, 6]}, "vessels": {"fleet_vessels": 1, "chartered_vessels": 0}, "objective": {"objective_bound": 2039.7167, "fuel_costs": 2039.7167, "charter_costs": 0.0, "penalty_costs": 0.0, "optimality_gap": 0.0}, "variables": {"number_of_variables": 30444, "number_of_bin_variables": 30380, "number_of_arcs": 30348, "number_of_cont_variables": 64}, "runtime": {"preprocess_runtime": 3.1999, "model_runtime": 7.3315}}