{"instance_info": {"installation_ordering": "Random", "number_of_installations": 3, "weather_scenario": 0, "fleet_size": 4, "order_composition": {"1": {"order": "MD_WEL", "size": 15.0, "installation": 17, "node": 1}, "2": {"order": "OD_WEL", "size": 18.75, "installation": 17, "node": 2}, "3": {"order": "MD_SEQ", "size": 20.0, "installation": 7, "node": 3}, "4": {"order": "OP_SEQ", "size": 20.0, "installation": 7, "node": 4}, "5": {"order": "MD_OSB", "size": 22.5, "installation": 9, "node": 5}, "6": {"order": "OD_OSB", "size": 22.5, "installation": 9, "node": 6}}}, "voyages": {"0": {"0": [5, [63, 91, 100], 10.0, [98.75, 0], [776.4033333333336, 0.0]], "1": [2, [129, 129, 137], 0, [38.75, 0], [93.84, 0.0]], "2": [3, [137, 152, 160], 10.0, [20.0, 0], [453.21500000000015, 0.0]], "3": [4, [160, 160, 161], 0, [0, 0], [11.73, 0.0]], "4": [7, [161, 177, 177], 10.0, [0, 20.0], [383.3333333333334, 0.0]], "5": [6, [100, 100, 109], 0, [76.25, 0], [105.57000000000001, 0.0]], "6": [1, [109, 123, 129], 10.0, [53.75, 0], [405.7966666666668, 0.0]]}, "1": {"0": [7, [63, 63, 63], 0, [0, 0], [0, 0]]}, "2": {"0": [7, [63, 63, 63], 0, [0, 0], [0, 0]]}, "3": {"0": [7, [63, 63, 63], 0, [0, 0], [0, 0]]}, "4": {"0": [7, [63, 63, 63], 0, [0, 0], [0, 0]]}}, "order_fulfillment": {"postponed_orders": [], "serviced_orders": [1, 2, 3, 4, 5, 6]}, "vessels": {"fleet_vessels": 1, "chartered_vessels": 0}, "objective": {"objective_bound": 2229.8883, "fuel_costs": 2229.8883, "charter_costs": 0.0, "penalty_costs": 0.0, "optimality_gap": 0.0}, "variables": {"number_of_variables": 65615, "number_of_bin_variables": 65535, "number_of_arcs": 65495, "number_of_cont_variables": 80}, "runtime": {"preprocess_runtime": 4.8396, "model_runtime": 44.5019}}