{"instance_info": {"installation_ordering": "Random", "number_of_installations": 3, "weather_scenario": 0, "fleet_size": 3, "order_composition": {"1": {"order": "MD_STB", "size": 21.875, "installation": 22, "node": 1}, "2": {"order": "OD_STB", "size": 17.5, "installation": 22, "node": 2}, "3": {"order": "MD_GFC", "size": 26.25, "installation": 26, "node": 3}, "4": {"order": "OP_GFC", "size": 13.125, "installation": 26, "node": 4}, "5": {"order": "MD_SSC", "size": 5.625, "installation": 12, "node": 5}, "6": {"order": "OD_SSC", "size": 3.75, "installation": 12, "node": 6}}}, "voyages": {"0": {"0": [1, [63, 102, 111], 10.0, [75.0, 0], [1039.9450000000004, 0.0]], "1": [2, [111, 111, 118], 0, [53.125, 0], [82.11000000000001, 0.0]], "2": [3, [118, 123, 134], 10.0, [35.625, 0], [248.82166666666672, 0.0]], "3": [4, [134, 134, 135], 0, [9.375, 0], [11.73, 0.0]], "4": [5, [135, 149, 152], 10.0, [9.375, 13.125], [370.6066666666668, 0.0]], "5": [6, [152, 152, 154], 0, [3.75, 13.124999999999995], [23.46, 0.0]], "6": [7, [154, 179, 179], 10.0, [0, 13.124999999999995], [598.9583333333335, 0.0]]}, "1": {"0": [7, [63, 63, 63], 0, [0, 0], [0, 0]]}, "2": {"0": [7, [63, 63, 63], 0, [0, 0], [0, 0]]}, "3": {"0": [7, [63, 63, 63], 0, [0, 0], [0, 0]]}}, "order_fulfillment": {"postponed_orders": [], "serviced_orders": [1, 2, 3, 4, 5, 6]}, "vessels": {"fleet_vessels": 1, "chartered_vessels": 0}, "objective": {"objective_bound": 2375.6317, "fuel_costs": 2375.6317, "charter_costs": 0.0, "penalty_costs": 0.0, "optimality_gap": 0.0}, "variables": {"number_of_variables": 44364, "number_of_bin_variables": 44300, "number_of_arcs": 44268, "number_of_cont_variables": 64}, "runtime": {"preprocess_runtime": 3.5128, "model_runtime": 32.6267}}