{"instance_info": {"installation_ordering": "Random", "number_of_installations": 3, "weather_scenario": 0, "fleet_size": 4, "order_composition": {"1": {"order": "MD_VFB", "size": 15.0, "installation": 18, "node": 1}, "2": {"order": "OD_VFB", "size": 18.75, "installation": 18, "node": 2}, "3": {"order": "MD_VMO", "size": 15.0, "installation": 16, "node": 3}, "4": {"order": "OP_VMO", "size": 15.0, "installation": 16, "node": 4}, "5": {"order": "MD_TRO", "size": 11.25, "installation": 1, "node": 5}, "6": {"order": "OD_TRO", "size": 15.0, "installation": 1, "node": 6}}}, "voyages": {"0": {"0": [7, [63, 63, 63], 0, [0, 0], [0, 0]]}, "1": {"0": [7, [63, 63, 63], 0, [0, 0], [0, 0]]}, "2": {"0": [1, [63, 88, 94], 10.0, [75.0, 0], [669.3383333333335, 0.0]], "1": [2, [94, 94, 102], 0, [60.0, 0], [93.84, 0.0]], "2": [3, [102, 110, 116], 10.0, [41.25, 0], [262.04666666666674, 0.0]], "3": [4, [116, 116, 117], 0, [26.25, 0], [11.73, 0.0]], "4": [5, [117, 135, 140], 10.0, [26.25, 15.0], [489.9000000000002, 0.0]], "5": [6, [140, 140, 146], 0, [15.0, 15.0], [70.38000000000001, 0.0]], "6": [7, [146, 163, 163], 10.0, [0, 15.0], [407.2916666666668, 0.0]]}, "3": {"0": [7, [63, 63, 63], 0, [0, 0], [0, 0]]}, "4": {"0": [7, [63, 63, 63], 0, [0, 0], [0, 0]]}}, "order_fulfillment": {"postponed_orders": [], "serviced_orders": [1, 2, 3, 4, 5, 6]}, "vessels": {"fleet_vessels": 1, "chartered_vessels": 0}, "objective": {"objective_bound": 2004.5267, "fuel_costs": 2004.5267, "charter_costs": 0.0, "penalty_costs": 0.0, "optimality_gap": 0.0}, "variables": {"number_of_variables": 38215, "number_of_bin_variables": 38135, "number_of_arcs": 38095, "number_of_cont_variables": 80}, "runtime": {"preprocess_runtime": 3.9187, "model_runtime": 6.8594}}