{"instance_info": {"installation_ordering": "Random", "number_of_installations": 3, "weather_scenario": 0, "fleet_size": 3, "order_composition": {"1": {"order": "MD_STC", "size": 21.875, "installation": 23, "node": 1}, "2": {"order": "OD_STC", "size": 17.5, "installation": 23, "node": 2}, "3": {"order": "MD_TRB", "size": 25.0, "installation": 2, "node": 3}, "4": {"order": "OP_TRB", "size": 20.0, "installation": 2, "node": 4}, "5": {"order": "MD_SSC", "size": 7.5, "installation": 12, "node": 5}, "6": {"order": "OD_SSC", "size": 9.375, "installation": 12, "node": 6}}}, "voyages": {"0": {"0": [7, [63, 63, 63], 0, [0, 0], [0, 0]]}, "1": {"0": [7, [63, 63, 63], 0, [0, 0], [0, 0]]}, "2": {"0": [1, [63, 101, 110], 10.0, [81.25, 0], [1015.986666666667, 0.0]], "1": [2, [110, 110, 117], 0, [59.375000000000355, 0], [82.11000000000001, 0.0]], "2": [5, [117, 135, 138], 10.0, [41.87500000000044, 0], [466.44000000000017, 0.0]], "3": [4, [158, 158, 159], 0, [0, 0], [11.73, 0.0]], "4": [7, [159, 177, 177], 10.0, [0, 20.0], [431.25000000000017, 0.0]], "5": [6, [138, 138, 142], 0, [34.37500000000056, 0], [46.92, 0.0]], "6": [3, [142, 148, 158], 10.0, [25.0, 0], [261.05000000000007, 0.0]]}, "3": {"0": [7, [63, 63, 63], 0, [0, 0], [0, 0]]}}, "order_fulfillment": {"postponed_orders": [], "serviced_orders": [1, 2, 3, 4, 5, 6]}, "vessels": {"fleet_vessels": 1, "chartered_vessels": 0}, "objective": {"objective_bound": 2315.4867, "fuel_costs": 2315.4867, "charter_costs": 0.0, "penalty_costs": 0.0, "optimality_gap": 0.0}, "variables": {"number_of_variables": 33740, "number_of_bin_variables": 33676, "number_of_arcs": 33644, "number_of_cont_variables": 64}, "runtime": {"preprocess_runtime": 3.3952, "model_runtime": 7.3956}}