{"instance_info": {"installation_ordering": "Random", "number_of_installations": 4, "weather_scenario": 0, "fleet_size": 4, "order_composition": {"1": {"order": "MD_STC", "size": 21.875, "installation": 23, "node": 1}, "2": {"order": "OD_STC", "size": 26.25, "installation": 23, "node": 2}, "3": {"order": "MD_TRB", "size": 15.0, "installation": 2, "node": 3}, "4": {"order": "OP_TRB", "size": 15.0, "installation": 2, "node": 4}, "5": {"order": "MD_SSC", "size": 9.375, "installation": 12, "node": 5}, "6": {"order": "OD_SSC", "size": 9.375, "installation": 12, "node": 6}, "7": {"order": "MD_GFC", "size": 17.5, "installation": 26, "node": 7}, "8": {"order": "OP_GFC", "size": 26.25, "installation": 26, "node": 8}}}, "voyages": {"0": {"0": [1, [63, 101, 110], 10.0, [99.375, 0], [1015.986666666667, 0.0]], "1": [2, [110, 110, 121], 0, [77.5, 0], [129.03, 0.0]], "2": [7, [121, 125, 132], 10.0, [51.25000000000001, 0], [177.94333333333338, 0.0]], "3": [4, [167, 167, 168], 0, [0, 26.249999999999996], [11.73, 0.0]], "4": [9, [168, 186, 186], 10.0, [0, 41.25], [431.25000000000017, 0.0]], "5": [6, [151, 151, 155], 0, [24.375000000000007, 26.249999999999996], [46.92, 0.0]], "6": [3, [155, 161, 167], 10.0, [14.999999999999995, 26.249999999999996], [214.13000000000005, 0.0]], "7": [8, [132, 132, 133], 0, [33.75000000000001, 0], [11.73, 0.0]], "8": [5, [133, 147, 151], 10.0, [33.75000000000001, 26.249999999999996], [382.3366666666668, 0.0]]}, "1": {"0": [9, [63, 63, 63], 0, [0, 0], [0, 0]]}, "2": {"0": [9, [63, 63, 63], 0, [0, 0], [0, 0]]}, "3": {"0": [9, [63, 63, 63], 0, [0, 0], [0, 0]]}, "4": {"0": [9, [63, 63, 63], 0, [0, 0], [0, 0]]}}, "order_fulfillment": {"postponed_orders": [], "serviced_orders": [1, 2, 3, 4, 5, 6, 7, 8]}, "vessels": {"fleet_vessels": 1, "chartered_vessels": 0}, "objective": {"objective_bound": 2421.0567, "fuel_costs": 2421.0567, "charter_costs": 0.0, "penalty_costs": 0.0, "optimality_gap": 0.0}, "variables": {"number_of_variables": 79040, "number_of_bin_variables": 78940, "number_of_arcs": 78890, "number_of_cont_variables": 100}, "runtime": {"preprocess_runtime": 7.5461, "model_runtime": 104.0113}}