{"instance_info": {"installation_ordering": "Random", "number_of_installations": 4, "weather_scenario": 0, "fleet_size": 2, "order_composition": {"1": {"order": "MD_STB", "size": 26.25, "installation": 22, "node": 1}, "2": {"order": "OD_STB", "size": 17.5, "installation": 22, "node": 2}, "3": {"order": "MD_GFC", "size": 17.5, "installation": 26, "node": 3}, "4": {"order": "OP_GFC", "size": 13.125, "installation": 26, "node": 4}, "5": {"order": "MD_SSC", "size": 3.75, "installation": 12, "node": 5}, "6": {"order": "OD_SSC", "size": 7.5, "installation": 12, "node": 6}, "7": {"order": "MD_OSC", "size": 18.75, "installation": 10, "node": 7}, "8": {"order": "OP_OSC", "size": 15.0, "installation": 10, "node": 8}}}, "voyages": {"0": {"0": [1, [63, 102, 113], 10.0, [91.25, 0], [1063.4050000000004, 0.0]], "1": [2, [113, 113, 120], 0, [65.0, 0], [82.11000000000001, 0.0]], "2": [3, [120, 125, 132], 10.0, [47.5, 0], [201.9016666666667, 0.0]], "3": [4, [132, 132, 133], 0, [30.0, 0], [11.73, 0.0]], "4": [7, [133, 148, 156], 10.0, [30.0, 13.125], [453.21500000000015, 0.0]], "5": [6, [161, 161, 164], 0, [7.5, 28.125], [35.190000000000005, 0.0]], "6": [9, [164, 189, 189], 10.0, [0, 28.125], [598.9583333333335, 0.0]], "7": [8, [156, 156, 157], 0, [11.250000000000002, 13.125], [11.73, 0.0]], "8": [5, [157, 159, 161], 11.0, [11.250000000000002, 28.125], [87.23708333333333, 0.0]]}, "1": {"0": [9, [63, 63, 63], 0, [0, 0], [0, 0]]}, "2": {"0": [9, [63, 63, 63], 0, [0, 0], [0, 0]]}}, "order_fulfillment": {"postponed_orders": [], "serviced_orders": [1, 2, 3, 4, 5, 6, 7, 8]}, "vessels": {"fleet_vessels": 1, "chartered_vessels": 0}, "objective": {"objective_bound": 2545.4771, "fuel_costs": 2545.4771, "charter_costs": 0.0, "penalty_costs": 0.0, "optimality_gap": 0.0}, "variables": {"number_of_variables": 60531, "number_of_bin_variables": 60471, "number_of_arcs": 60441, "number_of_cont_variables": 60}, "runtime": {"preprocess_runtime": 4.6073, "model_runtime": 46.181}}