{"instance_info": {"installation_ordering": "Random", "number_of_installations": 4, "weather_scenario": 0, "fleet_size": 3, "order_composition": {"1": {"order": "MD_WEL", "size": 15.0, "installation": 17, "node": 1}, "2": {"order": "OD_WEL", "size": 15.0, "installation": 17, "node": 2}, "3": {"order": "MD_SEQ", "size": 20.0, "installation": 7, "node": 3}, "4": {"order": "OP_SEQ", "size": 25.0, "installation": 7, "node": 4}, "5": {"order": "MD_OSB", "size": 7.5, "installation": 9, "node": 5}, "6": {"order": "OD_OSB", "size": 15.0, "installation": 9, "node": 6}, "7": {"order": "MD_STB", "size": 21.875, "installation": 22, "node": 7}, "8": {"order": "OP_STB", "size": 17.5, "installation": 22, "node": 8}}}, "voyages": {"0": {"0": [9, [63, 63, 63], 0, [0, 0], [0, 0]]}, "1": {"0": [5, [63, 91, 94], 10.0, [94.375, 0], [706.0233333333337, 0.0]], "1": [2, [120, 120, 126], 0, [56.87500000000005, 0], [70.38000000000001, 0.0]], "2": [7, [126, 133, 142], 10.0, [41.87500000000005, 0], [273.2783333333334, 0.0]], "3": [4, [173, 173, 174], 0, [0, 17.5], [11.73, 0.0]], "4": [9, [174, 190, 190], 10.0, [0, 42.499999999999986], [383.3333333333334, 0.0]], "5": [6, [94, 94, 100], 0, [86.87500000000006, 0], [70.38000000000001, 0.0]], "6": [1, [100, 114, 120], 10.0, [71.87500000000004, 0], [405.7966666666668, 0.0]], "7": [8, [142, 142, 143], 0, [20.000000000000046, 0], [11.73, 0.0]], "8": [3, [143, 165, 173], 10.0, [19.999999999999986, 17.499999999999996], [620.9233333333335, 0.0]]}, "2": {"0": [9, [63, 63, 63], 0, [0, 0], [0, 0]]}, "3": {"0": [9, [63, 63, 63], 0, [0, 0], [0, 0]]}}, "order_fulfillment": {"postponed_orders": [], "serviced_orders": [1, 2, 3, 4, 5, 6, 7, 8]}, "vessels": {"fleet_vessels": 1, "chartered_vessels": 0}, "objective": {"objective_bound": 2553.575, "fuel_costs": 2553.575, "charter_costs": 0.0, "penalty_costs": 0.0, "optimality_gap": 0.0}, "variables": {"number_of_variables": 94580, "number_of_bin_variables": 94500, "number_of_arcs": 94460, "number_of_cont_variables": 80}, "runtime": {"preprocess_runtime": 6.7993, "model_runtime": 166.3789}}