{"instance_info": {"installation_ordering": "Random", "number_of_installations": 4, "weather_scenario": 0, "fleet_size": 4, "order_composition": {"1": {"order": "MD_VFB", "size": 15.0, "installation": 18, "node": 1}, "2": {"order": "OD_VFB", "size": 11.25, "installation": 18, "node": 2}, "3": {"order": "MD_VMO", "size": 15.0, "installation": 16, "node": 3}, "4": {"order": "OP_VMO", "size": 11.25, "installation": 16, "node": 4}, "5": {"order": "MD_TRO", "size": 18.75, "installation": 1, "node": 5}, "6": {"order": "OD_TRO", "size": 7.5, "installation": 1, "node": 6}, "7": {"order": "MD_HUL", "size": 15.0, "installation": 20, "node": 7}, "8": {"order": "OP_HUL", "size": 12.5, "installation": 20, "node": 8}}}, "voyages": {"0": {"0": [9, [63, 63, 63], 0, [0, 0], [0, 0]]}, "1": {"0": [1, [63, 88, 94], 10.0, [82.5, 0], [669.3383333333335, 0.0]], "1": [2, [94, 94, 99], 0, [67.5, 0], [58.650000000000006, 0.0]], "2": [7, [99, 101, 107], 11.0, [56.24999999999994, 0], [134.15708333333333, 0.0]], "3": [4, [119, 119, 120], 0, [26.24999999999995, 12.5], [11.73, 0.0]], "4": [5, [120, 138, 146], 10.0, [26.25, 23.75], [525.0900000000001, 0.0]], "5": [6, [146, 146, 149], 0, [7.5, 23.74999999999993], [35.190000000000005, 0.0]], "6": [9, [149, 166, 166], 10.0, [0, 23.74999999999993], [407.2916666666668, 0.0]], "7": [8, [107, 107, 108], 0, [41.24999999999994, 0], [11.73, 0.0]], "8": [3, [108, 113, 119], 10.0, [41.24999999999994, 12.5], [190.1716666666667, 0.0]]}, "2": {"0": [9, [63, 63, 63], 0, [0, 0], [0, 0]]}, "3": {"0": [9, [63, 63, 63], 0, [0, 0], [0, 0]]}, "4": {"0": [9, [63, 63, 63], 0, [0, 0], [0, 0]]}}, "order_fulfillment": {"postponed_orders": [], "serviced_orders": [1, 2, 3, 4, 5, 6, 7, 8]}, "vessels": {"fleet_vessels": 1, "chartered_vessels": 0}, "objective": {"objective_bound": 2043.3488, "fuel_costs": 2043.3488, "charter_costs": 0.0, "penalty_costs": 0.0, "optimality_gap": 0.0}, "variables": {"number_of_variables": 67225, "number_of_bin_variables": 67125, "number_of_arcs": 67075, "number_of_cont_variables": 100}, "runtime": {"preprocess_runtime": 6.865, "model_runtime": 145.8992}}