{"instance_info": {"installation_ordering": "Random", "number_of_installations": 4, "weather_scenario": 0, "fleet_size": 2, "order_composition": {"1": {"order": "MD_WEL", "size": 15.0, "installation": 17, "node": 1}, "2": {"order": "OD_WEL", "size": 18.75, "installation": 17, "node": 2}, "3": {"order": "MD_SEQ", "size": 15.0, "installation": 7, "node": 3}, "4": {"order": "OP_SEQ", "size": 25.0, "installation": 7, "node": 4}, "5": {"order": "MD_OSB", "size": 15.0, "installation": 9, "node": 5}, "6": {"order": "OD_OSB", "size": 7.5, "installation": 9, "node": 6}, "7": {"order": "MD_STB", "size": 13.125, "installation": 22, "node": 7}, "8": {"order": "OP_STB", "size": 13.125, "installation": 22, "node": 8}}}, "voyages": {"0": {"0": [9, [63, 63, 63], 0, [0, 0], [0, 0]]}, "1": {"0": [5, [63, 91, 97], 10.0, [84.375, 0], [741.2133333333336, 0.0]], "1": [2, [120, 120, 128], 0, [46.875, 0], [93.84, 0.0]], "2": [7, [128, 135, 141], 10.0, [28.125, 0], [238.08833333333342, 0.0]], "3": [4, [170, 170, 171], 0, [0, 13.125], [11.73, 0.0]], "4": [9, [171, 187, 187], 10.0, [0, 38.125], [383.3333333333334, 0.0]], "5": [6, [97, 97, 100], 0, [69.375, 0], [35.190000000000005, 0.0]], "6": [1, [100, 114, 120], 10.0, [61.875, 0], [405.7966666666668, 0.0]], "7": [8, [141, 141, 142], 0, [15.0, 0], [11.73, 0.0]], "8": [3, [142, 164, 170], 10.0, [15.0, 13.125], [597.4633333333335, 0.0]]}, "2": {"0": [9, [63, 63, 63], 0, [0, 0], [0, 0]]}}, "order_fulfillment": {"postponed_orders": [], "serviced_orders": [1, 2, 3, 4, 5, 6, 7, 8]}, "vessels": {"fleet_vessels": 1, "chartered_vessels": 0}, "objective": {"objective_bound": 2518.385, "fuel_costs": 2518.385, "charter_costs": 0.0, "penalty_costs": 0.0, "optimality_gap": 0.0}, "variables": {"number_of_variables": 71088, "number_of_bin_variables": 71028, "number_of_arcs": 70998, "number_of_cont_variables": 60}, "runtime": {"preprocess_runtime": 5.2073, "model_runtime": 50.3858}}