{"instance_info": {"installation_ordering": "Random", "number_of_installations": 4, "weather_scenario": 0, "fleet_size": 3, "order_composition": {"1": {"order": "MD_STB", "size": 21.875, "installation": 22, "node": 1}, "2": {"order": "OD_STB", "size": 13.125, "installation": 22, "node": 2}, "3": {"order": "MD_GFC", "size": 8.75, "installation": 26, "node": 3}, "4": {"order": "OP_GFC", "size": 17.5, "installation": 26, "node": 4}, "5": {"order": "MD_SSC", "size": 11.25, "installation": 12, "node": 5}, "6": {"order": "OD_SSC", "size": 7.5, "installation": 12, "node": 6}, "7": {"order": "MD_OSC", "size": 18.75, "installation": 10, "node": 7}, "8": {"order": "OP_OSC", "size": 18.75, "installation": 10, "node": 8}}}, "voyages": {"0": {"0": [9, [63, 63, 63], 0, [0, 0], [0, 0]]}, "1": {"0": [9, [63, 63, 63], 0, [0, 0], [0, 0]]}, "2": {"0": [5, [63, 88, 93], 10.0, [81.25, 0], [657.6083333333335, 0.0]], "1": [2, [134, 134, 140], 0, [21.875, 18.75], [70.38000000000001, 0.0]], "2": [3, [140, 145, 149], 10.0, [8.75, 18.75], [166.7116666666667, 0.0]], "3": [4, [149, 149, 150], 0, [0, 18.75], [11.73, 0.0]], "4": [9, [150, 184, 184], 10.0, [0, 36.25], [814.5833333333336, 0.0]], "5": [6, [93, 93, 96], 0, [70.0, 0], [35.190000000000005, 0.0]], "6": [7, [96, 98, 106], 11.0, [62.5, 0], [157.61708333333334, 0.0]], "7": [8, [106, 106, 107], 0, [43.75, 0], [11.73, 0.0]], "8": [1, [107, 125, 134], 10.0, [43.75, 18.75], [536.8200000000002, 0.0]]}, "3": {"0": [9, [63, 63, 63], 0, [0, 0], [0, 0]]}}, "order_fulfillment": {"postponed_orders": [], "serviced_orders": [1, 2, 3, 4, 5, 6, 7, 8]}, "vessels": {"fleet_vessels": 1, "chartered_vessels": 0}, "objective": {"objective_bound": 2462.3704, "fuel_costs": 2462.3704, "charter_costs": 0.0, "penalty_costs": 0.0, "optimality_gap": 0.0}, "variables": {"number_of_variables": 80920, "number_of_bin_variables": 80840, "number_of_arcs": 80800, "number_of_cont_variables": 80}, "runtime": {"preprocess_runtime": 6.1821, "model_runtime": 98.441}}