{"instance_info": {"installation_ordering": "Random", "number_of_installations": 4, "weather_scenario": 0, "fleet_size": 4, "order_composition": {"1": {"order": "MD_STB", "size": 17.5, "installation": 22, "node": 1}, "2": {"order": "OD_STB", "size": 17.5, "installation": 22, "node": 2}, "3": {"order": "MD_GFC", "size": 17.5, "installation": 26, "node": 3}, "4": {"order": "OP_GFC", "size": 13.125, "installation": 26, "node": 4}, "5": {"order": "MD_SSC", "size": 9.375, "installation": 12, "node": 5}, "6": {"order": "OD_SSC", "size": 11.25, "installation": 12, "node": 6}, "7": {"order": "MD_OSC", "size": 7.5, "installation": 10, "node": 7}, "8": {"order": "OP_OSC", "size": 11.25, "installation": 10, "node": 8}}}, "voyages": {"0": {"0": [9, [63, 63, 63], 0, [0, 0], [0, 0]]}, "1": {"0": [5, [63, 88, 92], 10.0, [80.625, 0], [645.8783333333334, 0.0]], "1": [2, [128, 128, 135], 0, [35.0, 11.25], [82.11000000000001, 0.0]], "2": [3, [135, 140, 147], 10.0, [17.5, 11.25], [201.9016666666667, 0.0]], "3": [4, [147, 147, 148], 0, [0, 11.25], [11.73, 0.0]], "4": [9, [148, 182, 182], 10.0, [0, 24.375], [814.5833333333336, 0.0]], "5": [6, [92, 92, 97], 0, [71.25, 0], [58.650000000000006, 0.0]], "6": [7, [97, 99, 102], 11.0, [60.0, 0], [98.96708333333333, 0.0]], "7": [8, [102, 102, 103], 0, [52.5, 0], [11.73, 0.0]], "8": [1, [103, 121, 128], 10.0, [52.5, 11.25], [513.3600000000001, 0.0]]}, "2": {"0": [9, [63, 63, 63], 0, [0, 0], [0, 0]]}, "3": {"0": [9, [63, 63, 63], 0, [0, 0], [0, 0]]}, "4": {"0": [9, [63, 63, 63], 0, [0, 0], [0, 0]]}}, "order_fulfillment": {"postponed_orders": [], "serviced_orders": [1, 2, 3, 4, 5, 6, 7, 8]}, "vessels": {"fleet_vessels": 1, "chartered_vessels": 0}, "objective": {"objective_bound": 2438.9104, "fuel_costs": 2438.9104, "charter_costs": 0.0, "penalty_costs": 0.0, "optimality_gap": 0.0}, "variables": {"number_of_variables": 101725, "number_of_bin_variables": 101625, "number_of_arcs": 101575, "number_of_cont_variables": 100}, "runtime": {"preprocess_runtime": 12.587, "model_runtime": 359.4443}}