{"instance_info": {"installation_ordering": "Random", "number_of_installations": 4, "weather_scenario": 0, "fleet_size": 2, "order_composition": {"1": {"order": "MD_VFB", "size": 18.75, "installation": 18, "node": 1}, "2": {"order": "OD_VFB", "size": 11.25, "installation": 18, "node": 2}, "3": {"order": "MD_VMO", "size": 18.75, "installation": 16, "node": 3}, "4": {"order": "OP_VMO", "size": 11.25, "installation": 16, "node": 4}, "5": {"order": "MD_TRO", "size": 18.75, "installation": 1, "node": 5}, "6": {"order": "OD_TRO", "size": 18.75, "installation": 1, "node": 6}, "7": {"order": "MD_HUL", "size": 15.0, "installation": 20, "node": 7}, "8": {"order": "OP_HUL", "size": 12.5, "installation": 20, "node": 8}}}, "voyages": {"0": {"0": [9, [63, 63, 63], 0, [0, 0], [0, 0]]}, "1": {"0": [1, [63, 88, 96], 10.0, [101.25, 0], [692.7983333333335, 0.0]], "1": [2, [96, 96, 101], 0, [82.5, 0], [58.650000000000006, 0.0]], "2": [3, [101, 109, 117], 10.0, [71.25, 0], [285.5066666666667, 0.0]], "3": [4, [117, 117, 118], 0, [52.5, 0], [11.73, 0.0]], "4": [7, [118, 123, 129], 10.0, [52.5, 11.25], [190.1716666666667, 0.0]], "5": [6, [151, 151, 159], 0, [18.75, 23.75], [93.84, 0.0]], "6": [9, [159, 176, 176], 10.0, [0, 23.75], [407.2916666666668, 0.0]], "7": [8, [129, 129, 130], 0, [37.5, 11.25], [11.73, 0.0]], "8": [5, [130, 143, 151], 10.0, [37.5, 23.75], [405.2983333333334, 0.0]]}, "2": {"0": [9, [63, 63, 63], 0, [0, 0], [0, 0]]}}, "order_fulfillment": {"postponed_orders": [], "serviced_orders": [1, 2, 3, 4, 5, 6, 7, 8]}, "vessels": {"fleet_vessels": 1, "chartered_vessels": 0}, "objective": {"objective_bound": 2157.0167, "fuel_costs": 2157.0167, "charter_costs": 0.0, "penalty_costs": 0.0, "optimality_gap": 0.0}, "variables": {"number_of_variables": 40185, "number_of_bin_variables": 40125, "number_of_arcs": 40095, "number_of_cont_variables": 60}, "runtime": {"preprocess_runtime": 4.187, "model_runtime": 31.1569}}