{"instance_info": {"installation_ordering": "Random", "number_of_installations": 4, "weather_scenario": 0, "fleet_size": 2, "order_composition": {"1": {"order": "MD_STC", "size": 26.25, "installation": 23, "node": 1}, "2": {"order": "OD_STC", "size": 21.875, "installation": 23, "node": 2}, "3": {"order": "MD_TRB", "size": 20.0, "installation": 2, "node": 3}, "4": {"order": "OP_TRB", "size": 20.0, "installation": 2, "node": 4}, "5": {"order": "MD_SSC", "size": 5.625, "installation": 12, "node": 5}, "6": {"order": "OD_SSC", "size": 9.375, "installation": 12, "node": 6}, "7": {"order": "MD_GFC", "size": 17.5, "installation": 26, "node": 7}, "8": {"order": "OP_GFC", "size": 17.5, "installation": 26, "node": 8}}}, "voyages": {"0": {"0": [9, [63, 63, 63], 0, [0, 0], [0, 0]]}, "1": {"0": [1, [63, 101, 112], 10.0, [100.625, 0], [1039.446666666667, 0.0]], "1": [2, [112, 112, 121], 0, [74.375, 0], [105.57000000000001, 0.0]], "2": [7, [121, 125, 132], 10.0, [52.5, 0], [177.94333333333338, 0.0]], "3": [4, [168, 168, 169], 0, [0, 17.5], [11.73, 0.0]], "4": [9, [169, 187, 187], 10.0, [0, 37.5], [431.25000000000017, 0.0]], "5": [6, [150, 150, 154], 0, [29.375, 17.5], [46.92, 0.0]], "6": [3, [154, 160, 168], 10.0, [20.0, 17.5], [237.59000000000006, 0.0]], "7": [8, [132, 132, 133], 0, [35.0, 0], [11.73, 0.0]], "8": [5, [133, 147, 150], 10.0, [35.0, 17.5], [370.6066666666668, 0.0]]}, "2": {"0": [9, [63, 63, 63], 0, [0, 0], [0, 0]]}}, "order_fulfillment": {"postponed_orders": [], "serviced_orders": [1, 2, 3, 4, 5, 6, 7, 8]}, "vessels": {"fleet_vessels": 1, "chartered_vessels": 0}, "objective": {"objective_bound": 2432.7867, "fuel_costs": 2432.7867, "charter_costs": 0.0, "penalty_costs": 0.0, "optimality_gap": 0.0}, "variables": {"number_of_variables": 47064, "number_of_bin_variables": 47004, "number_of_arcs": 46974, "number_of_cont_variables": 60}, "runtime": {"preprocess_runtime": 4.4544, "model_runtime": 15.1434}}