{"instance_info": {"installation_ordering": "Random", "number_of_installations": 4, "weather_scenario": 0, "fleet_size": 4, "order_composition": {"1": {"order": "MD_WEL", "size": 11.25, "installation": 17, "node": 1}, "2": {"order": "OD_WEL", "size": 15.0, "installation": 17, "node": 2}, "3": {"order": "MD_SEQ", "size": 20.0, "installation": 7, "node": 3}, "4": {"order": "OP_SEQ", "size": 15.0, "installation": 7, "node": 4}, "5": {"order": "MD_OSB", "size": 15.0, "installation": 9, "node": 5}, "6": {"order": "OD_OSB", "size": 7.5, "installation": 9, "node": 6}, "7": {"order": "MD_STB", "size": 26.25, "installation": 22, "node": 7}, "8": {"order": "OP_STB", "size": 17.5, "installation": 22, "node": 8}}}, "voyages": {"0": {"0": [9, [63, 63, 63], 0, [0, 0], [0, 0]]}, "1": {"0": [9, [63, 63, 63], 0, [0, 0], [0, 0]]}, "2": {"0": [9, [63, 63, 63], 0, [0, 0], [0, 0]]}, "3": {"0": [5, [63, 91, 97], 10.0, [95.0, 0], [741.2133333333336, 0.0]], "1": [2, [119, 119, 125], 0, [61.25, 0], [70.38000000000001, 0.0]], "2": [7, [125, 132, 143], 10.0, [46.25, 0], [296.7383333333334, 0.0]], "3": [4, [174, 174, 175], 0, [0, 17.5], [11.73, 0.0]], "4": [9, [175, 191, 191], 10.0, [0, 32.5], [383.3333333333334, 0.0]], "5": [6, [97, 97, 100], 0, [80.0, 0], [35.190000000000005, 0.0]], "6": [1, [100, 114, 119], 10.0, [72.5, 0], [394.06666666666683, 0.0]], "7": [8, [143, 143, 144], 0, [20.0, 0], [11.73, 0.0]], "8": [3, [144, 166, 174], 10.0, [20.0, 17.5], [620.9233333333335, 0.0]]}, "4": {"0": [9, [63, 63, 63], 0, [0, 0], [0, 0]]}}, "order_fulfillment": {"postponed_orders": [], "serviced_orders": [1, 2, 3, 4, 5, 6, 7, 8]}, "vessels": {"fleet_vessels": 1, "chartered_vessels": 0}, "objective": {"objective_bound": 2565.305, "fuel_costs": 2565.305, "charter_costs": 0.0, "penalty_costs": 0.0, "optimality_gap": 0.0}, "variables": {"number_of_variables": 117690, "number_of_bin_variables": 117590, "number_of_arcs": 117540, "number_of_cont_variables": 100}, "runtime": {"preprocess_runtime": 10.2934, "model_runtime": 544.8838}}