{"instance_info": {"installation_ordering": "Random", "number_of_installations": 4, "weather_scenario": 0, "fleet_size": 3, "order_composition": {"1": {"order": "MD_VFB", "size": 7.5, "installation": 18, "node": 1}, "2": {"order": "OD_VFB", "size": 22.5, "installation": 18, "node": 2}, "3": {"order": "MD_VMO", "size": 11.25, "installation": 16, "node": 3}, "4": {"order": "OP_VMO", "size": 15.0, "installation": 16, "node": 4}, "5": {"order": "MD_TRO", "size": 11.25, "installation": 1, "node": 5}, "6": {"order": "OD_TRO", "size": 18.75, "installation": 1, "node": 6}, "7": {"order": "MD_HUL", "size": 7.5, "installation": 20, "node": 7}, "8": {"order": "OP_HUL", "size": 10.0, "installation": 20, "node": 8}}}, "voyages": {"0": {"0": [1, [63, 88, 91], 10.0, [78.75, 0], [634.1483333333335, 0.0]], "1": [2, [91, 91, 100], 0, [71.25, 0], [105.57000000000001, 0.0]], "2": [7, [100, 102, 105], 11.0, [48.75, 0], [98.96708333333333, 0.0]], "3": [4, [116, 116, 117], 0, [30.0, 10.0], [11.73, 0.0]], "4": [5, [117, 135, 140], 10.0, [30.0, 25.0], [489.9000000000002, 0.0]], "5": [6, [140, 140, 148], 0, [18.75, 25.0], [93.84, 0.0]], "6": [9, [148, 165, 165], 10.0, [0, 25.0], [407.2916666666668, 0.0]], "7": [8, [105, 105, 106], 0, [41.25, 0], [11.73, 0.0]], "8": [3, [106, 111, 116], 10.0, [41.25, 10.0], [178.44166666666672, 0.0]]}, "1": {"0": [9, [63, 63, 63], 0, [0, 0], [0, 0]]}, "2": {"0": [9, [63, 63, 63], 0, [0, 0], [0, 0]]}, "3": {"0": [9, [63, 63, 63], 0, [0, 0], [0, 0]]}}, "order_fulfillment": {"postponed_orders": [], "serviced_orders": [1, 2, 3, 4, 5, 6, 7, 8]}, "vessels": {"fleet_vessels": 1, "chartered_vessels": 0}, "objective": {"objective_bound": 2031.6188, "fuel_costs": 2031.6188, "charter_costs": 0.0, "penalty_costs": 0.0, "optimality_gap": 0.0}, "variables": {"number_of_variables": 54580, "number_of_bin_variables": 54500, "number_of_arcs": 54460, "number_of_cont_variables": 80}, "runtime": {"preprocess_runtime": 5.424, "model_runtime": 46.1777}}