{"instance_info": {"installation_ordering": "Random", "number_of_installations": 0, "weather_scenario": 0, "fleet_size": 2, "order_composition": {"1": {"order": "MD_STC", "size": 17.5, "installation": 23, "node": 1}, "2": {"order": "OD_STC", "size": 13.125, "installation": 23, "node": 2}, "3": {"order": "MD_TRB", "size": 15.0, "installation": 2, "node": 3}, "4": {"order": "OP_TRB", "size": 20.0, "installation": 2, "node": 4}, "5": {"order": "MD_SSC", "size": 11.25, "installation": 12, "node": 5}, "6": {"order": "OD_SSC", "size": 3.75, "installation": 12, "node": 6}, "7": {"order": "MD_GFC", "size": 17.5, "installation": 26, "node": 7}, "8": {"order": "OP_GFC", "size": 13.125, "installation": 26, "node": 8}, "9": {"order": "MD_SDO", "size": 30.0, "installation": 6, "node": 9}, "10": {"order": "OD_SDO", "size": 25.0, "installation": 6, "node": 10}}}, "voyages": {"0": {"0": [9, [63, 77, 89], 12, [55.0, 0], [720.36, 0.0]], "9": [10, [89, 89, 99], 0, [25.0, 0], [117.30000000000001, 0.0]], "10": [11, [99, 113, 113], 12, [0, 0], [579.6, 0.0]]}, "1": {"0": [1, [63, 95, 102], 12, [78.125, 0], [1406.9100000000003, 0.0]], "1": [2, [102, 102, 108], 0, [60.625, 0], [70.38000000000001, 0.0]], "2": [7, [108, 111, 118], 12, [47.5, 0], [206.31000000000003, 0.0]], "3": [4, [148, 148, 149], 0, [0, 13.124999999999986], [11.73, 0.0]], "4": [11, [149, 164, 164], 12, [0, 33.124999999999986], [621.0, 0.0]], "5": [6, [135, 135, 137], 0, [18.75, 13.124999999999986], [23.46, 0.0]], "6": [3, [137, 142, 148], 12, [15.0, 13.124999999999986], [277.38000000000005, 0.0]], "7": [8, [118, 118, 119], 0, [30.0, 0], [11.73, 0.0]], "8": [5, [119, 130, 135], 12, [30.0, 13.124999999999986], [514.0500000000001, 0.0]]}, "2": {"0": [11, [63, 63, 63], 0, [0, 0], [0, 0]]}}, "order_fulfillment": {"postponed_orders": [], "serviced_orders": [1, 2, 3, 4, 5, 6, 7, 8, 9, 10]}, "vessels": {"fleet_vessels": 2, "chartered_vessels": 0}, "objective": {"objective_bound": 4560.21, "fuel_costs": 4560.21, "charter_costs": 0.0, "penalty_costs": 0.0, "optimality_gap": 0.0}, "variables": {"number_of_variables": 29061, "number_of_bin_variables": 28989, "number_of_arcs": 28953, "number_of_cont_variables": 72}, "runtime": {"preprocess_runtime": 2.3345, "model_runtime": 17.5697}}