{"instance_info": {"installation_ordering": "Random", "number_of_installations": 0, "weather_scenario": 0, "fleet_size": 2, "order_composition": {"1": {"order": "MD_STB", "size": 13.125, "installation": 22, "node": 1}, "2": {"order": "OD_STB", "size": 21.875, "installation": 22, "node": 2}, "3": {"order": "MD_GFC", "size": 13.125, "installation": 26, "node": 3}, "4": {"order": "OP_GFC", "size": 17.5, "installation": 26, "node": 4}, "5": {"order": "MD_SSC", "size": 11.25, "installation": 12, "node": 5}, "6": {"order": "OD_SSC", "size": 5.625, "installation": 12, "node": 6}, "7": {"order": "MD_OSC", "size": 15.0, "installation": 10, "node": 7}, "8": {"order": "OP_OSC", "size": 15.0, "installation": 10, "node": 8}, "9": {"order": "MD_STC", "size": 13.125, "installation": 23, "node": 9}, "10": {"order": "OD_STC", "size": 26.25, "installation": 23, "node": 10}}}, "voyages": {"0": {"0": [1, [63, 95, 101], 12, [87.5, 0], [1395.1800000000003, 0.0]], "1": [2, [101, 101, 110], 0, [74.375, 0], [105.57000000000001, 0.0]], "2": [9, [110, 111, 117], 12, [52.5, 0], [111.78000000000002, 0.0]], "3": [4, [137, 137, 138], 0, [0, 0], [11.73, 0.0]], "4": [11, [138, 166, 166], 12, [0, 17.5], [1159.2, 0.0]], "9": [10, [117, 117, 128], 0, [39.375, 0], [129.03, 0.0]], "10": [3, [128, 131, 137], 12, [13.125, 0], [194.58000000000004, 0.0]]}, "1": {"0": [5, [63, 84, 89], 12, [31.875, 0], [928.0500000000001, 0.0]], "5": [6, [89, 89, 92], 0, [20.625, 0], [35.190000000000005, 0.0]], "6": [7, [92, 94, 100], 12, [14.999999999999998, 0], [153.18, 0.0]], "7": [8, [100, 100, 101], 0, [0, 0], [11.73, 0.0]], "8": [11, [101, 124, 124], 12, [0, 15.0], [952.2, 0.0]]}, "2": {"0": [11, [63, 63, 63], 0, [0, 0], [0, 0]]}}, "order_fulfillment": {"postponed_orders": [], "serviced_orders": [1, 2, 3, 4, 5, 6, 7, 8, 9, 10]}, "vessels": {"fleet_vessels": 2, "chartered_vessels": 0}, "objective": {"objective_bound": 5187.42, "fuel_costs": 5187.42, "charter_costs": 0.0, "penalty_costs": 0.0, "optimality_gap": 0.0}, "variables": {"number_of_variables": 32568, "number_of_bin_variables": 32496, "number_of_arcs": 32460, "number_of_cont_variables": 72}, "runtime": {"preprocess_runtime": 2.2816, "model_runtime": 46.9889}}