{"instance_info": {"installation_ordering": "Random", "number_of_installations": 0, "weather_scenario": 0, "fleet_size": 2, "order_composition": {"1": {"order": "MD_WEL", "size": 15.0, "installation": 17, "node": 1}, "2": {"order": "OD_WEL", "size": 15.0, "installation": 17, "node": 2}, "3": {"order": "MD_SEQ", "size": 20.0, "installation": 7, "node": 3}, "4": {"order": "OP_SEQ", "size": 30.0, "installation": 7, "node": 4}, "5": {"order": "MD_OSB", "size": 22.5, "installation": 9, "node": 5}, "6": {"order": "OD_OSB", "size": 15.0, "installation": 9, "node": 6}, "7": {"order": "MD_STB", "size": 13.125, "installation": 22, "node": 7}, "8": {"order": "OP_STB", "size": 17.5, "installation": 22, "node": 8}, "9": {"order": "MD_TRO", "size": 15.0, "installation": 1, "node": 9}, "10": {"order": "OD_TRO", "size": 11.25, "installation": 1, "node": 10}}}, "voyages": {"0": {"0": [1, [63, 90, 96], 12, [106.875, 0], [1188.1800000000003, 0.0]], "1": [2, [96, 96, 102], 0, [91.87499999999994, 0], [70.38000000000001, 0.0]], "2": [7, [102, 107, 113], 12, [76.87499999999994, 0], [277.38000000000005, 0.0]], "5": [6, [140, 140, 146], 0, [41.249999999999964, 17.4999999999998], [70.38000000000001, 0.0]], "6": [9, [146, 155, 161], 12, [26.249999999999964, 17.49999999999966], [442.98, 0.0]], "7": [8, [113, 113, 114], 0, [63.749999999999936, 0], [11.73, 0.0]], "8": [5, [114, 131, 140], 12, [63.749999999999936, 17.499999999999996], [809.3700000000001, 0.0]], "9": [10, [161, 161, 166], 0, [11.25, 17.499999999999446], [58.650000000000006, 0.0]], "10": [11, [166, 180, 180], 12, [0, 17.499999999999318], [579.6, 0.0]]}, "1": {"0": [3, [63, 76, 84], 12, [20.0, 0], [632.0400000000001, 0.0]], "3": [4, [84, 84, 85], 0, [0, 0], [11.73, 0.0]], "4": [11, [85, 98, 98], 12, [0, 30.0], [538.2, 0.0]]}, "2": {"0": [11, [63, 63, 63], 0, [0, 0], [0, 0]]}}, "order_fulfillment": {"postponed_orders": [], "serviced_orders": [1, 2, 3, 4, 5, 6, 7, 8, 9, 10]}, "vessels": {"fleet_vessels": 2, "chartered_vessels": 0}, "objective": {"objective_bound": 4690.62, "fuel_costs": 4690.62, "charter_costs": 0.0, "penalty_costs": 0.0, "optimality_gap": 0.0}, "variables": {"number_of_variables": 28908, "number_of_bin_variables": 28836, "number_of_arcs": 28800, "number_of_cont_variables": 72}, "runtime": {"preprocess_runtime": 2.2354, "model_runtime": 21.6523}}