{"instance_info": {"installation_ordering": "Random", "number_of_installations": 0, "weather_scenario": 0, "fleet_size": 2, "order_composition": {"1": {"order": "MD_VFB", "size": 15.0, "installation": 18, "node": 1}, "2": {"order": "OD_VFB", "size": 11.25, "installation": 18, "node": 2}, "3": {"order": "MD_VMO", "size": 18.75, "installation": 16, "node": 3}, "4": {"order": "OP_VMO", "size": 11.25, "installation": 16, "node": 4}, "5": {"order": "MD_TRO", "size": 11.25, "installation": 1, "node": 5}, "6": {"order": "OD_TRO", "size": 11.25, "installation": 1, "node": 6}, "7": {"order": "MD_HUL", "size": 15.0, "installation": 20, "node": 7}, "8": {"order": "OP_HUL", "size": 10.0, "installation": 20, "node": 8}, "9": {"order": "MD_SOD", "size": 22.5, "installation": 27, "node": 9}, "10": {"order": "OD_SOD", "size": 18.75, "installation": 27, "node": 10}}}, "voyages": {"0": {"0": [9, [63, 75, 84], 12, [41.25, 0], [602.3700000000001, 0.0]], "9": [10, [84, 84, 92], 0, [18.75, 0], [93.84, 0.0]], "10": [11, [92, 104, 104], 12, [0, 0], [496.80000000000007, 0.0]]}, "1": {"0": [1, [63, 84, 90], 12, [82.5, 0], [939.7800000000001, 0.0]], "1": [2, [90, 90, 95], 0, [67.5, 0], [58.650000000000006, 0.0]], "2": [7, [95, 97, 103], 12, [56.25, 0], [153.18, 0.0]], "3": [4, [116, 116, 117], 0, [22.5, 9.999999999992623], [11.73, 0.0]], "4": [5, [117, 132, 137], 12, [22.5, 21.249999999992625], [679.65, 0.0]], "5": [6, [137, 137, 142], 0, [11.25, 21.249999999992625], [58.650000000000006, 0.0]], "6": [11, [142, 156, 156], 12, [0, 21.249999999992625], [579.6, 0.0]], "7": [8, [103, 103, 104], 0, [41.25, 0], [11.73, 0.0]], "8": [3, [104, 108, 116], 12, [41.25, 10.0], [259.44000000000005, 0.0]]}, "2": {"0": [11, [63, 63, 63], 0, [0, 0], [0, 0]]}}, "order_fulfillment": {"postponed_orders": [], "serviced_orders": [1, 2, 3, 4, 5, 6, 7, 8, 9, 10]}, "vessels": {"fleet_vessels": 2, "chartered_vessels": 0}, "objective": {"objective_bound": 3945.42, "fuel_costs": 3945.42, "charter_costs": 0.0, "penalty_costs": 0.0, "optimality_gap": 0.0}, "variables": {"number_of_variables": 29973, "number_of_bin_variables": 29901, "number_of_arcs": 29865, "number_of_cont_variables": 72}, "runtime": {"preprocess_runtime": 2.2999, "model_runtime": 49.362}}