{"instance_info": {"installation_ordering": "Random", "number_of_installations": 0, "weather_scenario": 0, "fleet_size": 2, "order_composition": {"1": {"order": "MD_VFB", "size": 22.5, "installation": 18, "node": 1}, "2": {"order": "OD_VFB", "size": 15.0, "installation": 18, "node": 2}, "3": {"order": "MD_VMO", "size": 15.0, "installation": 16, "node": 3}, "4": {"order": "OP_VMO", "size": 15.0, "installation": 16, "node": 4}, "5": {"order": "MD_TRO", "size": 15.0, "installation": 1, "node": 5}, "6": {"order": "OD_TRO", "size": 15.0, "installation": 1, "node": 6}, "7": {"order": "MD_HUL", "size": 15.0, "installation": 20, "node": 7}, "8": {"order": "OP_HUL", "size": 5.0, "installation": 20, "node": 8}, "9": {"order": "MD_SOD", "size": 15.0, "installation": 27, "node": 9}, "10": {"order": "OD_SOD", "size": 15.0, "installation": 27, "node": 10}, "11": {"order": "MD_SEQ", "size": 10.0, "installation": 7, "node": 11}, "12": {"order": "OP_SEQ", "size": 20.0, "installation": 7, "node": 12}}}, "voyages": {"0": {"0": [1, [63, 84, 93], 12, [97.5, 0], [974.9700000000001, 0.0]], "1": [2, [93, 93, 99], 0, [74.99999999999912, 0], [70.38000000000001, 0.0]], "2": [7, [99, 101, 107], 12, [59.99999999999925, 0], [153.18, 0.0]], "3": [4, [118, 118, 119], 0, [29.999999999999673, 4.999999999999446], [11.73, 0.0]], "4": [5, [119, 134, 140], 12, [29.99999999999971, 19.999999999999346], [691.38, 0.0]], "5": [6, [140, 140, 146], 0, [15.0, 19.999999999999133], [70.38000000000001, 0.0]], "6": [13, [146, 160, 160], 12, [0, 19.999999999999133], [579.6, 0.0]], "7": [8, [107, 107, 108], 0, [44.99999999999945, 0], [11.73, 0.0]], "8": [3, [108, 112, 118], 12, [44.999999999999524, 4.999999999999716], [235.98000000000002, 0.0]]}, "1": {"0": [9, [63, 75, 81], 12, [40.0, 0], [567.1800000000001, 0.0]], "9": [10, [81, 81, 87], 0, [25.0, 0], [70.38000000000001, 0.0]], "10": [11, [87, 88, 92], 12, [10.0, 0], [88.32000000000001, 0.0]], "11": [12, [92, 92, 93], 0, [0, 0], [11.73, 0.0]], "12": [13, [93, 106, 106], 12, [0, 20.0], [538.2, 0.0]]}, "2": {"0": [13, [63, 63, 63], 0, [0, 0], [0, 0]]}}, "order_fulfillment": {"postponed_orders": [], "serviced_orders": [1, 2, 3, 4, 5, 6, 7, 8, 9, 10, 11, 12]}, "vessels": {"fleet_vessels": 2, "chartered_vessels": 0}, "objective": {"objective_bound": 4075.14, "fuel_costs": 4075.14, "charter_costs": 0.0, "penalty_costs": 0.0, "optimality_gap": 0.0}, "variables": {"number_of_variables": 44013, "number_of_bin_variables": 43929, "number_of_arcs": 43887, "number_of_cont_variables": 84}, "runtime": {"preprocess_runtime": 3.6557, "model_runtime": 76.6788}}