{"instance_info": {"installation_ordering": "Random", "number_of_installations": 0, "weather_scenario": 0, "fleet_size": 2, "order_composition": {"1": {"order": "MD_STB", "size": 17.5, "installation": 22, "node": 1}, "2": {"order": "OD_STB", "size": 13.125, "installation": 22, "node": 2}, "3": {"order": "MD_GFC", "size": 17.5, "installation": 26, "node": 3}, "4": {"order": "OP_GFC", "size": 17.5, "installation": 26, "node": 4}, "5": {"order": "MD_SSC", "size": 5.625, "installation": 12, "node": 5}, "6": {"order": "OD_SSC", "size": 5.625, "installation": 12, "node": 6}, "7": {"order": "MD_OSC", "size": 15.0, "installation": 10, "node": 7}, "8": {"order": "OP_OSC", "size": 11.25, "installation": 10, "node": 8}, "9": {"order": "MD_STC", "size": 21.875, "installation": 23, "node": 9}, "10": {"order": "OD_STC", "size": 17.5, "installation": 23, "node": 10}, "11": {"order": "MD_SDO", "size": 25.0, "installation": 6, "node": 11}, "12": {"order": "OP_SDO", "size": 15.0, "installation": 6, "node": 12}}}, "voyages": {"0": {"0": [1, [63, 95, 102], 12, [87.5, 0], [1406.9100000000003, 0.0]], "1": [2, [102, 102, 108], 0, [69.9999999999998, 0], [70.38000000000001, 0.0]], "2": [9, [108, 109, 118], 12, [56.8749999999998, 0], [146.97000000000003, 0.0]], "3": [4, [135, 135, 136], 0, [0, 0], [11.73, 0.0]], "4": [13, [136, 164, 164], 12, [0, 17.5], [1159.2, 0.0]], "9": [10, [118, 118, 125], 0, [34.9999999999998, 0], [82.11000000000001, 0.0]], "10": [3, [125, 128, 135], 12, [17.4999999999999, 0], [206.31000000000003, 0.0]]}, "1": {"0": [11, [63, 77, 87], 12, [51.25, 0], [696.9000000000001, 0.0]], "5": [6, [98, 98, 101], 0, [20.625, 15.0], [35.190000000000005, 0.0]], "6": [7, [101, 103, 109], 12, [15.0, 15.0], [153.18, 0.0]], "7": [8, [109, 109, 110], 0, [0, 14.999999999999904], [11.73, 0.0]], "8": [13, [110, 133, 133], 12, [0, 26.249999999999904], [952.2, 0.0]], "11": [12, [87, 87, 88], 0, [26.249999999999996, 0], [11.73, 0.0]], "12": [5, [88, 95, 98], 12, [26.249999999999996, 15.0], [324.99, 0.0]]}, "2": {"0": [13, [63, 63, 63], 0, [0, 0], [0, 0]]}}, "order_fulfillment": {"postponed_orders": [], "serviced_orders": [1, 2, 3, 4, 5, 6, 7, 8, 9, 10, 11, 12]}, "vessels": {"fleet_vessels": 2, "chartered_vessels": 0}, "objective": {"objective_bound": 5269.53, "fuel_costs": 5269.53, "charter_costs": 0.0, "penalty_costs": 0.0, "optimality_gap": 0.0}, "variables": {"number_of_variables": 46512, "number_of_bin_variables": 46428, "number_of_arcs": 46386, "number_of_cont_variables": 84}, "runtime": {"preprocess_runtime": 3.3598, "model_runtime": 63.0261}}