{"instance_info": {"installation_ordering": "Random", "number_of_installations": 0, "weather_scenario": 0, "fleet_size": 2, "order_composition": {"1": {"order": "MD_STC", "size": 21.875, "installation": 23, "node": 1}, "2": {"order": "OD_STC", "size": 8.75, "installation": 23, "node": 2}, "3": {"order": "MD_TRB", "size": 25.0, "installation": 2, "node": 3}, "4": {"order": "OP_TRB", "size": 30.0, "installation": 2, "node": 4}, "5": {"order": "MD_SSC", "size": 7.5, "installation": 12, "node": 5}, "6": {"order": "OD_SSC", "size": 9.375, "installation": 12, "node": 6}, "7": {"order": "MD_GFC", "size": 21.875, "installation": 26, "node": 7}, "8": {"order": "OP_GFC", "size": 21.875, "installation": 26, "node": 8}, "9": {"order": "MD_SDO", "size": 20.0, "installation": 6, "node": 9}, "10": {"order": "OD_SDO", "size": 30.0, "installation": 6, "node": 10}, "11": {"order": "MD_WEL", "size": 18.75, "installation": 17, "node": 11}, "12": {"order": "OP_WEL", "size": 22.5, "installation": 17, "node": 12}}}, "voyages": {"0": {"0": [9, [63, 77, 85], 12, [75.0, 0], [673.44, 0.0]], "3": [4, [133, 133, 134], 0, [0, 0], [11.73, 0.0]], "4": [13, [134, 149, 149], 12, [0, 30.0], [621.0, 0.0]], "9": [10, [85, 85, 97], 0, [54.999999999999275, 0], [140.76000000000002, 0.0]], "10": [3, [97, 98, 133], 12, [24.999999999999275, 0], [365.70000000000005, 0.0]]}, "1": {"0": [5, [63, 84, 87], 12, [88.125, 0], [904.5900000000001, 0.0]], "1": [2, [123, 123, 127], 0, [30.625, 22.5], [46.92, 0.0]], "2": [7, [127, 130, 139], 12, [21.875, 22.5], [229.77000000000004, 0.0]], "5": [6, [87, 87, 91], 0, [80.625, 0], [46.92, 0.0]], "6": [11, [91, 99, 107], 12, [71.25, 0], [425.0400000000001, 0.0]], "7": [8, [139, 139, 140], 0, [0, 22.5], [11.73, 0.0]], "8": [13, [140, 168, 168], 12, [0, 44.375], [1159.2, 0.0]], "11": [12, [107, 107, 108], 0, [52.5, 0], [11.73, 0.0]], "12": [1, [108, 114, 123], 12, [52.5, 22.5], [353.97, 0.0]]}, "2": {"0": [13, [63, 63, 63], 0, [0, 0], [0, 0]]}}, "order_fulfillment": {"postponed_orders": [], "serviced_orders": [1, 2, 3, 4, 5, 6, 7, 8, 9, 10, 11, 12]}, "vessels": {"fleet_vessels": 2, "chartered_vessels": 0}, "objective": {"objective_bound": 5002.5, "fuel_costs": 5002.5, "charter_costs": 0.0, "penalty_costs": 0.0, "optimality_gap": 0.0}, "variables": {"number_of_variables": 41844, "number_of_bin_variables": 41760, "number_of_arcs": 41718, "number_of_cont_variables": 84}, "runtime": {"preprocess_runtime": 3.522, "model_runtime": 53.5375}}