{"instance_info": {"installation_ordering": "Random", "number_of_installations": 0, "weather_scenario": 0, "fleet_size": 2, "order_composition": {"1": {"order": "MD_WEL", "size": 15.0, "installation": 17, "node": 1}, "2": {"order": "OD_WEL", "size": 11.25, "installation": 17, "node": 2}, "3": {"order": "MD_SEQ", "size": 25.0, "installation": 7, "node": 3}, "4": {"order": "OP_SEQ", "size": 20.0, "installation": 7, "node": 4}, "5": {"order": "MD_OSB", "size": 22.5, "installation": 9, "node": 5}, "6": {"order": "OD_OSB", "size": 11.25, "installation": 9, "node": 6}, "7": {"order": "MD_STB", "size": 21.875, "installation": 22, "node": 7}, "8": {"order": "OP_STB", "size": 17.5, "installation": 22, "node": 8}, "9": {"order": "MD_TRO", "size": 15.0, "installation": 1, "node": 9}, "10": {"order": "OD_TRO", "size": 18.75, "installation": 1, "node": 10}, "11": {"order": "MD_SEN", "size": 30.0, "installation": 5, "node": 11}, "12": {"order": "OP_SEN", "size": 25.0, "installation": 5, "node": 12}}}, "voyages": {"0": {"0": [11, [63, 77, 89], 12, [88.75, 0], [720.36, 0.0]], "3": [4, [101, 101, 102], 0, [33.74999999999996, 24.999999999999872], [11.73, 0.0]], "4": [9, [102, 107, 129], 12, [33.75, 44.99999999999978], [409.86, 0.0]], "9": [10, [129, 129, 137], 0, [18.75, 44.99999999999966], [93.84, 0.0]], "10": [13, [137, 151, 151], 12, [0, 44.99999999999966], [579.6, 0.0]], "11": [12, [89, 89, 90], 0, [58.74999999999995, 0], [11.73, 0.0]], "12": [3, [90, 91, 101], 12, [58.74999999999995, 25.0], [158.70000000000002, 0.0]]}, "1": {"0": [5, [63, 86, 95], 12, [81.875, 0], [1057.77, 0.0]], "1": [2, [118, 118, 123], 0, [33.12500000000001, 0], [58.650000000000006, 0.0]], "2": [7, [123, 128, 137], 12, [21.875000000000007, 0], [312.57000000000005, 0.0]], "5": [6, [95, 95, 100], 0, [59.37499999999996, 0], [58.650000000000006, 0.0]], "6": [1, [100, 112, 118], 12, [48.12499999999996, 0], [567.1800000000001, 0.0]], "7": [8, [137, 137, 138], 0, [0, 0], [11.73, 0.0]], "8": [13, [138, 170, 170], 12, [0, 17.5], [1324.8000000000002, 0.0]]}, "2": {"0": [13, [63, 63, 63], 0, [0, 0], [0, 0]]}}, "order_fulfillment": {"postponed_orders": [], "serviced_orders": [1, 2, 3, 4, 5, 6, 7, 8, 9, 10, 11, 12]}, "vessels": {"fleet_vessels": 2, "chartered_vessels": 0}, "objective": {"objective_bound": 5377.17, "fuel_costs": 5377.17, "charter_costs": 0.0, "penalty_costs": 0.0, "optimality_gap": 0.0}, "variables": {"number_of_variables": 42243, "number_of_bin_variables": 42159, "number_of_arcs": 42117, "number_of_cont_variables": 84}, "runtime": {"preprocess_runtime": 3.5479, "model_runtime": 41.3008}}