{"instance_info": {"installation_ordering": "Random", "number_of_installations": 0, "weather_scenario": 0, "fleet_size": 2, "order_composition": {"1": {"order": "MD_WEL", "size": 22.5, "installation": 17, "node": 1}, "2": {"order": "OD_WEL", "size": 18.75, "installation": 17, "node": 2}, "3": {"order": "MD_SEQ", "size": 20.0, "installation": 7, "node": 3}, "4": {"order": "OP_SEQ", "size": 15.0, "installation": 7, "node": 4}, "5": {"order": "MD_OSB", "size": 11.25, "installation": 9, "node": 5}, "6": {"order": "OD_OSB", "size": 22.5, "installation": 9, "node": 6}, "7": {"order": "MD_STB", "size": 13.125, "installation": 22, "node": 7}, "8": {"order": "OP_STB", "size": 21.875, "installation": 22, "node": 8}, "9": {"order": "MD_TRO", "size": 18.75, "installation": 1, "node": 9}, "10": {"order": "OD_TRO", "size": 11.25, "installation": 1, "node": 10}, "11": {"order": "MD_SEN", "size": 20.0, "installation": 5, "node": 11}, "12": {"order": "OP_SEN", "size": 25.0, "installation": 5, "node": 12}, "13": {"order": "MD_CPR", "size": 10.0, "installation": 4, "node": 13}, "14": {"order": "OD_CPR", "size": 15.0, "installation": 4, "node": 14}}}, "voyages": {"0": {"0": [5, [63, 86, 91], 12, [108.125, 0], [1010.85, 0.0]], "1": [2, [121, 121, 129], 0, [51.875, 0], [93.84, 0.0]], "2": [7, [129, 134, 140], 12, [33.125, 0], [277.38000000000005, 0.0]], "5": [6, [91, 91, 100], 0, [96.875, 0], [105.57000000000001, 0.0]], "6": [1, [100, 112, 121], 12, [74.375, 0], [602.3700000000001, 0.0]], "7": [8, [140, 140, 141], 0, [20.0, 0], [11.73, 0.0]], "8": [11, [141, 158, 166], 12, [20.0, 21.875], [797.6400000000001, 0.0]], "11": [12, [166, 166, 167], 0, [0, 21.875], [11.73, 0.0]], "12": [15, [167, 181, 181], 12, [0, 46.875], [579.6, 0.0]]}, "1": {"0": [3, [63, 76, 84], 12, [75.0, 0], [632.0400000000001, 0.0]], "3": [4, [84, 84, 85], 0, [55.0, 0], [11.73, 0.0]], "4": [13, [85, 88, 92], 12, [55.0, 14.999999999999998], [171.12, 0.0]], "9": [10, [131, 131, 136], 0, [11.25, 14.999999999999744], [58.650000000000006, 0.0]], "10": [15, [136, 150, 150], 12, [0, 14.999999999999744], [579.6, 0.0]], "13": [14, [92, 92, 98], 0, [45.0, 14.999999999999872], [70.38000000000001, 0.0]], "14": [9, [98, 100, 131], 12, [30.0, 14.999999999999872], [367.08000000000004, 0.0]]}, "2": {"0": [15, [63, 63, 63], 0, [0, 0], [0, 0]]}}, "order_fulfillment": {"postponed_orders": [], "serviced_orders": [1, 2, 3, 4, 5, 6, 7, 8, 9, 10, 11, 12, 13, 14]}, "vessels": {"fleet_vessels": 2, "chartered_vessels": 0}, "objective": {"objective_bound": 5381.31, "fuel_costs": 5381.31, "charter_costs": 0.0, "penalty_costs": 0.0, "optimality_gap": 0.0}, "variables": {"number_of_variables": 58746, "number_of_bin_variables": 58650, "number_of_arcs": 58602, "number_of_cont_variables": 96}, "runtime": {"preprocess_runtime": 4.7124, "model_runtime": 89.2533}}