{"instance_info": {"installation_ordering": "Random", "number_of_installations": 0, "weather_scenario": 0, "fleet_size": 2, "order_composition": {"1": {"order": "MD_STB", "size": 26.25, "installation": 22, "node": 1}, "2": {"order": "OD_STB", "size": 13.125, "installation": 22, "node": 2}, "3": {"order": "MD_GFC", "size": 17.5, "installation": 26, "node": 3}, "4": {"order": "OP_GFC", "size": 17.5, "installation": 26, "node": 4}, "5": {"order": "MD_SSC", "size": 7.5, "installation": 12, "node": 5}, "6": {"order": "OD_SSC", "size": 7.5, "installation": 12, "node": 6}, "7": {"order": "MD_OSC", "size": 22.5, "installation": 10, "node": 7}, "8": {"order": "OP_OSC", "size": 18.75, "installation": 10, "node": 8}, "9": {"order": "MD_STC", "size": 17.5, "installation": 23, "node": 9}, "10": {"order": "OD_STC", "size": 8.75, "installation": 23, "node": 10}, "11": {"order": "MD_SDO", "size": 20.0, "installation": 6, "node": 11}, "12": {"order": "OP_SDO", "size": 25.0, "installation": 6, "node": 12}, "13": {"order": "MD_OSE", "size": 15.0, "installation": 8, "node": 13}, "14": {"order": "OD_OSE", "size": 11.25, "installation": 8, "node": 14}}}, "voyages": {"0": {"0": [13, [63, 86, 92], 12, [63.75, 0], [1022.58, 0.0]], "5": [6, [114, 114, 117], 0, [7.5, 18.75], [35.190000000000005, 0.0]], "6": [15, [117, 138, 138], 12, [0, 18.75], [869.4000000000001, 0.0]], "7": [8, [108, 108, 109], 0, [15.0, 0], [11.73, 0.0]], "8": [5, [109, 111, 114], 12, [15.0, 18.75], [117.99000000000001, 0.0]], "13": [14, [92, 92, 97], 0, [48.75, 0], [58.650000000000006, 0.0]], "14": [7, [97, 99, 108], 12, [37.5, 0], [188.37, 0.0]]}, "1": {"0": [1, [63, 95, 106], 12, [103.125, 0], [1453.8300000000002, 0.0]], "1": [2, [106, 106, 112], 0, [76.875, 0], [70.38000000000001, 0.0]], "2": [9, [112, 113, 120], 12, [63.75, 0], [123.51000000000002, 0.0]], "3": [4, [134, 134, 135], 0, [20.0, 0], [11.73, 0.0]], "4": [11, [135, 149, 157], 12, [20.0, 17.5], [673.44, 0.0]], "9": [10, [120, 120, 124], 0, [46.25, 0], [46.92, 0.0]], "10": [3, [124, 127, 134], 12, [37.5, 0], [206.31000000000003, 0.0]], "11": [12, [157, 157, 158], 0, [0, 17.5], [11.73, 0.0]], "12": [15, [158, 172, 172], 12, [0, 42.5], [579.6, 0.0]]}, "2": {"0": [15, [63, 63, 63], 0, [0, 0], [0, 0]]}}, "order_fulfillment": {"postponed_orders": [], "serviced_orders": [1, 2, 3, 4, 5, 6, 7, 8, 9, 10, 11, 12, 13, 14]}, "vessels": {"fleet_vessels": 2, "chartered_vessels": 0}, "objective": {"objective_bound": 5481.36, "fuel_costs": 5481.36, "charter_costs": 0.0, "penalty_costs": 0.0, "optimality_gap": 0.0}, "variables": {"number_of_variables": 62466, "number_of_bin_variables": 62370, "number_of_arcs": 62322, "number_of_cont_variables": 96}, "runtime": {"preprocess_runtime": 4.6588, "model_runtime": 54.5809}}