{"instance_info": {"installation_ordering": "Random", "number_of_installations": 0, "weather_scenario": 0, "fleet_size": 2, "order_composition": {"1": {"order": "MD_STC", "size": 17.5, "installation": 23, "node": 1}, "2": {"order": "OD_STC", "size": 21.875, "installation": 23, "node": 2}, "3": {"order": "MD_TRB", "size": 10.0, "installation": 2, "node": 3}, "4": {"order": "OP_TRB", "size": 15.0, "installation": 2, "node": 4}, "5": {"order": "MD_SSC", "size": 5.625, "installation": 12, "node": 5}, "6": {"order": "OD_SSC", "size": 7.5, "installation": 12, "node": 6}, "7": {"order": "MD_GFC", "size": 8.75, "installation": 26, "node": 7}, "8": {"order": "OP_GFC", "size": 17.5, "installation": 26, "node": 8}, "9": {"order": "MD_SDO", "size": 10.0, "installation": 6, "node": 9}, "10": {"order": "OD_SDO", "size": 25.0, "installation": 6, "node": 10}, "11": {"order": "MD_WEL", "size": 18.75, "installation": 17, "node": 11}, "12": {"order": "OP_WEL", "size": 11.25, "installation": 17, "node": 12}, "13": {"order": "MD_GFB", "size": 26.25, "installation": 25, "node": 13}, "14": {"order": "OD_GFB", "size": 8.75, "installation": 25, "node": 14}}}, "voyages": {"0": {"0": [9, [63, 77, 81], 12, [58.125, 0], [626.52, 0.0]], "3": [4, [127, 127, 128], 0, [0, 0], [11.73, 0.0]], "4": [15, [128, 143, 143], 12, [0, 15.0], [621.0, 0.0]], "5": [6, [101, 101, 104], 0, [17.499999999999716, 0], [35.190000000000005, 0.0]], "6": [3, [104, 109, 127], 12, [9.999999999999787, 0], [369.8400000000001, 0.0]], "9": [10, [81, 81, 91], 0, [48.12499999999916, 0], [117.30000000000001, 0.0]], "10": [5, [91, 98, 101], 12, [23.124999999999318, 0], [324.99, 0.0]]}, "1": {"0": [13, [63, 91, 102], 12, [101.875, 0], [1288.23, 0.0]], "1": [2, [116, 116, 125], 0, [49.37500000000059, 0], [105.57000000000001, 0.0]], "2": [7, [125, 128, 132], 12, [27.500000000000668, 0], [171.12, 0.0]], "7": [8, [132, 132, 133], 0, [18.750000000000018, 0], [11.73, 0.0]], "8": [11, [133, 136, 144], 12, [18.750000000000007, 17.5], [218.04000000000002, 0.0]], "11": [12, [144, 144, 145], 0, [0, 17.499999999999872], [11.73, 0.0]], "12": [15, [145, 172, 172], 12, [0, 28.749999999999872], [1117.8000000000002, 0.0]], "13": [14, [102, 102, 106], 0, [75.62500000000036, 0], [46.92, 0.0]], "14": [1, [106, 109, 116], 12, [66.87500000000048, 0], [206.31000000000003, 0.0]]}, "2": {"0": [15, [63, 63, 63], 0, [0, 0], [0, 0]]}}, "order_fulfillment": {"postponed_orders": [], "serviced_orders": [1, 2, 3, 4, 5, 6, 7, 8, 9, 10, 11, 12, 13, 14]}, "vessels": {"fleet_vessels": 2, "chartered_vessels": 0}, "objective": {"objective_bound": 5284.02, "fuel_costs": 5284.02, "charter_costs": 0.0, "penalty_costs": 0.0, "optimality_gap": 0.0}, "variables": {"number_of_variables": 57432, "number_of_bin_variables": 57336, "number_of_arcs": 57288, "number_of_cont_variables": 96}, "runtime": {"preprocess_runtime": 4.4128, "model_runtime": 205.3766}}