{"instance_info": {"installation_ordering": "Random", "number_of_installations": 0, "weather_scenario": 0, "fleet_size": 2, "order_composition": {"1": {"order": "MD_VFB", "size": 11.25, "installation": 18, "node": 1}, "2": {"order": "OD_VFB", "size": 18.75, "installation": 18, "node": 2}, "3": {"order": "MD_VMO", "size": 15.0, "installation": 16, "node": 3}, "4": {"order": "OP_VMO", "size": 22.5, "installation": 16, "node": 4}, "5": {"order": "MD_TRO", "size": 18.75, "installation": 1, "node": 5}, "6": {"order": "OD_TRO", "size": 18.75, "installation": 1, "node": 6}, "7": {"order": "MD_HUL", "size": 10.0, "installation": 20, "node": 7}, "8": {"order": "OP_HUL", "size": 10.0, "installation": 20, "node": 8}, "9": {"order": "MD_SOD", "size": 11.25, "installation": 27, "node": 9}, "10": {"order": "OD_SOD", "size": 15.0, "installation": 27, "node": 10}, "11": {"order": "MD_SEQ", "size": 30.0, "installation": 7, "node": 11}, "12": {"order": "OP_SEQ", "size": 25.0, "installation": 7, "node": 12}, "13": {"order": "MD_OSB", "size": 15.0, "installation": 9, "node": 13}, "14": {"order": "OD_OSB", "size": 18.75, "installation": 9, "node": 14}}}, "voyages": {"0": {"0": [9, [63, 75, 80], 12, [93.75, 0], [555.45, 0.0]], "5": [6, [131, 131, 139], 0, [18.749972359140827, 24.999972035898214], [93.84, 0.0]], "6": [15, [139, 153, 153], 12, [0, 24.999944395039055], [579.6, 0.0]], "9": [10, [80, 80, 86], 0, [82.49991665574, 0], [70.38000000000001, 0.0]], "10": [11, [86, 87, 99], 12, [67.49994427958771, 0], [182.16000000000003, 0.0]], "11": [12, [99, 99, 100], 0, [37.4999443920877, 0], [11.73, 0.0]], "12": [5, [100, 105, 131], 12, [37.49994460483032, 24.999972358189464], [449.8800000000001, 0.0]]}, "1": {"0": [13, [63, 86, 92], 12, [88.75, 0], [1022.58, 0.0]], "1": [2, [111, 111, 119], 0, [43.7499999999997, 0], [93.84, 0.0]], "2": [7, [119, 121, 125], 12, [25.0, 0], [129.72000000000003, 0.0]], "3": [4, [136, 136, 137], 0, [0, 9.999999999999998], [11.73, 0.0]], "4": [15, [137, 164, 164], 12, [0, 32.5], [1117.8000000000002, 0.0]], "7": [8, [125, 125, 126], 0, [15.000000000000002, 0], [11.73, 0.0]], "8": [3, [126, 130, 136], 12, [15.000000000000002, 10.0], [235.98000000000002, 0.0]], "13": [14, [92, 92, 100], 0, [73.74999999999947, 0], [93.84, 0.0]], "14": [1, [100, 106, 111], 12, [54.9999999999997, 0], [307.05000000000007, 0.0]]}, "2": {"0": [15, [63, 63, 63], 0, [0, 0], [0, 0]]}}, "order_fulfillment": {"postponed_orders": [], "serviced_orders": [1, 2, 3, 4, 5, 6, 7, 8, 9, 10, 11, 12, 13, 14]}, "vessels": {"fleet_vessels": 2, "chartered_vessels": 0}, "objective": {"objective_bound": 4967.3095, "fuel_costs": 4967.31, "charter_costs": 0.0, "penalty_costs": 0.0005, "optimality_gap": 0.0}, "variables": {"number_of_variables": 59589, "number_of_bin_variables": 59493, "number_of_arcs": 59445, "number_of_cont_variables": 96}, "runtime": {"preprocess_runtime": 4.7263, "model_runtime": 122.6613}}