{"instance_info": {"installation_ordering": "Random", "number_of_installations": 0, "weather_scenario": 0, "fleet_size": 3, "order_composition": {"1": {"order": "MD_STC", "size": 8.75, "installation": 23, "node": 1}, "2": {"order": "OD_STC", "size": 17.5, "installation": 23, "node": 2}, "3": {"order": "MD_TRB", "size": 20.0, "installation": 2, "node": 3}, "4": {"order": "OP_TRB", "size": 25.0, "installation": 2, "node": 4}, "5": {"order": "MD_SSC", "size": 7.5, "installation": 12, "node": 5}, "6": {"order": "OD_SSC", "size": 5.625, "installation": 12, "node": 6}, "7": {"order": "MD_GFC", "size": 17.5, "installation": 26, "node": 7}, "8": {"order": "OP_GFC", "size": 17.5, "installation": 26, "node": 8}, "9": {"order": "MD_SDO", "size": 25.0, "installation": 6, "node": 9}, "10": {"order": "OD_SDO", "size": 20.0, "installation": 6, "node": 10}, "11": {"order": "MD_WEL", "size": 18.75, "installation": 17, "node": 11}, "12": {"order": "OP_WEL", "size": 15.0, "installation": 17, "node": 12}, "13": {"order": "MD_GFB", "size": 13.125, "installation": 25, "node": 13}, "14": {"order": "OD_GFB", "size": 13.125, "installation": 25, "node": 14}, "15": {"order": "MD_DSD", "size": 20.0, "installation": 14, "node": 15}, "16": {"order": "OP_DSD", "size": 25.0, "installation": 14, "node": 16}}}, "voyages": {"0": {"0": [13, [63, 91, 97], 12, [108.75, 0], [1229.5800000000002, 0.0]], "1": [2, [110, 110, 117], 0, [73.74999920747887, 0], [82.11000000000001, 0.0]], "2": [7, [117, 120, 127], 12, [56.24999920747887, 0], [206.31000000000003, 0.0]], "3": [4, [160, 160, 161], 0, [0, 32.4999999999989], [11.73, 0.0]], "4": [17, [161, 176, 176], 12, [0, 57.4999999999989], [621.0, 0.0]], "7": [8, [127, 127, 128], 0, [38.74999920747887, 0], [11.73, 0.0]], "8": [11, [128, 131, 139], 12, [38.74999920747887, 17.5], [218.04000000000002, 0.0]], "11": [12, [139, 139, 140], 0, [19.999999210812213, 17.5], [11.73, 0.0]], "12": [3, [140, 152, 160], 12, [19.999999215812213, 32.5], [590.6400000000001, 0.0]], "13": [14, [97, 97, 103], 0, [95.62499920747888, 0], [70.38000000000001, 0.0]], "14": [1, [103, 106, 110], 12, [82.49999920747888, 0], [171.12, 0.0]]}, "1": {"0": [17, [63, 63, 63], 0, [0, 0], [0, 0]]}, "2": {"0": [9, [63, 77, 87], 12, [78.125, 0], [696.9000000000001, 0.0]], "5": [6, [105, 105, 108], 0, [25.62499999999984, 0], [35.190000000000005, 0.0]], "6": [15, [108, 120, 128], 12, [20.0, 0], [590.6400000000001, 0.0]], "9": [10, [87, 87, 95], 0, [53.12499999999786, 0], [93.84, 0.0]], "10": [5, [95, 102, 105], 12, [33.124999999998124, 0], [324.99, 0.0]], "15": [16, [128, 128, 129], 0, [0, 0], [11.73, 0.0]], "16": [17, [129, 158, 158], 12, [0, 25.0], [1200.6000000000001, 0.0]]}, "3": {"0": [17, [63, 63, 63], 0, [0, 0], [0, 0]]}}, "order_fulfillment": {"postponed_orders": [], "serviced_orders": [1, 2, 3, 4, 5, 6, 7, 8, 9, 10, 11, 12, 13, 14, 15, 16]}, "vessels": {"fleet_vessels": 2, "chartered_vessels": 0}, "objective": {"objective_bound": 6178.26, "fuel_costs": 6178.26, "charter_costs": 0.0, "penalty_costs": 0.0, "optimality_gap": 0.0}, "variables": {"number_of_variables": 98300, "number_of_bin_variables": 98156, "number_of_arcs": 98084, "number_of_cont_variables": 144}, "runtime": {"preprocess_runtime": 7.6337, "model_runtime": 735.2853}}