{"instance_info": {"installation_ordering": "Random", "number_of_installations": 0, "weather_scenario": 0, "fleet_size": 3, "order_composition": {"1": {"order": "MD_VFB", "size": 18.75, "installation": 18, "node": 1}, "2": {"order": "OD_VFB", "size": 15.0, "installation": 18, "node": 2}, "3": {"order": "MD_VMO", "size": 22.5, "installation": 16, "node": 3}, "4": {"order": "OP_VMO", "size": 18.75, "installation": 16, "node": 4}, "5": {"order": "MD_TRO", "size": 15.0, "installation": 1, "node": 5}, "6": {"order": "OD_TRO", "size": 18.75, "installation": 1, "node": 6}, "7": {"order": "MD_HUL", "size": 10.0, "installation": 20, "node": 7}, "8": {"order": "OP_HUL", "size": 7.5, "installation": 20, "node": 8}, "9": {"order": "MD_SOD", "size": 15.0, "installation": 27, "node": 9}, "10": {"order": "OD_SOD", "size": 22.5, "installation": 27, "node": 10}, "11": {"order": "MD_SEQ", "size": 30.0, "installation": 7, "node": 11}, "12": {"order": "OP_SEQ", "size": 25.0, "installation": 7, "node": 12}, "13": {"order": "MD_OSB", "size": 11.25, "installation": 9, "node": 13}, "14": {"order": "OD_OSB", "size": 18.75, "installation": 9, "node": 14}, "15": {"order": "MD_GFA", "size": 17.5, "installation": 24, "node": 15}, "16": {"order": "OP_GFA", "size": 17.5, "installation": 24, "node": 16}}}, "voyages": {"0": {"0": [13, [63, 86, 91], 12, [110.0, 0], [1010.85, 0.0]], "3": [4, [124, 124, 125], 0, [47.49977868043656, 7.499926049666103], [11.73, 0.0]], "4": [15, [125, 128, 135], 12, [47.49985208566433, 26.249852644438352], [206.31000000000003, 0.0]], "7": [8, [110, 110, 111], 0, [69.99970430471875, 0], [11.73, 0.0]], "8": [3, [111, 115, 124], 12, [69.99970473010265, 7.499926171888321], [271.17, 0.0]], "11": [12, [163, 163, 164], 0, [0, 43.74984704253988], [11.73, 0.0]], "12": [17, [164, 177, 177], 12, [0, 68.74977330688438], [538.2, 0.0]], "13": [14, [91, 91, 99], 0, [98.7496304510535, 0], [93.84, 0.0]], "14": [7, [99, 106, 110], 12, [79.99963045807397, 0], [336.72, 0.0]], "15": [16, [135, 135, 136], 0, [29.999852223688976, 26.2497786892106], [11.73, 0.0]], "16": [11, [136, 151, 163], 12, [29.99992604184449, 43.74970487105509], [761.76, 0.0]]}, "1": {"0": [9, [63, 75, 81], 12, [105.0, 0], [567.1800000000001, 0.0]], "1": [2, [107, 107, 113], 0, [48.75, 0], [70.38000000000001, 0.0]], "2": [5, [113, 121, 129], 12, [33.75, 0], [418.14000000000004, 0.0]], "5": [6, [129, 129, 137], 0, [18.75, 0], [93.84, 0.0]], "6": [17, [137, 151, 151], 12, [0, 0], [579.6, 0.0]], "9": [10, [81, 81, 90], 0, [90.0, 0], [105.57000000000001, 0.0]], "10": [1, [90, 99, 107], 12, [67.5, 0], [466.44000000000005, 0.0]]}, "2": {"0": [17, [63, 63, 63], 0, [0, 0], [0, 0]]}, "3": {"0": [17, [63, 63, 63], 0, [0, 0], [0, 0]]}}, "order_fulfillment": {"postponed_orders": [], "serviced_orders": [1, 2, 3, 4, 5, 6, 7, 8, 9, 10, 11, 12, 13, 14, 15, 16]}, "vessels": {"fleet_vessels": 2, "chartered_vessels": 0}, "objective": {"objective_bound": 5566.9178, "fuel_costs": 5566.92, "charter_costs": 0.0, "penalty_costs": 0.0022, "optimality_gap": 0.0}, "variables": {"number_of_variables": 102612, "number_of_bin_variables": 102468, "number_of_arcs": 102396, "number_of_cont_variables": 144}, "runtime": {"preprocess_runtime": 7.9815, "model_runtime": 636.9893}}