{"instance_info": {"installation_ordering": "Random", "number_of_installations": 0, "weather_scenario": 0, "fleet_size": 3, "order_composition": {"1": {"order": "MD_STB", "size": 8.75, "installation": 22, "node": 1}, "2": {"order": "OD_STB", "size": 21.875, "installation": 22, "node": 2}, "3": {"order": "MD_GFC", "size": 13.125, "installation": 26, "node": 3}, "4": {"order": "OP_GFC", "size": 17.5, "installation": 26, "node": 4}, "5": {"order": "MD_SSC", "size": 7.5, "installation": 12, "node": 5}, "6": {"order": "OD_SSC", "size": 9.375, "installation": 12, "node": 6}, "7": {"order": "MD_OSC", "size": 22.5, "installation": 10, "node": 7}, "8": {"order": "OP_OSC", "size": 15.0, "installation": 10, "node": 8}, "9": {"order": "MD_STC", "size": 21.875, "installation": 23, "node": 9}, "10": {"order": "OD_STC", "size": 21.875, "installation": 23, "node": 10}, "11": {"order": "MD_SDO", "size": 20.0, "installation": 6, "node": 11}, "12": {"order": "OP_SDO", "size": 20.0, "installation": 6, "node": 12}, "13": {"order": "MD_OSE", "size": 11.25, "installation": 8, "node": 13}, "14": {"order": "OD_OSE", "size": 11.25, "installation": 8, "node": 14}, "15": {"order": "MD_SOD", "size": 15.0, "installation": 27, "node": 15}, "16": {"order": "OP_SOD", "size": 15.0, "installation": 27, "node": 16}}}, "voyages": {"0": {"0": [1, [63, 95, 99], 12, [107.5, 0], [1371.7200000000003, 0.0]], "1": [2, [99, 99, 108], 0, [98.75, 0], [105.57000000000001, 0.0]], "2": [9, [108, 109, 118], 12, [76.875, 0], [146.97000000000003, 0.0]], "3": [4, [136, 136, 137], 0, [20.0, 0], [11.73, 0.0]], "4": [11, [137, 151, 159], 12, [20.0, 17.5], [673.44, 0.0]], "9": [10, [118, 118, 127], 0, [55.0, 0], [105.57000000000001, 0.0]], "10": [3, [127, 130, 136], 12, [33.125, 0], [194.58000000000004, 0.0]], "11": [12, [159, 159, 160], 0, [0, 17.5], [11.73, 0.0]], "12": [17, [160, 174, 174], 12, [0, 37.5], [579.6, 0.0]]}, "1": {"0": [13, [63, 86, 91], 12, [76.875, 0], [1010.85, 0.0]], "5": [6, [113, 113, 117], 0, [24.374901382019857, 14.999950434973195], [46.92, 0.0]], "6": [15, [117, 126, 132], 12, [14.999950609835862, 14.9999012071572], [442.98, 0.0]], "7": [8, [107, 107, 108], 0, [31.874851979507596, 0], [11.73, 0.0]], "8": [5, [108, 110, 113], 12, [31.87485199185572, 14.999950759835869], [117.99000000000001, 0.0]], "13": [14, [91, 91, 96], 0, [65.62480253663898, 0], [58.650000000000006, 0.0]], "14": [7, [96, 98, 107], 12, [54.374802589504775, 0], [188.37, 0.0]], "15": [16, [132, 132, 133], 0, [0, 14.99985181699305], [11.73, 0.0]], "16": [17, [133, 145, 145], 12, [0, 29.99980295182891], [496.80000000000007, 0.0]]}, "2": {"0": [17, [63, 63, 63], 0, [0, 0], [0, 0]]}, "3": {"0": [17, [63, 63, 63], 0, [0, 0], [0, 0]]}}, "order_fulfillment": {"postponed_orders": [], "serviced_orders": [1, 2, 3, 4, 5, 6, 7, 8, 9, 10, 11, 12, 13, 14, 15, 16]}, "vessels": {"fleet_vessels": 2, "chartered_vessels": 0}, "objective": {"objective_bound": 5586.9289, "fuel_costs": 5586.93, "charter_costs": 0.0, "penalty_costs": 0.0011, "optimality_gap": 0.0}, "variables": {"number_of_variables": 109368, "number_of_bin_variables": 109224, "number_of_arcs": 109152, "number_of_cont_variables": 144}, "runtime": {"preprocess_runtime": 7.8747, "model_runtime": 694.6686}}