{"instance_info": {"installation_ordering": "Random", "number_of_installations": 9, "weather_scenario": 0, "fleet_size": 3, "order_composition": {"1": {"order": "MD_VFB", "size": 15.0, "installation": 18, "node": 1}, "2": {"order": "OD_VFB", "size": 18.75, "installation": 18, "node": 2}, "3": {"order": "MD_VMO", "size": 11.25, "installation": 16, "node": 3}, "4": {"order": "OP_VMO", "size": 15.0, "installation": 16, "node": 4}, "5": {"order": "MD_TRO", "size": 11.25, "installation": 1, "node": 5}, "6": {"order": "OD_TRO", "size": 15.0, "installation": 1, "node": 6}, "7": {"order": "MD_HUL", "size": 12.5, "installation": 20, "node": 7}, "8": {"order": "OP_HUL", "size": 7.5, "installation": 20, "node": 8}, "9": {"order": "MD_SOD", "size": 11.25, "installation": 27, "node": 9}, "10": {"order": "OD_SOD", "size": 15.0, "installation": 27, "node": 10}, "11": {"order": "MD_SEQ", "size": 30.0, "installation": 7, "node": 11}, "12": {"order": "OP_SEQ", "size": 20.0, "installation": 7, "node": 12}, "13": {"order": "MD_OSB", "size": 18.75, "installation": 9, "node": 13}, "14": {"order": "OD_OSB", "size": 18.75, "installation": 9, "node": 14}, "15": {"order": "MD_GFA", "size": 17.5, "installation": 24, "node": 15}, "16": {"order": "OP_GFA", "size": 21.875, "installation": 24, "node": 16}, "17": {"order": "MD_CPR", "size": 15.0, "installation": 4, "node": 17}, "18": {"order": "OD_CPR", "size": 20.0, "installation": 4, "node": 18}}}, "voyages": {"0": {"0": [17, [63, 77, 83], 12, [98.75, 0], [649.98, 0.0]], "5": [6, [130, 130, 136], 0, [14.99998185304716, 0], [70.38000000000001, 0.0]], "6": [19, [136, 150, 150], 12, [0, 0], [579.6, 0.0]], "13": [14, [108, 108, 116], 0, [44.999963558362495, 0], [93.84, 0.0]], "14": [5, [116, 125, 130], 12, [26.24996362752287, 0], [431.25, 0.0]], "17": [18, [83, 83, 91], 0, [83.74994525783143, 0], [93.84, 0.0]], "18": [13, [91, 100, 108], 12, [63.74994524113475, 0], [466.44000000000005, 0.0]]}, "1": {"0": [9, [63, 75, 80], 12, [56.25, 0], [555.45, 0.0]], "9": [10, [80, 80, 86], 0, [45.0, 0], [70.38000000000001, 0.0]], "10": [11, [86, 87, 99], 12, [30.0, 0], [182.16000000000003, 0.0]], "11": [12, [99, 99, 100], 0, [0, 0], [11.73, 0.0]], "12": [19, [100, 113, 113], 12, [0, 19.999999999999996], [538.2, 0.0]]}, "2": {"0": [1, [63, 84, 90], 12, [75.0, 0], [939.7800000000001, 0.0]], "1": [2, [90, 90, 98], 0, [59.99993391212226, 0], [93.84, 0.0]], "2": [7, [98, 100, 105], 12, [41.249950373437144, 0], [141.45000000000002, 0.0]], "3": [4, [115, 115, 116], 0, [17.499967213499232, 7.499983416161175], [11.73, 0.0]], "4": [15, [116, 119, 126], 12, [17.49998341813155, 22.49996721152886], [206.31000000000003, 0.0]], "7": [8, [105, 105, 106], 0, [28.749950503453924, 0], [11.73, 0.0]], "8": [3, [106, 110, 115], 12, [28.74995063241041, 7.499983668911199], [224.25000000000003, 0.0]], "15": [16, [126, 126, 127], 0, [0, 22.499950630440047], [11.73, 0.0]], "16": [19, [127, 156, 156], 12, [0, 44.37493442580774], [1200.6000000000001, 0.0]]}, "3": {"0": [19, [63, 63, 63], 0, [0, 0], [0, 0]]}}, "order_fulfillment": {"postponed_orders": [], "serviced_orders": [1, 2, 3, 4, 5, 6, 7, 8, 9, 10, 11, 12, 13, 14, 15, 16, 17, 18]}, "vessels": {"fleet_vessels": 3, "chartered_vessels": 0}, "objective": {"objective_bound": 5864.7629, "fuel_costs": 6584.67, "charter_costs": 0.0, "penalty_costs": 0.0009, "optimality_gap": 0.09591180705292167}, "variables": {"number_of_variables": 131376, "number_of_bin_variables": 131216, "number_of_arcs": 131136, "number_of_cont_variables": 160}, "runtime": {"preprocess_runtime": 9.9641, "model_runtime": 3600.1576}}