{"instance_info": {"installation_ordering": "Random", "number_of_installations": 9, "weather_scenario": 0, "fleet_size": 3, "order_composition": {"1": {"order": "MD_STC", "size": 26.25, "installation": 23, "node": 1}, "2": {"order": "OD_STC", "size": 17.5, "installation": 23, "node": 2}, "3": {"order": "MD_TRB", "size": 10.0, "installation": 2, "node": 3}, "4": {"order": "OP_TRB", "size": 15.0, "installation": 2, "node": 4}, "5": {"order": "MD_SSC", "size": 11.25, "installation": 12, "node": 5}, "6": {"order": "OD_SSC", "size": 7.5, "installation": 12, "node": 6}, "7": {"order": "MD_GFC", "size": 13.125, "installation": 26, "node": 7}, "8": {"order": "OP_GFC", "size": 26.25, "installation": 26, "node": 8}, "9": {"order": "MD_SDO", "size": 15.0, "installation": 6, "node": 9}, "10": {"order": "OD_SDO", "size": 25.0, "installation": 6, "node": 10}, "11": {"order": "MD_WEL", "size": 11.25, "installation": 17, "node": 11}, "12": {"order": "OP_WEL", "size": 11.25, "installation": 17, "node": 12}, "13": {"order": "MD_GFB", "size": 21.875, "installation": 25, "node": 13}, "14": {"order": "OD_GFB", "size": 17.5, "installation": 25, "node": 14}, "15": {"order": "MD_DSD", "size": 10.0, "installation": 14, "node": 15}, "16": {"order": "OP_DSD", "size": 25.0, "installation": 14, "node": 16}, "17": {"order": "MD_OSC", "size": 11.25, "installation": 10, "node": 17}, "18": {"order": "OD_OSC", "size": 7.5, "installation": 10, "node": 18}}}, "voyages": {"0": {"0": [13, [63, 91, 100], 12, [107.5, 0], [1264.77, 0.0]], "1": [2, [121, 121, 128], 0, [41.875, 0], [82.11000000000001, 0.0]], "2": [7, [128, 131, 137], 12, [24.375, 0], [194.58000000000004, 0.0]], "7": [8, [137, 137, 138], 0, [11.25, 0], [11.73, 0.0]], "8": [11, [138, 141, 146], 12, [11.25, 26.25], [182.85000000000002, 0.0]], "11": [12, [146, 146, 147], 0, [0, 26.25], [11.73, 0.0]], "12": [19, [147, 174, 174], 12, [0, 37.5], [1117.8000000000002, 0.0]], "13": [14, [100, 100, 107], 0, [85.625, 0], [82.11000000000001, 0.0]], "14": [1, [107, 110, 121], 12, [68.125, 0], [253.23000000000002, 0.0]]}, "1": {"0": [19, [63, 63, 63], 0, [0, 0], [0, 0]]}, "2": {"0": [9, [63, 77, 83], 12, [97.5, 0], [649.98, 0.0]], "3": [4, [153, 153, 154], 0, [0, 24.999999999999996], [11.73, 0.0]], "4": [19, [154, 169, 169], 12, [0, 40.0], [621.0, 0.0]], "5": [6, [105, 105, 108], 0, [46.2499999999999, 0], [35.190000000000005, 0.0]], "6": [17, [108, 110, 115], 12, [38.7499999999999, 0], [141.45000000000002, 0.0]], "9": [10, [83, 83, 93], 0, [82.50000000000028, 0], [117.30000000000001, 0.0]], "10": [5, [93, 100, 105], 12, [57.4999999999999, 0], [348.45000000000005, 0.0]], "15": [16, [132, 132, 133], 0, [10.000000000000002, 0], [11.73, 0.0]], "16": [3, [133, 149, 153], 12, [10.000000000000002, 25.0], [709.32, 0.0]], "17": [18, [115, 115, 118], 0, [27.499999999999904, 0], [35.190000000000005, 0.0]], "18": [15, [118, 128, 132], 12, [19.999999999999904, 0], [460.9200000000001, 0.0]]}, "3": {"0": [19, [63, 63, 63], 0, [0, 0], [0, 0]]}}, "order_fulfillment": {"postponed_orders": [], "serviced_orders": [1, 2, 3, 4, 5, 6, 7, 8, 9, 10, 11, 12, 13, 14, 15, 16, 17, 18]}, "vessels": {"fleet_vessels": 2, "chartered_vessels": 0}, "objective": {"objective_bound": 6343.17, "fuel_costs": 6343.17, "charter_costs": 0.0, "penalty_costs": 0.0, "optimality_gap": 0.0}, "variables": {"number_of_variables": 125308, "number_of_bin_variables": 125148, "number_of_arcs": 125068, "number_of_cont_variables": 160}, "runtime": {"preprocess_runtime": 9.5853, "model_runtime": 1053.5625}}