{"instance_info": {"installation_ordering": "Random", "number_of_installations": 9, "weather_scenario": 0, "fleet_size": 3, "order_composition": {"1": {"order": "MD_WEL", "size": 18.75, "installation": 17, "node": 1}, "2": {"order": "OD_WEL", "size": 18.75, "installation": 17, "node": 2}, "3": {"order": "MD_SEQ", "size": 15.0, "installation": 7, "node": 3}, "4": {"order": "OP_SEQ", "size": 20.0, "installation": 7, "node": 4}, "5": {"order": "MD_OSB", "size": 18.75, "installation": 9, "node": 5}, "6": {"order": "OD_OSB", "size": 15.0, "installation": 9, "node": 6}, "7": {"order": "MD_STB", "size": 13.125, "installation": 22, "node": 7}, "8": {"order": "OP_STB", "size": 17.5, "installation": 22, "node": 8}, "9": {"order": "MD_TRO", "size": 15.0, "installation": 1, "node": 9}, "10": {"order": "OD_TRO", "size": 18.75, "installation": 1, "node": 10}, "11": {"order": "MD_SEN", "size": 20.0, "installation": 5, "node": 11}, "12": {"order": "OP_SEN", "size": 20.0, "installation": 5, "node": 12}, "13": {"order": "MD_CPR", "size": 20.0, "installation": 4, "node": 13}, "14": {"order": "OD_CPR", "size": 20.0, "installation": 4, "node": 14}, "15": {"order": "MD_VFB", "size": 22.5, "installation": 18, "node": 15}, "16": {"order": "OP_VFB", "size": 15.0, "installation": 18, "node": 16}, "17": {"order": "MD_STC", "size": 17.5, "installation": 23, "node": 17}, "18": {"order": "OD_STC", "size": 13.125, "installation": 23, "node": 18}}}, "voyages": {"0": {"0": [13, [63, 77, 85], 12, [107.5, 0], [673.44, 0.0]], "5": [6, [110, 110, 116], 0, [48.75, 0], [70.38000000000001, 0.0]], "6": [9, [116, 125, 131], 12, [33.75, 0], [442.98, 0.0]], "9": [10, [131, 131, 139], 0, [18.75, 0], [93.84, 0.0]], "10": [19, [139, 153, 153], 12, [0, 0], [579.6, 0.0]], "13": [14, [85, 85, 93], 0, [87.5, 0], [93.84, 0.0]], "14": [5, [93, 102, 110], 12, [67.5, 0], [466.44000000000005, 0.0]]}, "1": {"0": [1, [63, 90, 98], 12, [103.75, 0], [1211.64, 0.0]], "1": [2, [98, 98, 106], 0, [84.99999999999999, 0], [93.84, 0.0]], "2": [17, [106, 112, 119], 12, [66.25, 0], [330.51000000000005, 0.0]], "7": [8, [132, 132, 133], 0, [22.5, 0], [11.73, 0.0]], "8": [15, [133, 146, 155], 12, [22.5, 17.499999999999986], [643.7700000000001, 0.0]], "15": [16, [155, 155, 156], 0, [0, 17.499999999999872], [11.73, 0.0]], "16": [19, [156, 177, 177], 12, [0, 32.49999999999987], [869.4000000000001, 0.0]], "17": [18, [119, 119, 125], 0, [48.75, 0], [70.38000000000001, 0.0]], "18": [7, [125, 126, 132], 12, [35.625, 0], [111.78000000000002, 0.0]]}, "2": {"0": [11, [63, 77, 85], 12, [34.99999999999999, 0], [673.44, 0.0]], "3": [4, [93, 93, 94], 0, [0, 19.99999999999899], [11.73, 0.0]], "4": [19, [94, 107, 107], 12, [0, 39.99999999999899], [538.2, 0.0]], "11": [12, [85, 85, 86], 0, [14.999999999998694, 0], [11.73, 0.0]], "12": [3, [86, 87, 93], 12, [14.999999999998916, 19.999999999999996], [111.78000000000002, 0.0]]}, "3": {"0": [19, [63, 63, 63], 0, [0, 0], [0, 0]]}}, "order_fulfillment": {"postponed_orders": [], "serviced_orders": [1, 2, 3, 4, 5, 6, 7, 8, 9, 10, 11, 12, 13, 14, 15, 16, 17, 18]}, "vessels": {"fleet_vessels": 3, "chartered_vessels": 0}, "objective": {"objective_bound": 7122.18, "fuel_costs": 7122.18, "charter_costs": 0.0, "penalty_costs": 0.0, "optimality_gap": 0.0}, "variables": {"number_of_variables": 128176, "number_of_bin_variables": 128016, "number_of_arcs": 127936, "number_of_cont_variables": 160}, "runtime": {"preprocess_runtime": 9.9694, "model_runtime": 948.7433}}