{"instance_info": {"installation_ordering": "Random", "number_of_installations": 10, "weather_scenario": 0, "fleet_size": 3, "order_composition": {"1": {"order": "MD_WEL", "size": 18.75, "installation": 17, "node": 1}, "2": {"order": "OD_WEL", "size": 15.0, "installation": 17, "node": 2}, "3": {"order": "MD_SEQ", "size": 15.0, "installation": 7, "node": 3}, "4": {"order": "OP_SEQ", "size": 20.0, "installation": 7, "node": 4}, "5": {"order": "MD_OSB", "size": 18.75, "installation": 9, "node": 5}, "6": {"order": "OD_OSB", "size": 7.5, "installation": 9, "node": 6}, "7": {"order": "MD_STB", "size": 13.125, "installation": 22, "node": 7}, "8": {"order": "OP_STB", "size": 13.125, "installation": 22, "node": 8}, "9": {"order": "MD_TRO", "size": 22.5, "installation": 1, "node": 9}, "10": {"order": "OD_TRO", "size": 18.75, "installation": 1, "node": 10}, "11": {"order": "MD_SEN", "size": 20.0, "installation": 5, "node": 11}, "12": {"order": "OP_SEN", "size": 20.0, "installation": 5, "node": 12}, "13": {"order": "MD_CPR", "size": 20.0, "installation": 4, "node": 13}, "14": {"order": "OD_CPR", "size": 20.0, "installation": 4, "node": 14}, "15": {"order": "MD_VFB", "size": 7.5, "installation": 18, "node": 15}, "16": {"order": "OP_VFB", "size": 15.0, "installation": 18, "node": 16}, "17": {"order": "MD_STC", "size": 8.75, "installation": 23, "node": 17}, "18": {"order": "OD_STC", "size": 13.125, "installation": 23, "node": 18}, "19": {"order": "MD_SOD", "size": 7.5, "installation": 27, "node": 19}, "20": {"order": "OP_SOD", "size": 15.0, "installation": 27, "node": 20}}}, "voyages": {"0": {"0": [5, [63, 86, 94], 12, [102.50000300230143, 0], [1046.04, 0.0]], "1": [2, [117, 117, 123], 0, [57.499867340821545, 0], [70.38000000000001, 0.0]], "2": [17, [123, 129, 133], 12, [42.499867340821545, 0], [295.32000000000005, 0.0]], "5": [6, [94, 94, 97], 0, [83.74986734082154, 0], [35.190000000000005, 0.0]], "6": [1, [97, 109, 117], 12, [76.24986734082154, 0], [590.6400000000001, 0.0]], "7": [8, [146, 146, 147], 0, [7.499911805381383, 0], [11.73, 0.0]], "8": [15, [147, 160, 163], 12, [7.499955764503194, 13.124956040878185], [573.3900000000001, 0.0]], "15": [16, [163, 163, 164], 0, [0, 13.124911806756394], [11.73, 0.0]], "16": [21, [164, 185, 185], 12, [0, 28.124911806756398], [869.4000000000001, 0.0]], "17": [18, [133, 133, 139], 0, [33.74986768267625, 0], [70.38000000000001, 0.0]], "18": [7, [139, 140, 146], 12, [20.624867581306987, 0], [111.78000000000002, 0.0]]}, "1": {"0": [11, [63, 77, 85], 12, [42.49999698705594, 0], [673.44, 0.0]], "3": [4, [93, 93, 94], 0, [7.499912640360039, 19.999999999998824], [11.73, 0.0]], "4": [19, [94, 95, 98], 12, [7.499954765980716, 39.99995787437814], [76.59, 0.0]], "11": [12, [85, 85, 86], 0, [22.499954765980718, 0], [11.73, 0.0]], "12": [3, [86, 87, 93], 12, [22.49991264036004, 20.0], [111.78000000000002, 0.0]], "19": [20, [98, 98, 99], 0, [0, 39.99991565330292], [11.73, 0.0]], "20": [21, [99, 111, 111], 12, [0, 54.99986783070892], [496.80000000000007, 0.0]]}, "2": {"0": [13, [63, 77, 85], 12, [81.25, 0], [673.44, 0.0]], "9": [10, [132, 132, 140], 0, [18.75, 0], [93.84, 0.0]], "10": [21, [140, 154, 154], 12, [0, 0], [579.6, 0.0]], "13": [14, [85, 85, 93], 0, [61.2499999999995, 0], [93.84, 0.0]], "14": [9, [93, 95, 132], 12, [41.2499999999995, 0], [420.21000000000004, 0.0]]}, "3": {"0": [21, [63, 63, 63], 0, [0, 0], [0, 0]]}}, "order_fulfillment": {"postponed_orders": [], "serviced_orders": [1, 2, 3, 4, 5, 6, 7, 8, 9, 10, 11, 12, 13, 14, 15, 16, 17, 18, 19, 20]}, "vessels": {"fleet_vessels": 3, "chartered_vessels": 0}, "objective": {"objective_bound": 5828.4953, "fuel_costs": 6940.71, "charter_costs": 0.0, "penalty_costs": 0.001, "optimality_gap": 0.13919927421415096}, "variables": {"number_of_variables": 160656, "number_of_bin_variables": 160480, "number_of_arcs": 160392, "number_of_cont_variables": 176}, "runtime": {"preprocess_runtime": 12.3117, "model_runtime": 3600.113}}