{"instance_info": {"installation_ordering": "Random", "number_of_installations": 10, "weather_scenario": 0, "fleet_size": 3, "order_composition": {"1": {"order": "MD_VFB", "size": 15.0, "installation": 18, "node": 1}, "2": {"order": "OD_VFB", "size": 15.0, "installation": 18, "node": 2}, "3": {"order": "MD_VMO", "size": 15.0, "installation": 16, "node": 3}, "4": {"order": "OP_VMO", "size": 22.5, "installation": 16, "node": 4}, "5": {"order": "MD_TRO", "size": 15.0, "installation": 1, "node": 5}, "6": {"order": "OD_TRO", "size": 22.5, "installation": 1, "node": 6}, "7": {"order": "MD_HUL", "size": 5.0, "installation": 20, "node": 7}, "8": {"order": "OP_HUL", "size": 15.0, "installation": 20, "node": 8}, "9": {"order": "MD_SOD", "size": 15.0, "installation": 27, "node": 9}, "10": {"order": "OD_SOD", "size": 11.25, "installation": 27, "node": 10}, "11": {"order": "MD_SEQ", "size": 25.0, "installation": 7, "node": 11}, "12": {"order": "OP_SEQ", "size": 25.0, "installation": 7, "node": 12}, "13": {"order": "MD_OSB", "size": 22.5, "installation": 9, "node": 13}, "14": {"order": "OD_OSB", "size": 22.5, "installation": 9, "node": 14}, "15": {"order": "MD_GFA", "size": 21.875, "installation": 24, "node": 15}, "16": {"order": "OP_GFA", "size": 26.25, "installation": 24, "node": 16}, "17": {"order": "MD_CPR", "size": 15.0, "installation": 4, "node": 17}, "18": {"order": "OD_CPR", "size": 30.0, "installation": 4, "node": 18}, "19": {"order": "MD_SDO", "size": 15.0, "installation": 6, "node": 19}, "20": {"order": "OP_SDO", "size": 25.0, "installation": 6, "node": 20}}}, "voyages": {"0": {"0": [9, [63, 75, 81], 12, [108.75, 0], [567.1800000000001, 0.0]], "5": [6, [131, 131, 140], 0, [22.5, 0], [105.57000000000001, 0.0]], "6": [21, [140, 154, 154], 12, [0, 0], [579.6, 0.0]], "9": [10, [81, 81, 86], 0, [93.74999999999997, 0], [58.650000000000006, 0.0]], "10": [13, [86, 98, 107], 12, [82.49999999999997, 0], [602.3700000000001, 0.0]], "13": [14, [107, 107, 116], 0, [60.0, 0], [105.57000000000001, 0.0]], "14": [5, [116, 125, 131], 12, [37.5, 0], [442.98, 0.0]]}, "1": {"0": [17, [63, 77, 83], 12, [85.0, 0], [649.98, 0.0]], "11": [12, [114, 114, 115], 0, [0, 24.999999999998337], [11.73, 0.0]], "12": [21, [115, 128, 128], 12, [0, 49.999999999998344], [538.2, 0.0]], "17": [18, [83, 83, 95], 0, [69.99999999999822, 0], [140.76000000000002, 0.0]], "18": [19, [95, 97, 103], 12, [39.999999999998224, 0], [153.18, 0.0]], "19": [20, [103, 103, 104], 0, [24.999999999998224, 0], [11.73, 0.0]], "20": [11, [104, 104, 114], 12, [24.99999999999859, 25.000000000000004], [117.30000000000001, 0.0]]}, "2": {"0": [1, [63, 84, 90], 12, [71.875, 0], [939.7800000000001, 0.0]], "1": [2, [90, 90, 96], 0, [56.87500000000198, 0], [70.38000000000001, 0.0]], "2": [7, [96, 98, 100], 12, [41.87500000000198, 0], [106.26000000000002, 0.0]], "3": [4, [111, 111, 112], 0, [21.875000000002313, 14.999999999999797], [11.73, 0.0]], "4": [15, [112, 115, 124], 12, [21.874999999999996, 37.49999999999967], [229.77000000000004, 0.0]], "7": [8, [100, 100, 101], 0, [36.87500000000198, 0], [11.73, 0.0]], "8": [3, [101, 105, 111], 12, [36.87500000000204, 15.0], [235.98000000000002, 0.0]], "15": [16, [124, 124, 125], 0, [0, 37.49999999999959], [11.73, 0.0]], "16": [21, [125, 154, 154], 12, [0, 63.74999999999959], [1200.6000000000001, 0.0]]}, "3": {"0": [21, [63, 63, 63], 0, [0, 0], [0, 0]]}}, "order_fulfillment": {"postponed_orders": [], "serviced_orders": [1, 2, 3, 4, 5, 6, 7, 8, 9, 10, 11, 12, 13, 14, 15, 16, 17, 18, 19, 20]}, "vessels": {"fleet_vessels": 3, "chartered_vessels": 0}, "objective": {"objective_bound": 5751.9677, "fuel_costs": 6902.76, "charter_costs": 0.0, "penalty_costs": 0.0, "optimality_gap": 0.13994143616237256}, "variables": {"number_of_variables": 163460, "number_of_bin_variables": 163284, "number_of_arcs": 163196, "number_of_cont_variables": 176}, "runtime": {"preprocess_runtime": 12.9934, "model_runtime": 3600.1741}}