{"instance_info": {"installation_ordering": "Random", "number_of_installations": 4, "weather_scenario": 0, "fleet_size": 1, "order_composition": {"1": {"order": "MD_VFB", "size": 15.0, "installation": 18, "node": 1}, "2": {"order": "OD_VFB", "size": 18.75, "installation": 18, "node": 2}, "3": {"order": "MD_VMO", "size": 15.0, "installation": 16, "node": 3}, "4": {"order": "OP_VMO", "size": 18.75, "installation": 16, "node": 4}, "5": {"order": "MD_TRO", "size": 18.75, "installation": 1, "node": 5}, "6": {"order": "OD_TRO", "size": 15.0, "installation": 1, "node": 6}, "7": {"order": "MD_HUL", "size": 5.0, "installation": 20, "node": 7}, "8": {"order": "OP_HUL", "size": 10.0, "installation": 20, "node": 8}}}, "voyages": {"0": {"0": [1, [63, 84, 90], 12, [87.5, 0], [939.7800000000001, 0.0]], "1": [2, [90, 90, 98], 0, [72.49999999999986, 0], [93.84, 0.0]], "2": [7, [98, 100, 102], 12, [53.749999999999865, 0], [106.26000000000002, 0.0]], "3": [4, [113, 113, 114], 0, [33.75000000000007, 9.999999999999995], [11.73, 0.0]], "4": [5, [114, 129, 137], 12, [33.74999999999999, 28.749999999999993], [714.84, 0.0]], "5": [6, [137, 137, 143], 0, [15.0, 28.75], [70.38000000000001, 0.0]], "6": [9, [143, 157, 157], 12, [0, 28.750000000000004], [579.6, 0.0]], "7": [8, [102, 102, 103], 0, [48.74999999999985, 0], [11.73, 0.0]], "8": [3, [103, 107, 113], 12, [48.74999999999986, 9.999999999999998], [235.98000000000002, 0.0]]}, "1": {"0": [9, [63, 63, 63], 0, [0, 0], [0, 0]]}}, "order_fulfillment": {"postponed_orders": [], "serviced_orders": [1, 2, 3, 4, 5, 6, 7, 8]}, "vessels": {"fleet_vessels": 1, "chartered_vessels": 0}, "objective": {"objective_bound": 2764.14, "fuel_costs": 2764.14, "charter_costs": 0.0, "penalty_costs": 0.0, "optimality_gap": 0.0}, "variables": {"number_of_variables": 12520, "number_of_bin_variables": 12480, "number_of_arcs": 12460, "number_of_cont_variables": 40}, "runtime": {"preprocess_runtime": 0.9935, "model_runtime": 3.8901}}