{"instance_info": {"installation_ordering": "Random", "number_of_installations": 4, "weather_scenario": 0, "fleet_size": 1, "order_composition": {"1": {"order": "MD_STC", "size": 17.5, "installation": 23, "node": 1}, "2": {"order": "OD_STC", "size": 17.5, "installation": 23, "node": 2}, "3": {"order": "MD_TRB", "size": 20.0, "installation": 2, "node": 3}, "4": {"order": "OP_TRB", "size": 20.0, "installation": 2, "node": 4}, "5": {"order": "MD_SSC", "size": 5.625, "installation": 12, "node": 5}, "6": {"order": "OD_SSC", "size": 5.625, "installation": 12, "node": 6}, "7": {"order": "MD_GFC", "size": 17.5, "installation": 26, "node": 7}, "8": {"order": "OP_GFC", "size": 21.875, "installation": 26, "node": 8}}}, "voyages": {"0": {"0": [1, [63, 95, 102], 12, [83.75, 0], [1406.9100000000003, 0.0]], "1": [2, [102, 102, 109], 0, [66.25000000000016, 0], [82.11000000000001, 0.0]], "2": [7, [109, 112, 119], 12, [48.749999999998906, 0], [206.31000000000003, 0.0]], "3": [4, [150, 150, 151], 0, [0, 21.87499999999902], [11.73, 0.0]], "4": [9, [151, 166, 166], 12, [0, 41.87499999999891], [621.0, 0.0]], "5": [6, [134, 134, 137], 0, [25.625000000000007, 21.875], [35.190000000000005, 0.0]], "6": [3, [137, 142, 150], 12, [20.000000000000007, 21.875], [300.84000000000003, 0.0]], "7": [8, [119, 119, 120], 0, [31.249999999998906, 0], [11.73, 0.0]], "8": [5, [120, 131, 134], 12, [31.249999999999016, 21.875], [490.59000000000003, 0.0]]}, "1": {"0": [9, [63, 63, 63], 0, [0, 0], [0, 0]]}}, "order_fulfillment": {"postponed_orders": [], "serviced_orders": [1, 2, 3, 4, 5, 6, 7, 8]}, "vessels": {"fleet_vessels": 1, "chartered_vessels": 0}, "objective": {"objective_bound": 3166.41, "fuel_costs": 3166.41, "charter_costs": 0.0, "penalty_costs": 0.0, "optimality_gap": 0.0}, "variables": {"number_of_variables": 12106, "number_of_bin_variables": 12066, "number_of_arcs": 12046, "number_of_cont_variables": 40}, "runtime": {"preprocess_runtime": 0.991, "model_runtime": 2.3483}}