{
  "instance_info": {
    "installation_ordering": "Random",
    "number_of_installations": 4,
    "weather_scenario": 0,
    "fleet_size": 1,
    "order_composition": {
      "1": {
        "order": "MD_VFB",
        "size": 15.0,
        "installation": 18,
        "node": 1
      },
      "2": {
        "order": "OD_VFB",
        "size": 7.5,
        "installation": 18,
        "node": 2
      },
      "3": {
        "order": "MD_VMO",
        "size": 8.125,
        "installation": 16,
        "node": 3
      },
      "4": {
        "order": "OP_VMO",
        "size": 10.0,
        "installation": 16,
        "node": 4
      },
      "5": {
        "order": "MD_TRO",
        "size": 11.25,
        "installation": 1,
        "node": 5
      },
      "6": {
        "order": "MD_SEQ",
        "size": 10.0,
        "installation": 7,
        "node": 6
      },
      "7": {
        "order": "MD_HUL",
        "size": 7.5,
        "installation": 20,
        "node": 7
      },
      "8": {
        "order": "MD_SOD",
        "size": 11.25,
        "installation": 27,
        "node": 8
      }
    }
  },
  "voyages": {
    "0": {
      "0": [
        8,
        [
          63,
          78,
          83
        ],
        10.0,
        [
          70.625,
          0
        ],
        [
          418.0250000000001,
          0.0
        ]
      ],
      "1": [
        2,
        [
          103,
          103,
          106
        ],
        0,
        [
          34.37499999999994,
          0
        ],
        [
          35.190000000000005,
          0.0
        ]
      ],
      "2": [
        7,
        [
          106,
          108,
          111
        ],
        11.0,
        [
          26.874999999999915,
          0
        ],
        [
          98.96708333333333,
          0.0
        ]
      ],
      "3": [
        4,
        [
          120,
          120,
          121
        ],
        0,
        [
          11.249999999999922,
          0
        ],
        [
          11.73,
          0.0
        ]
      ],
      "4": [
        5,
        [
          121,
          139,
          144
        ],
        10.0,
        [
          11.249999999999922,
          10.0
        ],
        [
          489.9000000000002,
          0.0
        ]
      ],
      "5": [
        9,
        [
          144,
          161,
          161
        ],
        10.0,
        [
          0,
          9.999999999999973
        ],
        [
          407.2916666666668,
          0.0
        ]
      ],
      "6": [
        1,
        [
          88,
          97,
          103
        ],
        10.0,
        [
          49.37499999999994,
          0
        ],
        [
          286.0050000000001,
          0.0
        ]
      ],
      "7": [
        3,
        [
          111,
          116,
          120
        ],
        10.0,
        [
          19.37499999999991,
          0
        ],
        [
          166.7116666666667,
          0.0
        ]
      ],
      "8": [
        6,
        [
          83,
          84,
          88
        ],
        10.0,
        [
          59.37499999999994,
          0
        ],
        [
          70.87833333333334,
          0.0
        ]
      ]
    },
    "1": {
      "0": [
        9,
        [
          63,
          63,
          63
        ],
        0,
        [
          0,
          0
        ],
        [
          0,
          0
        ]
      ]
    }
  },
  "order_fulfillment": {
    "postponed_orders": [],
    "serviced_orders": [
      1,
      2,
      3,
      4,
      5,
      6,
      7,
      8
    ]
  },
  "vessels": {
    "fleet_vessels": 1,
    "chartered_vessels": 0
  },
  "objective": {
    "objective_bound": 1984.6988,
    "fuel_costs": 1984.6988,
    "charter_costs": 0.0,
    "penalty_costs": 0.0,
    "optimality_gap": 0.0
  },
  "variables": {
    "number_of_variables": 56398,
    "number_of_bin_variables": 56358,
    "number_of_arcs": 56338,
    "number_of_cont_variables": 40
  },
  "runtime": {
    "preprocess_runtime": 4.8504,
    "model_runtime": 26.2674
  }
}