{
  "instance_info": {
    "installation_ordering": "Random",
    "number_of_installations": 4,
    "weather_scenario": 0,
    "fleet_size": 1,
    "order_composition": {
      "1": {
        "order": "MD_VFB",
        "size": 11.25,
        "installation": 18,
        "node": 1
      },
      "2": {
        "order": "MD_GFA",
        "size": 10.0,
        "installation": 24,
        "node": 2
      },
      "3": {
        "order": "MD_VMO",
        "size": 10.0,
        "installation": 16,
        "node": 3
      },
      "4": {
        "order": "MD_OSB",
        "size": 7.5,
        "installation": 9,
        "node": 4
      },
      "5": {
        "order": "MD_TRO",
        "size": 15.0,
        "installation": 1,
        "node": 5
      },
      "6": {
        "order": "MD_SEQ",
        "size": 8.125,
        "installation": 7,
        "node": 6
      },
      "7": {
        "order": "MD_HUL",
        "size": 7.5,
        "installation": 20,
        "node": 7
      },
      "8": {
        "order": "MD_SOD",
        "size": 10.0,
        "installation": 27,
        "node": 8
      }
    }
  },
  "voyages": {
    "0": {
      "0": [
        8,
        [
          63,
          78,
          82
        ],
        10.0,
        [
          79.375,
          0
        ],
        [
          406.29500000000013,
          0.0
        ]
      ],
      "1": [
        4,
        [
          131,
          138,
          141
        ],
        10.0,
        [
          22.499901760198984,
          0
        ],
        [
          202.8983333333334,
          0.0
        ]
      ],
      "2": [
        3,
        [
          109,
          112,
          116
        ],
        10.0,
        [
          51.24970518181852,
          0
        ],
        [
          118.79500000000003,
          0.0
        ]
      ],
      "3": [
        7,
        [
          116,
          121,
          124
        ],
        10.0,
        [
          41.249791635104515,
          0
        ],
        [
          154.9816666666667,
          0.0
        ]
      ],
      "4": [
        5,
        [
          141,
          152,
          158
        ],
        10.0,
        [
          14.999913538581842,
          0
        ],
        [
          333.92166666666674,
          0.0
        ]
      ],
      "5": [
        9,
        [
          158,
          175,
          175
        ],
        10.0,
        [
          0,
          0
        ],
        [
          407.2916666666668,
          0.0
        ]
      ],
      "6": [
        2,
        [
          87,
          105,
          109
        ],
        10.0,
        [
          61.249618705302645,
          0
        ],
        [
          478.1700000000002,
          0.0
        ]
      ],
      "7": [
        1,
        [
          124,
          126,
          131
        ],
        11.0,
        [
          33.74981527600422,
          0
        ],
        [
          122.42708333333334,
          0.0
        ]
      ],
      "8": [
        6,
        [
          82,
          83,
          87
        ],
        10.0,
        [
          69.37461870530264,
          0
        ],
        [
          70.87833333333334,
          0.0
        ]
      ]
    },
    "1": {
      "0": [
        9,
        [
          63,
          63,
          63
        ],
        0,
        [
          0,
          0
        ],
        [
          0,
          0
        ]
      ]
    }
  },
  "order_fulfillment": {
    "postponed_orders": [],
    "serviced_orders": [
      1,
      2,
      3,
      4,
      5,
      6,
      7,
      8
    ]
  },
  "vessels": {
    "fleet_vessels": 1,
    "chartered_vessels": 0
  },
  "objective": {
    "objective_bound": 2295.6573,
    "fuel_costs": 2295.6588,
    "charter_costs": 0.0,
    "penalty_costs": 0.0015,
    "optimality_gap": 0.0
  },
  "variables": {
    "number_of_variables": 82272,
    "number_of_bin_variables": 82232,
    "number_of_arcs": 82212,
    "number_of_cont_variables": 40
  },
  "runtime": {
    "preprocess_runtime": 6.5923,
    "model_runtime": 81.8629
  }
}