{
  "instance_info": {
    "installation_ordering": "Random",
    "number_of_installations": 4,
    "weather_scenario": 0,
    "fleet_size": 1,
    "order_composition": {
      "1": {
        "order": "MD_VFB",
        "size": 11.25,
        "installation": 18,
        "node": 1
      },
      "2": {
        "order": "OD_VFB",
        "size": 7.5,
        "installation": 18,
        "node": 2
      },
      "3": {
        "order": "MD_VMO",
        "size": 11.25,
        "installation": 16,
        "node": 3
      },
      "4": {
        "order": "OP_VMO",
        "size": 11.25,
        "installation": 16,
        "node": 4
      },
      "5": {
        "order": "MD_TRO",
        "size": 11.25,
        "installation": 1,
        "node": 5
      },
      "6": {
        "order": "OD_TRO",
        "size": 10.0,
        "installation": 1,
        "node": 6
      },
      "7": {
        "order": "MD_HUL",
        "size": 7.5,
        "installation": 20,
        "node": 7
      },
      "8": {
        "order": "MD_SOD",
        "size": 7.5,
        "installation": 27,
        "node": 8
      }
    }
  },
  "voyages": {
    "0": {
      "0": [
        8,
        [
          63,
          78,
          81
        ],
        10.0,
        [
          66.25,
          0
        ],
        [
          394.5650000000001,
          0.0
        ]
      ],
      "1": [
        2,
        [
          97,
          97,
          100
        ],
        0,
        [
          47.50000000000002,
          0
        ],
        [
          35.190000000000005,
          0.0
        ]
      ],
      "2": [
        7,
        [
          100,
          102,
          105
        ],
        11.0,
        [
          40.0,
          0
        ],
        [
          98.96708333333333,
          0.0
        ]
      ],
      "3": [
        4,
        [
          115,
          115,
          116
        ],
        0,
        [
          21.25,
          0
        ],
        [
          11.73,
          0.0
        ]
      ],
      "4": [
        5,
        [
          116,
          134,
          139
        ],
        10.0,
        [
          21.25,
          11.25
        ],
        [
          489.9000000000002,
          0.0
        ]
      ],
      "5": [
        6,
        [
          139,
          139,
          143
        ],
        0,
        [
          10.0,
          11.25
        ],
        [
          46.92,
          0.0
        ]
      ],
      "6": [
        9,
        [
          143,
          160,
          160
        ],
        10.0,
        [
          0,
          11.25
        ],
        [
          407.2916666666668,
          0.0
        ]
      ],
      "7": [
        3,
        [
          105,
          110,
          115
        ],
        10.0,
        [
          32.5,
          0
        ],
        [
          178.44166666666672,
          0.0
        ]
      ],
      "8": [
        1,
        [
          81,
          92,
          97
        ],
        10.0,
        [
          58.75000000000001,
          0
        ],
        [
          322.1916666666667,
          0.0
        ]
      ]
    },
    "1": {
      "0": [
        9,
        [
          63,
          63,
          63
        ],
        0,
        [
          0,
          0
        ],
        [
          0,
          0
        ]
      ]
    }
  },
  "order_fulfillment": {
    "postponed_orders": [],
    "serviced_orders": [
      1,
      2,
      3,
      4,
      5,
      6,
      7,
      8
    ]
  },
  "vessels": {
    "fleet_vessels": 1,
    "chartered_vessels": 0
  },
  "objective": {
    "objective_bound": 1985.1971,
    "fuel_costs": 1985.1971,
    "charter_costs": 0.0,
    "penalty_costs": 0.0,
    "optimality_gap": 0.0
  },
  "variables": {
    "number_of_variables": 42888,
    "number_of_bin_variables": 42848,
    "number_of_arcs": 42828,
    "number_of_cont_variables": 40
  },
  "runtime": {
    "preprocess_runtime": 3.6553,
    "model_runtime": 13.7954
  }
}