{
  "instance_info": {
    "installation_ordering": "Random",
    "number_of_installations": 4,
    "weather_scenario": 0,
    "fleet_size": 1,
    "order_composition": {
      "1": {
        "order": "MD_VFB",
        "size": 7.5,
        "installation": 18,
        "node": 1
      },
      "2": {
        "order": "OD_VFB",
        "size": 11.25,
        "installation": 18,
        "node": 2
      },
      "3": {
        "order": "MD_VMO",
        "size": 10.0,
        "installation": 16,
        "node": 3
      },
      "4": {
        "order": "OP_VMO",
        "size": 8.125,
        "installation": 16,
        "node": 4
      },
      "5": {
        "order": "MD_TRO",
        "size": 11.25,
        "installation": 1,
        "node": 5
      },
      "6": {
        "order": "OD_TRO",
        "size": 12.5,
        "installation": 1,
        "node": 6
      },
      "7": {
        "order": "MD_HUL",
        "size": 7.5,
        "installation": 20,
        "node": 7
      },
      "8": {
        "order": "OP_HUL",
        "size": 10.0,
        "installation": 20,
        "node": 8
      }
    }
  },
  "voyages": {
    "0": {
      "0": [
        1,
        [
          63,
          88,
          91
        ],
        10.0,
        [
          60.0,
          0
        ],
        [
          634.1483333333335,
          0.0
        ]
      ],
      "1": [
        2,
        [
          91,
          91,
          96
        ],
        0,
        [
          52.5,
          0
        ],
        [
          58.650000000000006,
          0.0
        ]
      ],
      "2": [
        3,
        [
          96,
          104,
          108
        ],
        10.0,
        [
          41.25,
          0
        ],
        [
          238.5866666666667,
          0.0
        ]
      ],
      "3": [
        4,
        [
          108,
          108,
          109
        ],
        0,
        [
          31.24999999999984,
          0
        ],
        [
          11.73,
          0.0
        ]
      ],
      "4": [
        7,
        [
          109,
          114,
          117
        ],
        10.0,
        [
          31.249999999999847,
          8.125
        ],
        [
          154.9816666666667,
          0.0
        ]
      ],
      "5": [
        6,
        [
          136,
          136,
          141
        ],
        0,
        [
          12.5,
          18.12499999999956
        ],
        [
          58.650000000000006,
          0.0
        ]
      ],
      "6": [
        9,
        [
          141,
          158,
          158
        ],
        10.0,
        [
          0,
          18.124999999999545
        ],
        [
          407.2916666666668,
          0.0
        ]
      ],
      "7": [
        8,
        [
          117,
          117,
          118
        ],
        0,
        [
          23.749999999999844,
          8.125
        ],
        [
          11.73,
          0.0
        ]
      ],
      "8": [
        5,
        [
          118,
          131,
          136
        ],
        10.0,
        [
          23.75,
          18.12499999999973
        ],
        [
          370.10833333333346,
          0.0
        ]
      ]
    },
    "1": {
      "0": [
        9,
        [
          63,
          63,
          63
        ],
        0,
        [
          0,
          0
        ],
        [
          0,
          0
        ]
      ]
    }
  },
  "order_fulfillment": {
    "postponed_orders": [],
    "serviced_orders": [
      1,
      2,
      3,
      4,
      5,
      6,
      7,
      8
    ]
  },
  "vessels": {
    "fleet_vessels": 1,
    "chartered_vessels": 0
  },
  "objective": {
    "objective_bound": 1945.8767,
    "fuel_costs": 1945.8767,
    "charter_costs": 0.0,
    "penalty_costs": 0.0,
    "optimality_gap": 0.0
  },
  "variables": {
    "number_of_variables": 27330,
    "number_of_bin_variables": 27290,
    "number_of_arcs": 27270,
    "number_of_cont_variables": 40
  },
  "runtime": {
    "preprocess_runtime": 2.7206,
    "model_runtime": 6.6075
  }
}