{
  "instance_info": {
    "installation_ordering": "Random",
    "number_of_installations": 4,
    "weather_scenario": 0,
    "fleet_size": 1,
    "order_composition": {
      "1": {
        "order": "MD_VFB",
        "size": 7.5,
        "installation": 18,
        "node": 1
      },
      "2": {
        "order": "OD_VFB",
        "size": 7.5,
        "installation": 18,
        "node": 2
      },
      "3": {
        "order": "MD_VMO",
        "size": 12.5,
        "installation": 16,
        "node": 3
      },
      "4": {
        "order": "MD_OSB",
        "size": 15.0,
        "installation": 9,
        "node": 4
      },
      "5": {
        "order": "MD_TRO",
        "size": 10.0,
        "installation": 1,
        "node": 5
      },
      "6": {
        "order": "MD_SEQ",
        "size": 7.5,
        "installation": 7,
        "node": 6
      },
      "7": {
        "order": "MD_HUL",
        "size": 12.5,
        "installation": 20,
        "node": 7
      },
      "8": {
        "order": "MD_SOD",
        "size": 8.125,
        "installation": 27,
        "node": 8
      }
    }
  },
  "voyages": {
    "0": {
      "0": [
        8,
        [
          63,
          78,
          82
        ],
        10.0,
        [
          80.625,
          0
        ],
        [
          406.29500000000013,
          0.0
        ]
      ],
      "1": [
        2,
        [
          121,
          121,
          124
        ],
        0,
        [
          32.49995815956133,
          0
        ],
        [
          35.190000000000005,
          0.0
        ]
      ],
      "2": [
        4,
        [
          124,
          131,
          137
        ],
        10.0,
        [
          24.99996852607304,
          0
        ],
        [
          238.08833333333342,
          0.0
        ]
      ],
      "3": [
        7,
        [
          106,
          111,
          116
        ],
        10.0,
        [
          52.499929156015604,
          0
        ],
        [
          178.44166666666672,
          0.0
        ]
      ],
      "4": [
        5,
        [
          137,
          148,
          152
        ],
        10.0,
        [
          9.99997116424712,
          0
        ],
        [
          310.46166666666676,
          0.0
        ]
      ],
      "5": [
        9,
        [
          152,
          169,
          169
        ],
        10.0,
        [
          0,
          0
        ],
        [
          407.2916666666668,
          0.0
        ]
      ],
      "6": [
        3,
        [
          86,
          101,
          106
        ],
        10.0,
        [
          64.99990027558358,
          0
        ],
        [
          418.0250000000001,
          0.0
        ]
      ],
      "7": [
        1,
        [
          116,
          118,
          121
        ],
        11.0,
        [
          39.999929289215785,
          0
        ],
        [
          98.96708333333333,
          0.0
        ]
      ],
      "8": [
        6,
        [
          82,
          83,
          86
        ],
        10.0,
        [
          72.49987141766981,
          0
        ],
        [
          59.14833333333334,
          0.0
        ]
      ]
    },
    "1": {
      "0": [
        9,
        [
          63,
          63,
          63
        ],
        0,
        [
          0,
          0
        ],
        [
          0,
          0
        ]
      ]
    }
  },
  "order_fulfillment": {
    "postponed_orders": [],
    "serviced_orders": [
      1,
      2,
      3,
      4,
      5,
      6,
      7,
      8
    ]
  },
  "vessels": {
    "fleet_vessels": 1,
    "chartered_vessels": 0
  },
  "objective": {
    "objective_bound": 2151.9082,
    "fuel_costs": 2151.9088,
    "charter_costs": 0.0,
    "penalty_costs": 0.0006,
    "optimality_gap": 0.0
  },
  "variables": {
    "number_of_variables": 68174,
    "number_of_bin_variables": 68134,
    "number_of_arcs": 68114,
    "number_of_cont_variables": 40
  },
  "runtime": {
    "preprocess_runtime": 5.6724,
    "model_runtime": 49.3242
  }
}