{"instance_info": {"installation_ordering": "Random", "number_of_installations": 2, "weather_scenario": 0, "fleet_size": 1, "order_composition": {"1": {"order": "MD_STC", "size": 17.5, "installation": 23, "node": 1}, "2": {"order": "MD_CPR", "size": 20.0, "installation": 4, "node": 2}, "3": {"order": "MD_SSC", "size": 7.5, "installation": 12, "node": 3}, "4": {"order": "MD_GFC", "size": 17.5, "installation": 26, "node": 4}, "5": {"order": "MD_SDO", "size": 20.0, "installation": 6, "node": 5}}}, "voyages": {"0": {"0": [5, [63, 77, 85], 12, [82.5, 0], [673.44, 0.0]], "1": [4, [110, 113, 120], 12, [44.999999999999986, 0], [206.31000000000003, 0.0]], "2": [6, [148, 162, 162], 12, [0, 0], [579.6, 0.0]], "3": [2, [134, 140, 148], 12, [19.999999999999986, 0], [342.24, 0.0]], "4": [3, [120, 131, 134], 12, [27.499999999999986, 0], [490.59000000000003, 0.0]], "5": [1, [85, 103, 110], 12, [62.499999999999986, 0], [827.3100000000001, 0.0]]}, "1": {"0": [6, [63, 63, 63], 0, [0, 0], [0, 0]]}}, "order_fulfillment": {"postponed_orders": [], "serviced_orders": [1, 2, 3, 4, 5]}, "vessels": {"fleet_vessels": 1, "chartered_vessels": 0}, "objective": {"objective_bound": 3119.49, "fuel_costs": 3119.49, "charter_costs": 0.0, "penalty_costs": 0.0, "optimality_gap": 0.0}, "variables": {"number_of_variables": 10218, "number_of_bin_variables": 10190, "number_of_arcs": 10176, "number_of_cont_variables": 28}, "runtime": {"preprocess_runtime": 0.8223, "model_runtime": 2.3303}}