{"instance_info": {"installation_ordering": "Random", "number_of_installations": 2, "weather_scenario": 3, "fleet_size": 1, "order_composition": {"1": {"order": "MD_STC", "size": 17.5, "installation": 23, "node": 1}, "2": {"order": "MD_CPR", "size": 20.0, "installation": 4, "node": 2}, "3": {"order": "MD_SSC", "size": 7.5, "installation": 12, "node": 3}, "4": {"order": "MD_GFC", "size": 17.5, "installation": 26, "node": 4}, "5": {"order": "MD_SDO", "size": 20.0, "installation": 6, "node": 5}}}, "voyages": {"0": {"0": [5, [63, 78, 86], 11.0, [82.5, 0], [613.457725, 0.0]], "1": [6, [130, 168, 168], 10.0, [0, 0], [1292.0386904761908, 0.0]], "2": [3, [95, 100, 103], 14.0, [42.49999999999892, 0], [379.38193333333345, 0.0]], "3": [4, [103, 113, 120], 13.0, [34.99999999999892, 0], [644.6029833333332, 0.0]], "4": [1, [120, 123, 130], 12.0, [17.499999999999133, 0], [260.03340000000003, 0.0]], "5": [2, [86, 87, 95], 14.0, [62.49999999999892, 0], [200.8712666666667, 0.0]]}, "1": {"0": [6, [63, 63, 63], 0, [0, 0], [0, 0]]}}, "order_fulfillment": {"postponed_orders": [], "serviced_orders": [1, 2, 3, 4, 5]}, "vessels": {"fleet_vessels": 1, "chartered_vessels": 0}, "objective": {"objective_bound": 3390.386, "fuel_costs": 3390.386, "charter_costs": 0.0, "penalty_costs": 0.0, "optimality_gap": 0.0}, "variables": {"number_of_variables": 5392, "number_of_bin_variables": 5364, "number_of_arcs": 5350, "number_of_cont_variables": 28}, "runtime": {"preprocess_runtime": 0.8278, "model_runtime": 0.2848}}